Speed1,E1,N1,Speed2,Alt2,E2,N2,U2,IVS1,rel_speed,slope,acceleration
0.1718244376889674,21527.405913635903,67543.58216694168,0.0150000009365199,312.1720000001428,21530.105172449432,67556.36867121876,-230.5983428594999,7.46830860403754,-0.5645679723088111,0.0,-1.4656193249205642
0.2104077715992884,21527.40604186516,67543.5451203048,0.021999999978787,312.1699999998482,21530.105165709432,67556.3686500025,-230.6003427360395,7.5045100417640755,-0.6782679778338051,-15.0,-1.4587731663779457
0.2793433224357315,21527.40610598164,67543.52659698774,0.0120000003304155,312.17399999967694,21530.112957934467,67556.36871908192,-230.5963694798856,7.524296071652351,-0.9624359595791377,15.0,-1.43937411730608
0.3657699886148144,21527.393270246288,67543.4895059522,0.0269999967281089,312.1739999998701,21530.11295793633,67556.36871908196,-230.59636947969892,7.563237898531012,-1.21957197079214,5.721496811813907,-1.4215788310559354
0.4588844302074342,21527.393462590582,67543.43393600034,0.0430000005429961,312.17699999966135,21530.105189297512,67556.36872426093,-230.5933431696953,7.615983091676752,-1.497183946791977,15.0,-1.4003765696907213
0.5808077613820861,21527.3806909716,67543.37832164232,0.0309999995234051,312.1789999995139,21530.11297478268,67556.36877212394,-230.59136978977628,7.6746818620928385,-1.9793079426912514,14.222905106781672,-1.3589082038335927
0.7037599832493694,21527.36798346573,67543.30418396983,0.0489999989962052,312.1839999995228,21530.11299163189,67556.36882516481,-230.58637009883083,7.7499033474386945,-2.357135943311391,15.0,-1.3193160491572522
0.8503766437769805,21527.35527595929,67543.23004629758,0.048999997396369,312.1850000000284,21530.11299500137,67556.36883577495,-230.5853701618535,7.8250811262197635,-2.8849559269702016,15.0,-1.2507508028512244
1.0319755345940993,21527.342696683136,67543.1188619915,0.0839999976319127,312.18599999957445,21530.11303684507,67556.35773184527,-230.5842524392756,7.925622337543201,-3.4127119330638718,5.747996146997643,-1.157216018469899
1.1893955287642917,21527.317153441105,67543.00763327909,0.070000003800425,312.1919999989135,21530.11301858809,67556.36891003049,-230.5783705957841,8.050662194472263,-4.02982388986992,15.0,-0.9785901257481884
1.427583305529998,21527.29173842585,67542.85935793306,0.0430000033327398,312.19500000122486,21530.12080744416,67556.36896850415,-230.57539727492545,8.20265225573154,-4.98449988791013,15.0,-0.03562561962826248
1.5988933099092493,21527.266323409505,67542.71108258514,0.0210000022021564,312.183999999346,21530.12077037852,67556.36885181136,-230.58639659515896,8.35286808278634,-5.680415907745535,-15.0,7.368165772264314e-16
1.8108444148418423,21527.241036621595,67542.52576060682,0.019999996940623,312.20099999902544,21530.120827663413,67556.36903215351,-230.5693976483936,8.539638027897832,-6.44703990444439,15.0,6.859230692803454e-16
2.0433732998647,21527.20284997961,67542.3218709023,0.0469999997949591,312.1940000006116,21530.11302532792,67556.36893124995,-230.57637071719952,8.745348548160429,-7.186943880251068,-15.0,6.508380653909262e-16
2.2800177561990345,21527.16472744764,67542.09945788272,0.0280000007274905,312.19500000089545,21530.12084591844,67556.35785396678,-230.57527949068825,8.961610326582877,-8.107263919697559,4.60097360887734,6.1440733706894e-16
2.441553296062932,21527.12666902717,67541.85852154765,0.0679999889998974,312.1839999997512,21530.113030105866,67556.35771062928,-230.5862523153416,9.203541350542968,-8.544791905426925,-15.0,5.485005668277105e-16
2.7975488554196284,21527.088738832823,67541.58053857676,0.1449999970727686,312.1989999985197,21530.12089787028,67556.34678186671,-230.5711619572984,9.47434672967572,-9.549175890048696,15.0,3.9891824383892494e-16
2.940564418752883,21527.03790877893,67541.28398788231,0.1399999942881439,312.20099999945813,21530.120943084494,67556.33568854803,-230.5690442935768,9.764204940693856,-10.082031928073063,10.807387508630159,0.030245323039567642
3.245629959419748,21526.987142833685,67540.96891387345,0.2409999879121422,312.20999999930814,21530.121088832417,67556.30244041857,-230.5596914998809,10.050516088384237,-10.816667897427381,15.0,0.24893072620317472
3.4915344150178367,21526.92354113984,67540.61674882643,0.2710000023707288,312.20999999975794,21530.121165780965,67556.28021134617,-230.5594559302561,10.386521242991243,-11.593923885529588,0.6071580024621126,0.4421683316208957
3.7436121839812495,21526.860003549977,67540.24606046105,0.291999982458514,312.2159999992913,21530.113522673983,67556.24690474644,-230.55307645346733,10.728270102355983,-12.425803925481848,10.574569856421508,0.5820414648028583
4.024498860946076,21526.79653006696,67539.85684877863,0.4919999804789276,312.2170000003117,21530.105901191968,67556.20243056944,-230.5515788802089,11.077229425870351,-12.716995969681733,1.9008954651089232,0.6455454953256484
4.213814408872667,21526.72022082821,67539.43054606019,0.5469999948877086,312.21499999985764,21530.098308074867,67556.14681003135,-230.5529633418585,11.45417704257564,-13.200531890345848,-1.4127674540097288,0.7176961905997529
4.568266622196525,21526.64397568992,67538.98572002385,0.6269999866751477,312.2179999998639,21530.09077028041,67556.08012799747,-230.54923032621804,11.838439635405686,-14.18855988787696,3.1839706215218633,0.805737441760534
4.827546637776884,21526.56785876481,67538.50384735539,0.7589999747057231,312.21500000068755,21530.07543352021,67556.01335567009,-230.5514704450836,12.257378365464447,-14.646767987056178,-1.87274463903701,0.8619352913356785
5.04721441535342,21526.491805942347,67538.00345136753,0.976999976272584,312.208000001336,21530.06019870308,67555.91319730609,-230.5573569655741,12.661775008972969,-14.652771980691012,-3.3253643312107566,0.8933041897761089
5.278199967306104,21526.38988926343,67537.48444325825,1.1069999826665349,312.1970000010831,21530.037210131657,67555.80185532628,-230.5670989588613,13.077005498365018,-15.01631994470245,-4.897641824101927,0.9397029468163872
5.573491063142345,21526.301000654745,67536.9469562376,1.2779999741180894,312.195999999077,21530.022110952355,67555.66841700378,-230.56663250695755,13.487685953681236,-15.46376792048732,0.19901438961276802,0.9872269692383823
5.914567750945772,21526.19934038776,67536.35385486284,1.4699999775503858,312.2030000002433,21529.991519706844,67555.52389572095,-230.5579957756907,13.941522215264044,-16.00044398422339,3.3460190808471975,1.0400298571266788
6.043693302860497,21526.084716118334,67535.76070908637,1.61699998177535,312.1959999999512,21529.968736979463,67555.35702349557,-230.5631491112485,14.377516273894,-15.93609595590653,-1.752593424152585,1.0658195403898871
6.387342184159732,21525.97022004608,67535.13051667916,1.774999974819651,312.2029999999522,21529.93822267792,67555.19027314188,-230.55427682357137,14.848444298530614,-16.604431953624292,2.996007826289395,1.1371553811972335
6.578201082658169,21525.85578806139,67534.48180095272,1.9759999769741268,312.19600000024064,21529.91555536832,67554.99005731313,-230.55907682043537,15.306226094889196,-16.567923980462552,-1.3646379610670267,1.1690044725119355
6.877093291691535,21525.728456178444,67533.81451751411,2.1289999773070187,312.20099999987684,21529.88518821926,67554.77882760015,-230.55173329276573,15.772428936432313,-17.09313593178426,1.9708736144068217,1.2417141192413994
7.135344419239988,21525.588288498308,67533.11014303961,2.3029999846214384,312.1940000010432,21529.84707882926,67554.54521487365,-230.5561269674621,16.254052246977153,-17.39643996462678,-1.0634108271784621,1.3066810954466206
7.315399969195767,21525.448184893296,67532.38724524918,2.39299997987238,312.1909999999031,21529.80898291495,67554.31164458083,-230.55652090159188,16.75387763765521,-17.7206399615642,-0.09537336095687464,1.3838698236691434
7.600916631046059,21525.308145363408,67531.64582414649,2.6039999768774065,312.1910000005311,21529.763233776368,67554.04473586201,-230.55353519139425,17.237667543060233,-17.98889995500715,0.6316874185935594,1.464924425616922
7.8030933138334575,21525.168234016204,67530.86735641147,2.7279999800675414,312.18699999955624,21529.71747115501,67553.77778471012,-230.5545492462126,17.757724276409316,-18.270336001557297,-0.21451657550756628,1.5557940495581388
7.960513304788108,21525.015358641704,67530.08884427707,2.91799997862571,312.19400000005726,21529.67182254076,67553.48872117419,-230.5443284332694,18.258685941259536,-18.153047974184634,2.000273537559833,1.6137682414261891
8.223394411898044,21524.84958333906,67529.29176443246,3.0369999832970875,312.1830000017962,21529.62615174393,67553.18835216419,-230.55198873833703,18.76929442857153,-18.67101994296344,-1.4443036916809033,1.7413914325997215
8.42145553197402,21524.68393620633,67528.45763795885,3.1939999790457483,312.17300000106417,21529.572782505744,67552.86573804736,-230.5583870710693,19.292893927179144,-18.81883999054178,-1.1209545997963521,1.8333054196088687
8.61334330597287,21524.5053891362,67527.60494376913,3.333999983031457,312.1640000014637,21529.52723385581,67552.53204664525,-230.56369419912804,19.82792524342025,-19.00563596258909,-0.9028021136124578,1.9339438907464102
8.810375534752882,21524.326842015795,67526.75224958392,3.4949999696683127,312.15300000099944,21529.473938184856,67552.1871928514,-230.57085694853103,20.350509397571308,-19.13535203430445,-1.175928562101804,1.9841190633767565
8.929726652093505,21524.135394948767,67525.8809876924,3.740999977178353,312.1470000012684,21529.412957546265,67551.82013638236,-230.5727579789753,20.87058937254876,-18.679416029694547,-0.2927270615778083,1.9353377263165508
9.054222204829308,21523.944011930715,67524.991202485,3.841999984380808,312.13300000183665,21529.352026889766,67551.43076598209,-230.5824229822574,21.386981004065152,-18.763999993614604,-1.404822050787256,1.9571196323845184
9.186434426999904,21523.739664852623,67524.10137288699,4.021999974120863,312.1210000016722,21529.283324211632,67551.04139015278,-230.59006163920444,21.904484895556177,-18.591964030364547,-1.1067753028526148,1.9477855607393004
9.327392201289191,21523.535381814945,67523.19301998071,4.20199997664384,312.11000000057663,21529.21474030989,67550.61868133165,-230.59634706065967,22.40753494062401,-18.451412008723263,-0.8408957796519808,1.942953163640703
9.493043313172803,21523.331162822124,67522.26614376191,4.3779999782937065,312.10800000116984,21529.14622519624,67550.18495344138,-230.59351529407485,22.91797475861869,-18.41415600556475,0.3694915860328789,1.9496001714521896
9.613937765949064,21523.10107984547,67521.32065543842,4.534999978290704,312.0910000022679,21529.077736475712,67549.72883737284,-230.60544708146543,23.43007449688289,-18.2841760355701,-1.4818842733736843,1.9468918715240884
9.67824332748848,21522.88389670808,67520.39373483599,4.716999974397737,312.08200000004445,21529.001534416355,67549.26166498408,-230.60923513383992,23.90903051888653,-17.860476071126673,-0.4585115468410298,1.9173299482650121
9.737404430764986,21522.65381359139,67519.44824653193,4.904999977637995,312.08200000111566,21528.92543961456,67548.7723589931,-230.6037882330289,24.38727837950018,-17.39665603125717,0.6302093069782422,1.8884445919794355
9.887107755638986,21522.4237945026,67518.48423491849,5.049999983177868,312.06500000222644,21528.84154723327,67548.27173150169,-230.6151960537738,24.87101085960689,-17.41358798086003,-1.2874305708521607,1.8988095560470575
10.039383315997105,21522.180875421112,67517.50165560115,5.197999973531697,312.0540000010764,21528.765492285027,67547.76007976767,-230.620513013918,25.366585415337948,-17.42898003287547,-0.5889121718953501,1.9006227101696445
10.161306649569816,21521.93795626112,67516.51907629175,5.432999970924488,312.04400000178987,21528.673998591352,67547.21504174813,-230.62442378030948,25.826367298403945,-17.021904043123183,-0.4054301595951103,1.8532609812401308
10.295062206661608,21521.68213709854,67515.51792928285,5.598999984017534,312.0280000020576,21528.582523135487,67546.65882555426,-230.6342164566899,26.29624974891664,-16.905824001518667,-0.9952714014158722,1.839608333550477
10.40875442575092,21521.413353825534,67514.51673789002,5.719999979334968,312.013000002259,21528.483310742933,67546.09147879372,-230.6428649841901,26.756584398691288,-16.87951600709743,-0.8602858345842713,1.8365090026974602
10.57697775642434,21521.14463455882,67513.49702319532,5.882999986113355,311.9910000035679,21528.39189197969,67545.51296989768,-230.65842185820344,27.22595898633961,-16.898319973119545,-1.521517156104068,1.8387237837937902
10.711762206285114,21520.8759792982,67512.45878519327,5.987999969942237,311.9680000013145,21528.277172016144,67544.92325593761,-230.6747814818591,27.697440057127643,-17.005544050834356,-1.559844165836888,1.851381199657198
10.843459979516773,21520.594424010444,67511.40197949151,6.294999970761727,311.96999999950407,21528.18602643001,67544.28942893374,-230.66575113535268,28.15228522799996,-16.374456031518164,0.8079471054069964,1.7778629319252368
11.007567758400976,21520.29990458811,67510.34512941333,6.378999992133119,311.96000000384333,21528.07146563873,67543.66650925878,-230.66875838744733,28.615661851971424,-16.662843958564284,-0.27204085465561667,1.811161882439788
11.137207759328284,21520.01841319315,67509.26980042357,6.499999979477226,311.9220000041497,21527.95688741966,67543.02106354365,-230.6995284488736,29.07228194460072,-16.693948007463806,-2.6874187927557327,1.8147818446955843
11.323436634632843,21519.71105771703,67508.17585935166,6.676999971801496,311.9030000021546,21527.842411665584,67542.36470482049,-230.7111819975524,29.5425108882137,-16.72717198619285,-1.0020476203512105,1.8186552157644282
11.549277761020416,21519.39080217669,67507.06335058236,6.895999976194433,311.8899999999261,21527.72025427594,67541.6861540282,-230.71657397708825,30.01064855801499,-16.75180002537354,-0.44807799633982254,1.8215309923091085
11.588375549595282,21519.07048243174,67505.96936515032,7.028999983763198,311.89400000170974,21527.60600984094,67540.98558111204,-230.7047580561096,30.44151229389305,-16.413752036995504,0.9536689854394593,1.7823742162835252
11.724188860124643,21518.73732670368,67504.83828871752,7.186999973397037,311.8650000031426,21527.47613513252,67540.27349038488,-230.7257694291088,30.896853151494213,-16.333879992219384,-1.662700718678017,1.7732125409850863
11.960833306629173,21518.404234937687,67503.68868898098,7.378999983852192,311.85200000237575,21527.3385740005,67539.55042818155,-230.73063763050988,31.35790514868137,-16.49459996199713,-0.378955816402904,1.791680429730498
12.104363318132291,21518.07120713435,67502.52056594446,7.473999977341503,311.83200000044326,21527.208844958408,67538.80508931883,-230.7422964689921,31.817416553110288,-16.66930802684684,-0.8828949629879483,1.8119136943920164
12.225257760412068,21517.72521515145,67501.35239853736,7.706999976567496,311.83000000458355,21527.063657459992,67538.04877354231,-230.73578576869045,32.26595361606066,-16.265728021840463,0.4843715258624739,1.7654188209333328
12.358498872750552,21517.37928711813,67500.1657078371,7.817999979836947,311.7800000018658,21526.92612544396,67537.28086082032,-230.7771809363856,32.723318005971144,-16.34579601448898,-3.0373680661024087,1.7745774182408143
12.48865331073848,21517.033423036908,67498.96049383543,8.042999970825532,311.7970000010431,21526.773376988684,67536.48026177648,-230.75117411314528,33.163380777904784,-16.00435202368661,1.8276096877877956,1.7357039616570449
12.671795537747569,21516.66163069857,67497.75519108614,8.205999982912804,311.76200000110293,21526.620491764323,67535.66799672862,-230.77704642689176,33.598976331166945,-16.076863997405155,-1.7929104049210276,1.7439222665820493
12.74536110306838,21516.28990229372,67496.53136504305,8.34099997924489,311.77700000248456,21526.46781342266,67534.84514740968,-230.7528041937445,34.042600749525874,-15.855700045764564,1.6592175863261174,1.7185816059334627
12.855452199320515,21515.90520967472,67495.30749464022,8.497999984124395,311.7180000064376,21526.30714542148,67534.01037215679,-230.8024132499897,34.47633959510496,-15.686827974706036,-3.3398205498619364,1.6992250051756508
13.0463110913236,21515.52058098205,67494.06510094536,8.613999975843456,311.7059999999707,21526.14667419013,67533.16498080826,-230.80490759605132,34.91807574601836,-15.956320015728522,-0.1660863364839257,1.730167812892556
13.14868554119188,21515.11008806861,67492.80409519655,8.82399998316145,311.6920000040062,21525.97071555685,67532.29728590821,-230.8091134559275,35.35931325139095,-15.568868008909547,-0.27217990284900034,1.685760063866189
13.272152209794438,21514.71255905692,67491.54313385101,8.913999972422626,311.6600000022685,21525.79473469624,67531.418285605,-230.83120059033584,35.786499541574095,-15.689348054538522,-1.4114037498656973,1.6995131318945518
13.33131332489596,21514.30206580947,67490.28212815423,9.183999984193042,311.65400000200987,21525.618956777857,67530.50621742,-230.8269362392812,36.18575568840622,-14.930328026530509,0.2630425203303923,1.6132665233874581
13.440889979180117,21513.87867238784,67489.00255479108,9.16799998987416,311.62500000360194,21525.427466831483,67529.61608113452,-230.84585309509723,36.62360921511746,-15.382403961501447,-1.1902247062633982,1.6645487558665113
13.61374331290049,21513.442378777727,67487.70441376326,9.411999965740144,311.6060000026573,21525.2361259136,67528.69270730298,-230.85441749186845,37.05129164284536,-15.12627604977725,-0.5203556521650993,1.6355095825516832
13.72434887884264,21513.01904906787,67486.40631713507,9.582999982444523,311.57900000403333,21525.037056135112,67527.74699294243,-230.8707195733403,37.45210761480874,-14.908856027033222,-0.9663846838702973,1.6108190733872725
13.786082214375432,21512.569791007296,67485.10813179193,9.739999974215774,311.5570000006729,21524.838041603816,67526.79021707836,-230.88190438106253,37.85004265273506,-14.565896064574767,-0.6557290212561223,1.5717647255324647
13.856561100020928,21512.120596822057,67483.79142316162,9.91799998759423,311.55600000241486,21524.63135743769,67525.82252272965,-230.8719464149866,38.253534202841294,-14.17882000473611,0.5765723957380101,1.5275921025849188
13.962022204534524,21511.65843835457,67482.47467019019,9.967999984759157,311.5190000047802,21524.40903282028,67524.84327885309,-230.8978156641656,38.6456400028189,-14.378479991191321,-1.4757250299712579,1.5504066883624288
14.084459991299438,21511.183315592243,67481.15787288552,10.160999976765437,311.496000002323,21524.19457254724,67523.85309554536,-230.90959470398928,39.03378591965948,-14.124456052322405,-0.6661050810301226,1.535026819336006
14.123043321829432,21510.708256688547,67479.82255229735,10.295999977897656,311.4790000018192,21523.9568345158,67522.85178142186,-230.91517708292932,39.42265400323083,-13.777356038154391,-0.310784310328323,1.5126457164417426
14.265544427182164,21510.23326164161,67478.46870842426,10.493999979306809,311.4650000027198,21523.734779477687,67521.81720879469,-230.9174596171921,39.80246103729141,-13.57756001235128,-0.12359426623167025,1.502039301939027
14.354543321868428,21509.74523822184,67477.13334353798,10.595999985613666,311.4390000032037,21523.48934757204,67520.78242903137,-230.93166212063,40.16180947296529,-13.530756010517145,-0.7651194967494601,1.5053248348209225
14.46463442843093,21509.244314542848,67475.77941100854,10.734999982362025,311.4200000023689,21523.243977625083,67519.73660897129,-230.938747515818,40.53269793923353,-13.42668400584806,-0.3779093767204183,1.5037114243161556
14.581927762906536,21508.730490592632,67474.40691083156,10.861999979125354,311.4010000024378,21522.983088469668,67518.67962112052,-230.9456623972723,40.91031522764437,-13.391740021612257,-0.36390654664893557,1.5094587561737391
14.670926660130725,21508.203702298186,67473.0343663306,11.0289999842937,311.3810000033809,21522.72227277777,67517.60039361416,-230.953341967629,41.27130973858488,-13.11093603301329,-0.39629073667986486,1.48959477974153
14.710538878754752,21507.68987788274,67471.66186623876,11.108999985489929,311.3530000031252,21522.44583399572,67516.5321425693,-230.96908597958003,41.63430891615322,-12.965540015753366,-0.8174478472933132,1.4834668253853174
14.824745541453687,21507.163153176483,67470.27079850952,11.268999978273849,311.337000001619,21522.177329714385,67515.43070180662,-230.97250427362115,41.990359978829645,-12.800684027447419,-0.1727564112192498,1.4749329918151268
14.915802207129804,21506.6234641076,67468.87968646093,11.406999982784765,311.32300000233954,21521.8933129385,67514.3181144556,-230.9737522083324,42.33557157211291,-12.631688007642143,-0.06226895831636611,1.4486298766482657
15.043384431955614,21506.09680296761,67467.47009550278,11.529999986694357,311.3050000017612,21521.593724985163,67513.20543144557,-230.9789471323129,42.68949726201686,-12.648184002940527,-0.25830324908564806,1.444228427453097
15.097401103904929,21505.55717746211,67466.06046022625,11.641999976975114,311.2910000033435,21521.29418885592,67512.0816763278,-230.9800248012835,43.037494374964304,-12.439444056947332,-0.05309231107290975,1.4126503923476337
15.187428872884016,21505.004587578096,67464.65078064095,11.831999985247322,311.2610000023713,21520.979118035004,67510.9354692722,-230.99681331780013,43.363844058756094,-12.0795439954921,-0.8091438621464192,1.360282049106626
15.300606657032352,21504.45206148408,67463.22257778439,11.873999989706382,311.25400000189626,21520.664124565865,67509.78950606714,-230.9906034764604,43.70831369109399,-12.335784002373492,0.29937273871422,1.3891841270544147
15.352565544386144,21503.899535133613,67461.7943749756,12.03099997666996,311.229000002789,21520.3335512,67508.63218426402,-231.00222207275368,44.03725680382411,-11.95763604377826,-0.5530669363393098,1.334467542052334
15.458026658333177,21503.34707256716,67460.34764889977,12.177999982541492,311.2150000024802,21519.99527440637,67507.463837926,-231.00269739635647,44.3709705012281,-11.808096032850067,-0.022390290977161817,1.31000435724576
15.494552210201096,21502.794609741217,67458.90092287178,12.300999985730035,311.1930000016144,21519.657047450168,67506.27317773995,-231.0109370617999,44.68391727762473,-11.49678800809582,-0.38140520152284113,1.2620389204715408
15.64322664934908,21502.22924654931,67457.43562922117,12.39799998696664,311.1860000026055,21519.311092075783,67505.082649952,-231.00415141119893,45.01647983724767,-11.682815984576782,0.31359345338162653,1.2855252114819975
15.719878880468713,21501.663883085897,67455.97033561763,12.512999981977902,311.1540000034952,21518.94953320022,67503.88068938784,-231.0221937978042,45.33324747412786,-11.544764034566917,-0.823543602300918,1.2628421718967335
15.800132210750055,21501.09851935301,67454.50504207054,12.646999985890393,311.1370000029413,21518.580284343807,67502.66774668607,-231.0250931893553,45.637273767021405,-11.351276009494786,-0.13102167915062352,1.2318127531038152
15.87215443812276,21500.53321938289,67453.02122525297,12.741999983214033,311.105000004263,21518.195427197712,67501.45459175405,-231.0429389390684,45.95331779353835,-11.268556037671416,-0.803323075655056,1.2169109893131766
15.930286651583696,21499.96791914074,67451.53740848697,12.876999989696936,311.07700000389127,21517.802843008936,67500.23033809256,-231.0566410279735,46.25639693383268,-10.991831982792338,-0.6106145325536805,1.1717254730209072
16.070729987549278,21499.389718495306,67450.03502410655,12.934999981133414,311.0490000024751,21517.40251829984,67498.99494330263,-231.07019920929784,46.56832989933254,-11.288628023097111,-0.598163967917633,1.2155404331193713
16.114972213536962,21498.81151756526,67448.53263978005,13.154999974998333,311.0380000017456,21516.994548763185,67497.73747303891,-231.0664968627049,46.857013254444205,-10.655900058739066,0.1604607354668515,1.115806544615212
16.22506331904506,21498.233380378828,67447.01173218813,13.265999986892698,311.0170000033014,21516.57098774408,67496.47984355525,-231.0727412095233,47.15757657543139,-10.652627995748501,-0.2696015248613418,1.1141439901472612
16.307374433631765,21497.65524290585,67445.49082464784,13.361999994888654,310.99200000338743,21516.14745153008,67495.21105718112,-231.08286791092152,47.44774550313246,-10.603347979475197,-0.4337631737126616,1.1051670200211963
16.390199991727158,21497.077169168537,67443.95139384545,13.388999984542954,310.9680000026658,21515.723918514228,67493.9422814442,-231.0919949530683,47.75531936059861,-10.804320025863136,-0.3909488063249678,1.1356799984294808
16.421581109495012,21496.49909514124,67442.41196309187,13.590999975671023,310.95300000148984,21515.277156050768,67492.65129218102,-231.0918080545721,48.03399816207741,-10.19009208176636,0.007838690713638189,1.0341895542204518
16.462222208253078,21495.92102082405,67440.8725323939,13.705999986409186,310.9400000025384,21514.82262130646,67491.3602975234,-231.089595092312,48.30997058585425,-9.922399998638012,0.09263949602742416,1.0000000000000007
16.584659992493215,21495.342946217123,67439.3331017474,13.810999990935908,310.9160000031188,21514.368087780225,67490.05807179557,-231.0982640739577,48.57544275670075,-9.985176005606304,-0.3601097883837204,1.0000000000000009
16.595463324217793,21494.76493533388,67437.7751478391,13.868999984832907,310.895000002937,21513.89026612032,67488.74468348915,-231.1037364492335,48.83961647616243,-9.815268021785588,-0.22434249483709842,1.0000000000000007
16.731276652169694,21494.1999523608,67436.19871500054,14.024999984451805,310.87100000306737,21513.412434156377,67487.43126343626,-231.1122089432245,49.11648267170607,-9.742596003784401,-0.3473229469661872,1.0000000000000004
16.770888886033422,21493.62200490745,67434.62223787581,14.09699998645118,310.84900000313536,21512.92686833544,67486.10672346747,-231.11853772862543,49.38481616420199,-9.62600003849607,-0.2570359547517381,1.0000000000000007
16.826448876853508,21493.04405715304,67433.04576080332,14.240999983585766,310.82400000313845,21512.433551814032,67484.77101059459,-231.12772250905968,49.63996713592483,-9.307616015763871,-0.36957792269571965,1.0000000000000004
16.930881098303963,21492.47913731076,67431.45080480183,14.316999991389608,310.80200000307144,21511.93250478723,67483.42418840763,-231.13376366215527,49.89473947691185,-9.409971984891682,-0.24086970896443108,1.0000000000000007
17.00959110133348,21491.90131697969,67429.8372812001,14.407999984210033,310.7780000029357,21511.41589313309,67482.07729182664,-231.14175206878448,50.16591604831768,-9.365728021644413,-0.31727834988850345,1.0000000000000004
17.08469999054885,21491.33646054941,67428.22380197883,14.534999984849788,310.75900000233275,21510.899336528368,67480.71933374908,-231.1446234597541,50.42220071015089,-9.178920020516617,-0.11323548264236208,1.0000000000000004
17.158265543814654,21490.7586396134,67426.61027848299,14.636999985034016,310.7430000016958,21510.36727055256,67479.35023973683,-231.1443247726116,50.66723665122611,-9.076556011610295,0.011650980687645194,1.0000000000000004
17.254466655342213,21490.19384658545,67424.97827604665,14.7469999904128,310.7300000024583,21509.83525287786,67477.97006302973,-231.1409089595956,50.91472665424343,-9.02687999374589,0.13231198452917212,1.0000000000000007
17.328032211521727,21489.629053258464,67423.34627366149,14.794999990218036,310.7050000036481,21509.295415724173,67476.58973260141,-231.1494662784658,51.15941976905305,-9.118915996693286,-0.3308008100607267,1.0000000000000004
17.428348873625655,21489.064323628547,67421.69574801017,14.913999982036405,310.68300000172053,21508.75562686648,67475.19831948707,-231.1549064866317,51.411161870716754,-9.051656009721302,-0.20885115379962946,1.0000000000000004
17.526607770259382,21488.499593694392,67420.04522240753,15.0359999854948,310.6750000014411,21508.20036563261,67473.79588699213,-231.1461773295497,51.64730874240159,-8.966188025152492,0.3315788332250142,1.0000000000000004
17.564676657577092,21487.93492745089,67418.37617353951,15.129999989769995,310.65700000289297,21507.64507048304,67472.39334859588,-231.1474479100119,51.90082555423734,-8.764836004105547,-0.048260238588447385,1.0000000000000004
17.6655077662012,21487.37026089933,67416.70712471988,15.20299998874122,310.63500000295926,21507.08983848341,67470.96853881484,-231.1524833278313,52.13355003530872,-8.86502799885592,-0.18866892679576305,1.0000000000000007
17.740102207582645,21486.80565803349,67415.0195526351,15.308999983735683,310.61500000205274,21506.52683410904,67469.54372366091,-231.1554927707693,52.38111771822657,-8.751968005849061,-0.11254986202535935,1.0000000000000004
17.866655545380308,21486.228090618508,67413.33193627621,15.424999987610002,310.6000000028133,21505.95610587948,67468.10782039315,-231.1533587934877,52.620203253936864,-8.7899600079731,0.07912906055727699,1.0000000000000004
17.88517555295454,21485.663487124944,67411.6443642924,15.49699999077304,310.5740000030603,21505.385340363024,67466.67180064405,-231.1622245115529,52.85485648412234,-8.5974320238534,-0.3287163849661332,1.0000000000000004
17.957712206428944,21485.085983065648,67409.93822472593,15.585999984999937,310.55400000331764,21504.80689277331,67465.21358884535,-231.164829259255,53.087989897691976,-8.538163997144427,-0.09513352011608035,1.0000000000000007
18.08375109756423,21484.508542665528,67408.21356188976,15.693999990525224,310.52700000244664,21504.236200215262,67463.75532956255,-231.1744604227888,53.341228597802456,-8.603103985340427,-0.35238472322207653,1.0000000000000004
18.16297554354391,21483.94400220998,67406.50746673986,15.75099998693426,310.51600000208765,21503.65004193938,67462.28607208625,-231.16792241384385,53.55725497523882,-8.683112003794744,0.23680783311784845,1.0000000000000004
18.263292212092427,21483.366625149123,67404.76428069433,15.891999982588734,310.4910000035923,21503.07165355695,67460.80557844006,-231.1752927730957,53.80467319646655,-8.536652026213295,-0.2656792204496031,1.0000000000000004
18.31576554702761,21482.789247757133,67403.02109469657,15.976999992454774,310.4680000027123,21502.48553118962,67459.31396489902,-231.18051957979543,54.03917183096095,-8.41955599646221,-0.18686240808691626,1.0000000000000007
18.39961998975569,21482.21187003921,67401.27790875339,16.049999984463618,310.450000001941,21501.899425366675,67457.82240438886,-231.18074709628772,54.27386593032456,-8.458632019051455,-0.008134201705832077,1.0000000000000004
18.45929554769633,21481.62152772619,67399.53467855182,16.16999999254664,310.43500000271547,21501.3133677795,67456.31976118797,-231.177857589033,54.50253051810683,-8.241463998538881,0.10264608316902807,1.0000000000000004
18.52720221291285,21481.04421331773,67397.77296939954,16.18999998935211,310.4120000023988,21500.727321407383,67454.80591877799,-231.18285039124248,54.733921295354136,-8.413928004818668,-0.17622250581635435,1.0000000000000004
18.61002776262333,21480.466962552506,67395.99273697847,16.332999984852677,310.40000000169084,21500.141388603668,67453.26996387841,-231.1766090733248,54.96206536925429,-8.197299999974346,0.2175284333509958,1.0000000000000007
18.730407766450828,21479.876683204795,67394.23098362419,16.397999988121178,310.3840000020288,21499.555403630544,67451.74508120562,-231.17448553666856,55.18752715977885,-8.396668001986738,0.07447949139663555,1.0000000000000004
18.772592217677108,21479.286531453385,67392.43218368733,16.524999985900937,310.3710000017891,21498.97732259309,67450.18691338098,-231.1690362610153,55.419145009534034,-8.091332034394215,0.18786372665426262,1.0000000000000007
18.847701093714488,21478.696315388683,67390.65190712307,16.588999991887892,310.3550000024144,21498.39141387365,67448.63980176476,-231.16667837273587,55.64126737183092,-8.131323966575744,0.08166210856446182,1.0000000000000007
18.988658876618302,21478.10616294737,67388.85310729915,16.668999988916358,310.3380000017624,21497.821136090963,67447.07050377032,-231.16513857721503,55.86499343475028,-8.350771995727,0.052837949695500167,1.0000000000000004
19.027242216902145,21477.503109830104,67387.03573990663,16.749999988014267,310.3290000009435,21497.235327168702,67445.50123734908,-231.1555468033932,56.10554912072834,-8.198072023996364,0.328088375860478,1.0000000000000004
19.09720665679369,21476.913020649296,67385.21841687262,16.844999988654443,310.3180000024629,21496.66514581485,67443.9097739518,-231.1477730753544,56.32593838087274,-8.107944005301293,0.26346822630127215,1.0000000000000004
19.15739665940317,21476.309966821656,67383.4010495952,16.91699999056351,310.2960000024073,21496.087148274248,67442.31816750995,-231.15097266245905,56.5479178218351,-8.065428007822769,-0.1082630043894723,1.0000000000000004
19.227875542201247,21475.70691263451,67381.58368237494,16.99899998746168,310.28400000151333,21495.50922248884,67440.71555250655,-231.1440557356769,56.75951844608746,-8.02395199706244,0.23262522559438828,1.0000000000000004
19.322018883703468,21475.10392204536,67379.74779189557,17.101999985499898,310.2700000019508,21494.939106976275,67439.10182844926,-231.13904801310417,56.980637712157936,-7.992068033532852,0.16764546485442203,1.0000000000000004
19.3240766622697,21474.50093109482,67377.91190147253,17.191999993245282,310.2550000022954,21494.36902621129,67437.47697932733,-231.1349231087917,57.19123906569784,-7.675476008487904,0.13725053591944464,1.0000000000000004
19.413589986118087,21473.89800373508,67376.05748778954,17.231999989498565,310.23600000246967,21493.798931690875,67435.85208791008,-231.1347984232397,57.4193711256881,-7.8537239878302785,0.004148641606739922,1.0000000000000007
19.49332888105794,21473.295076010112,67374.20307416246,17.346999986717744,310.2210000014345,21493.228927140623,67434.20500984405,-231.1304393067822,57.626503196295566,-7.726784019624709,0.14329883451228498,1.0000000000000004
19.526767777675808,21472.6921479209,67372.34866059282,17.416999989559294,310.2090000026039,21492.658932378043,67432.55796360286,-231.12308085039555,57.8336870323046,-7.59516403721945,0.24190092181042394,1.0000000000000007
19.53654221316173,21472.07625514126,67370.4942027912,17.516999986930408,310.1860000021752,21492.08893871484,67430.89968641517,-231.12660462753155,58.03434572352808,-7.2703520144327625,-0.11513934097039784,1.0000000000000004
19.64508998897078,21471.46036198692,67368.63974505082,17.60099998899729,310.17700000151785,21491.51903024112,67429.23044299232,-231.1160121865637,58.22462572683224,-7.358723999904565,0.344073831478411,1.0000000000000004
19.679043329438027,21470.84453240452,67366.76676405231,17.685999989429842,310.1590000025635,21490.949091187373,67427.56110433553,-231.114419677744,58.43237536063096,-7.174956024029467,0.05172707454763448,1.0000000000000004
19.735632212566767,21470.2157381065,67364.89373882588,17.765999987206012,310.143000001845,21490.3792353556,67425.86955784888,-231.1105926674633,58.62318216065655,-7.090676011298718,0.12284408994533569,1.0000000000000007
19.802509993063648,21469.59997170299,67363.00223462822,17.86599998963737,310.1280000024758,21489.80938257589,67424.17802201117,-231.10576621859283,58.82745726593111,-6.9714360123346015,0.1549261211646889,1.0000000000000007
19.84932443630688,21468.984140985365,67361.1292538092,17.918999992908816,310.10600000308546,21489.23954434021,67422.4752975879,-231.10782228424537,59.003548295473536,-6.9491679962330295,-0.06560891291022763,1.0000000000000004
19.91105777378433,21468.355409475287,67359.23770545077,18.007999981818248,310.0850000024205,21488.669709155616,67420.77258381795,-231.1088789180886,59.20132735651194,-6.851008051077891,-0.03371733166793327,1.0000000000000004
19.92494777158679,21467.739641929464,67357.34620143687,18.14299999012348,310.0680000024525,21488.09218498875,67419.04765679888,-231.10567476894303,59.37149838791005,-6.415012013267912,0.10092356911747903,1.0000000000000007
20.01343220995208,21467.110973581253,67355.43612988098,18.163999995189144,310.0450000037972,21487.51464032127,67417.32266632037,-231.1084707675736,59.563279605166855,-6.657955973146565,-0.08806452933641451,1.0000000000000007
20.08391110267652,21466.46927654706,67353.54453743146,18.243999988630843,310.014000004004,21486.937106824887,67415.58647668526,-231.1191492539336,59.73095975610968,-6.623680010564437,-0.3343806979941332,1.0000000000000007
20.165707762760373,21465.84067133703,67351.61594268576,18.32099998730489,309.9890000026498,21486.359593182955,67413.8503506396,-231.1238286379697,59.929746581861146,-6.640947991639737,-0.14653453315814657,1.0000000000000007
20.256764443675564,21465.199037438524,67349.70582704438,18.43399998594524,309.9720000022439,21485.78218290728,67412.09208027883,-231.12027397134068,60.09406723609812,-6.561952047829173,0.1100514911813876,1.0041177424438092
20.23001332564929,21464.55746706196,67347.77718815129,18.525999986768024,309.9540000024013,21485.19699001257,67410.33377280443,-231.11769333983025,60.27348625277133,-6.1344480199725515,0.07978883759739909,1.0123417621907593
20.3961788644918,21463.915896280745,67345.8485493225,18.61499999442096,309.9360000025839,21484.61961410545,67408.56437745193,-231.11502216116267,60.44482591183489,-6.412243932255033,0.0822296855004876,1.0195009209503305
20.496495553974448,21463.27438901757,67343.90138723995,18.639999989825565,309.9150000029044,21484.03444885028,67406.79492382055,-231.1153248988784,60.63123906339424,-6.683384030935978,-0.009307064538954746,1.026952354063205
20.48311999586004,21462.61991695986,67341.95418095058,18.763999986472086,309.89300000305667,21483.44935667468,67405.00323060485,-231.11639307824268,60.8006643124963,-6.188832033796634,-0.032471315488820165,1.0353888260655606
20.592696646221988,21461.978408874867,67340.00701900174,18.8229999908422,309.8700000029277,21482.86426079873,67403.21152687147,-231.1184617539536,60.96597197998303,-6.3709079593672415,-0.06288476155072718,1.0418407784540287
20.725423322043067,21461.323999906064,67338.0412895318,18.91499998961104,309.8520000016701,21482.27921978308,67401.40876159484,-231.1154137825063,61.14247340153001,-6.517523996755297,0.09214053807971613,1.048665767060294
20.743428894021424,21460.656626116845,67336.07551585861,18.97499998974181,309.8410000020233,21481.68642302064,67399.60604388197,-231.1053403677861,61.32070194447833,-6.366344055406607,0.3041387087144124,1.0566366638282807
20.72902443375984,21460.00221629934,67334.109786524,19.08399998360172,309.8200000030784,21481.09363067516,67397.79210586655,-231.1051493916445,61.48416770907366,-5.922088020569226,0.005733835866886862,1.065832375089617
20.88335775924472,21459.34786997359,67332.12553393943,19.178999993929374,309.80200000132487,21480.5008864514,67395.96708513232,-231.1018416706657,61.6546932550058,-6.135687955135249,0.09876576722381424,1.0716362193198623
20.95589443823852,21458.68055881179,67330.14123715882,19.204999992096106,309.79400000206124,21479.90817549581,67394.14217029673,-231.0885351403748,61.82945315370064,-6.303220006112691,0.3973388141241339,1.0777025322203355
21.009911103677613,21458.026275535543,67328.13846139188,19.30999998513203,309.77200000246467,21479.307714938943,67392.2948517184,-231.0889668933936,61.9939500459124,-6.1196800267640965,-0.012735224836073743,1.0855897637171519
21.06135554916184,21457.35902741515,67326.1356414321,19.40699998629863,309.75900000212744,21478.699505326167,67390.44760186804,-231.0803733618632,62.16019666872484,-5.9556800263075536,0.25317237210738186,1.0936220749441858
21.10765554932788,21456.6917788566,67324.13282154125,19.512999988173448,309.73800000267687,21478.09130683492,67388.58915289407,-231.0796624376925,62.31581884332515,-5.740760020155958,0.02083060243243375,1.1019372630954252
21.190995534820622,21456.02452986167,67322.13000172397,19.574999993511483,309.7220000020312,21477.483124786588,67386.73075690036,-231.07395242063308,62.4714981876536,-5.817583948712903,0.16731198804634925,1.107497602182192
21.351502213501327,21455.35734432847,67320.10865865722,19.64599998435996,309.70600000205417,21476.867201790592,67384.8612198635,-231.0680990870912,62.63172393258986,-6.139808024908919,0.17037862850320273,1.1107192205721783
21.32269333606898,21454.67719391807,67318.08727140795,19.77099999039321,309.69100000219464,21476.251320157528,67382.98057894567,-231.06112894172944,62.78555612249018,-5.586096044432769,0.20180626815296357,1.122765346338415
21.394715535977973,21454.01007138865,67316.04740516534,19.80299999102785,309.67500000161584,21475.63543478863,67381.09992751689,-231.055159347256,62.95280451213688,-5.730175961820443,0.17283658509975533,1.1276792960382467
21.50840777876345,21453.342948417336,67314.00753899204,19.93499997960549,309.6690000001784,21475.019659400503,67379.19715290089,-231.0389560341948,63.09909432177847,-5.664268076968653,0.4641962039120976,1.13427961378812
21.455934435491816,21452.662860554712,67311.96762863916,20.0529999900426,309.66900000008155,21474.411721137487,67377.2833538721,-231.01666267037524,63.24153469638743,-5.0505640036171755,0.6360752806053617,1.1493527572489306
21.630331096959853,21451.96980778526,67309.92767411162,20.10499999188557,309.6670000002995,21473.795996802408,67375.36950716784,-230.9963433899264,63.38562198581873,-5.491191978267419,0.5790579242482105,1.1479842821744792
21.639076658633257,21451.28978289249,67307.86924059155,20.17999999140993,309.66100000193444,21473.180297010746,67373.44450367341,-230.979907028552,63.53255193189813,-5.252676002003983,0.46594788465166215,1.1576501252155944
21.758942216824632,21450.609821427155,67305.79228382152,20.23499999024289,309.64200000200896,21472.548995194546,67371.51930956129,-230.97641765962624,63.69191336795914,-5.486192015694271,0.09867725098373134,1.1600010268727796
21.72293110703789,21449.916831154795,67303.73380619916,20.32199999054537,309.63200000168524,21471.917723228897,67369.59421073558,-230.96392948778183,63.83797331256909,-5.0433520193730805,0.35317125666654503,1.1737433548991527
21.84794109703725,21449.23686876205,67301.65684957949,20.36499999528882,309.61100000371874,21471.278673292025,67367.65785451018,-230.9622974014788,63.984292759201146,-5.33858796629435,0.04585964784562012,1.1738141791866965
21.88189444093161,21448.556905909525,67299.57989303081,20.434999982868767,309.58600000194144,21470.631868893845,67365.71031494407,-230.9645218486852,64.11754939170332,-5.208820049026236,-0.06210666558364534,1.181660593592381
21.9446566559132,21447.876942596697,67297.50293655721,20.567999991687955,309.5760000025815,21470.00071082804,67363.75187274111,-230.9516832728096,64.2454197943717,-4.955963991210879,0.35749155628020374,1.1843386078273201
22.012563327322106,21447.18407821181,67295.40741260107,20.55600000174763,309.54700000341086,21469.353892182484,67361.80429101991,-230.95790879420065,64.40032939395023,-5.2436279720681105,-0.1738126019906821,1.1923332030507694
22.061949987638307,21446.491213349826,67293.31188871655,20.615999982002684,309.5290000026755,21468.70714845128,67359.84571120719,-230.95301821389333,64.54483094033876,-5.205420020288244,0.13585246650016472,1.198868319325081
22.167925548547142,21445.81131250653,67291.21640914517,20.75899998853104,309.5040000031913,21468.060457513628,67357.8648283658,-230.9548929891459,64.66404655408847,-5.072132016057964,-0.05154915096492415,1.2065600624438853
22.17615666113997,21445.118510568704,67289.10236209688,20.801999989024925,309.484000002668,21467.40596560724,67355.89508645232,-230.9518597717164,64.81305758818611,-4.946964019614164,0.08372897556572037,1.2059906491066603
22.254866660810336,21444.425708150564,67286.98831511968,20.92599998822868,309.46400000221865,21466.75155000104,67353.90311555863,-230.94859236621684,64.94100745038818,-4.783920021293968,0.08928658426778478,1.1867737038278212
22.281103320066578,21443.73290525462,67284.87426822244,20.9589999949131,309.45100000172994,21466.089378490426,67351.91119221106,-230.9382996644157,65.06654847521135,-4.75957197055252,0.28094090309684966,1.1882963563685542
22.39633889089968,21443.040165739152,67282.74169807849,21.05199998141053,309.4370000017251,21465.435020550096,67349.90817040089,-230.92891658228328,65.20158561952043,-4.83962007416095,0.25512914152381305,1.2052860131874605
22.318657767893686,21442.3473618842,67280.62765133266,21.179999990448245,309.42400000224154,21464.77292489532,67347.89401814685,-230.9183904217847,65.30606448497093,-4.09916799880359,0.28445626967844895,1.1026808297178985
22.53472442628939,21441.65468526144,67278.476558025,21.193999999610256,309.4060000017908,21464.11085036445,67345.86869856057,-230.9127472396281,65.43506146334289,-4.826607936044884,0.15174179716690236,1.212516326161508
22.52546444371321,21440.94897977636,67276.34394388522,21.277999971661675,309.4019999994441,21463.441005066008,67343.85461507612,-230.89319663517125,65.55884995049024,-4.490872099385531,0.5277306244145193,1.1709050208399192
22.61034776841892,21440.256302174166,67274.19285073287,21.50499998856412,309.4060000004308,21462.77908026648,67341.80729923281,-230.86532140641515,65.66702729135373,-3.979252007477278,0.7422374391227476,1.101004979574197
22.640185547546228,21439.56368793697,67272.0232343329,21.410000020973825,309.38800000447264,21462.09370573534,67339.77078565702,-230.85948371679885,65.79560499365007,-4.428667895660648,0.15565988696289515,1.170836729207215
22.729184438008108,21438.85804482532,67269.8720971069,21.38399997630906,309.3550000022288,21461.40046299711,67337.74520153577,-230.8687368276897,65.91866135383458,-4.842664062116575,-0.24763125108241155,1.2333091940931757
22.739987771357928,21438.165429601904,67267.70248086289,21.650999976718698,309.3500000019214,21460.73854497496,67335.6866762215,-230.84974582044973,66.03376547553236,-3.9203560607012293,0.5031968504373927,1.1073117619552957
22.845963318422807,21437.459849344486,67265.53282047425,21.67599999930888,309.32200000336894,21460.06099121873,67333.62785467344,-230.85370131033025,66.14778948934882,-4.211867948810145,-0.1045620282003381,1.1532030862494886
22.90718222095084,21436.75426858554,67263.3631601659,21.736999991436782,309.30600000232096,21459.38351565736,67331.55804556038,-230.84554088378164,66.25141068207017,-4.212656026250609,0.21468569250047234,1.1574267008725794
22.92158665620728,21436.04875116404,67261.1749766189,21.77699999426262,309.27800000507307,21458.70599934327,67329.48810965754,-230.84938045854983,66.37246029287786,-4.1205119830007675,-0.10100628486927068,1.1494526072433804
23.013672222445045,21435.343233238706,67258.9867931464,21.85299998475537,309.24400000238046,21458.01294270667,67327.40694276815,-230.85905021454656,66.4779619691471,-4.178420055682827,-0.2525755678933305,1.161570511771975
22.93907778030317,21434.637650974204,67256.81713307428,21.985999982483783,309.2400000007243,21457.3433617911,67325.31505827418,-230.8386844062519,66.56311426478207,-3.43108007214979,0.5312437265034301,1.0593351835719966
23.02241776392933,21433.94516044129,67254.61047065642,22.087999990685724,309.2250000023764,21456.66600278916,67323.21191648152,-230.82917489171192,66.66614038601361,-3.3639039836769813,0.24659172185383066,1.0541253708396285
23.07334777654308,21433.239641005817,67252.42228741932,22.14499999072444,309.21200000105176,21455.980909337777,67321.09765482857,-230.81752248675704,66.742735462113,-3.342052028947107,0.30039637614841297,1.0543027807073884
23.099584432137977,21432.56011404736,67250.21566936409,22.2399999851532,309.205000001477,21455.311431982984,67318.97239525832,-230.7998066626424,66.8231304453351,-3.0945040091451945,0.45553144001476686,1.0219996538484273
23.19887222210364,21431.854657437336,67248.00896296222,22.340999989610506,309.1930000007038,21454.634158333443,67316.84705635933,-230.7870649079748,66.90923226475653,-3.088340036975278,0.3272783040448059,1.0248420204007602
23.10009890146914,21431.175129484684,67245.80234505488,22.383999998320927,309.19200000095026,21453.94918044635,67314.71069273088,-230.76318084212863,66.97422253555965,-2.5779560513335595,0.6099447289228609,0.9629212090574111
23.11964775951561,21430.50862945857,67243.5772481053,22.39499999533676,309.17400000315183,21453.209614989264,67312.59619269223,-230.75634643016852,67.0563793204619,-2.6087319510438505,0.1748051364585007,0.9702919016694731
23.26111999555105,21429.829164350365,67241.35210702156,22.443999996144203,309.14400000579343,21452.52453875561,67310.45952270507,-230.76146215541667,67.13867555741973,-2.941631997864643,-0.13062996391448392,1.015086382297317
23.19630000515477,21429.17562794411,67239.12705441423,22.498999978134083,309.10400000189753,21451.80831226791,67308.32264092268,-230.7764724660932,67.20293669865582,-2.5102800972744777,-0.38159822705463475,0.9652570799051816
23.244143324007503,21428.53505567176,67236.90204607771,22.701999987195524,309.1050000023502,21451.107857704246,67306.16401661412,-230.75030418757743,67.24745674478714,-1.951716012523123,0.6606363488775132,0.9050663301542904
23.28478444091759,21427.88158213356,67234.65847028494,22.68599999761497,309.0690000028232,21450.40727843548,67304.00500133829,-230.7611344441968,67.3132934588721,-2.155623995889431,-0.2733779521575123,0.9304870756955647
23.29507333622753,21427.25397353217,67232.43350627308,22.790999986447247,309.067000001675,21449.69907208504,67301.83520441604,-230.737823861242,67.34092235620939,-1.814664059209025,0.5851396451690423,0.8907690058578891
23.279125549788308,21426.62642828249,67230.19001901023,22.84899999084781,309.0410000017684,21448.990822993503,67299.65403940696,-230.73839528134616,67.37544984765164,-1.5484520121857983,-0.014276525495344704,0.8205455273848482
23.34600333296405,21426.02487562412,67227.92809687597,22.95699998318243,309.0450000001261,21448.26711597358,67297.47313844005,-230.70891658184652,67.41527279900332,-1.4004120592138236,0.7349991575663745,0.7820835809057479
23.314622215147995,21425.423258715724,67225.68469812119,23.031000002937933,309.0250000041865,21447.551145267687,67295.28089594621,-230.7033462935628,67.42926889238906,-1.021039963956224,0.13838951775631964,0.6901585625000234
23.44066110158921,21424.847698234706,67223.40434117151,22.995999989334337,308.99700000250704,21446.835108879623,67293.0996835426,-230.7058936800684,67.48137228522958,-1.6007800041175457,-0.0635763642400774,0.8356559277937461
23.39899112222569,21424.272073524466,67221.14250758606,23.17199998286528,308.983000002728,21446.11919562121,67290.89639011625,-230.69420810784908,67.49514944198148,-0.8171681016974802,0.28900261419932594,0.6453617510819927
23.3604077752314,21423.70941302593,67218.88071825216,23.215999990424656,308.955000003529,21445.39549410249,67288.68180777566,-230.6963788058408,67.49225821609039,-0.5198680253042823,-0.05338229462557126,0.5735618703365509
23.41648221423381,21423.172745201507,67216.60049402362,23.3149999977192,308.93500000253164,21444.671818917257,67286.46731006497,-230.69055084939288,67.49980953731132,-0.36533597945258833,0.14332761397669377,0.5342534225887846
23.447863332536464,21422.6490416276,67214.32031403131,23.27099999648702,308.9140000029061,21443.94036077378,67284.25277534749,-230.6856972893501,67.50177437465274,-0.6367080097779961,0.11923811350650697,0.6026809545463627
23.44786333184304,21422.138366113068,67212.02165494734,23.395999983632542,308.89000000401893,21443.20893035132,67282.02709450503,-230.68372709249576,67.50766201283867,-0.18670805355778555,0.04818363426131064,0.4867237547923367
23.482845548187647,21421.62762641924,67209.74151922323,23.47099998828864,308.86000000280893,21442.48525835872,67279.8013769104,-230.687783776924,67.49873096893916,-0.04264401563642935,-0.0993119336588797,0.4461172133873477
23.521943334380587,21421.129914798406,67207.44290440832,23.590999984486583,308.84500000291297,21441.746154625867,67277.55353575556,-230.67655487066003,67.47892974402485,0.24860394038158376,0.2718936756362414,0.4331413878564189
23.49364888770519,21420.645167471925,67205.14433381677,23.677999990164565,308.81800000250206,21441.01482748957,67275.29447993301,-230.6772351934032,67.44769708460588,0.6636639688537457,-0.016416040966796414,0.43198595675151774
23.544578883435825,21420.173448243346,67202.82728412462,23.74199999382985,308.8090000016288,21440.283560222928,67273.03561435961,-230.65991751007465,67.43167968914004,0.7107159974184896,0.4178996633175904,0.43139223154325
23.54818000097596,21419.714629545248,67200.528801969,23.78999998925721,308.78500000431666,21439.54446298557,67270.77656389485,-230.6575734001381,67.39294726109352,0.8705519578125006,0.05650574784156749,0.42995321253037044
23.56206999448517,21419.281803657243,67198.21188489218,23.88899998979144,308.75100000452125,21438.813187371503,67268.49520537483,-230.66502138289428,67.3466934676271,1.176947983102569,-0.1781263361768947,0.4282285889155826
23.60116777745224,21418.848977437792,67195.89496784093,23.936999992195645,308.7200000038553,21438.081921288016,67266.21387864985,-230.66947045018668,67.30168274120881,1.2089959730762587,-0.10640581518779026,0.42654381741553155
23.568757781892625,21418.4420802747,67193.5781391819,24.02999998444041,308.693000003495,21437.34292728367,67263.9214532218,-230.66977700542745,67.23834050671611,1.6604719291720202,-0.007292353643640013,0.4397386128384513
23.56361333237269,21418.0482112836,67191.24283140736,24.12299999481964,308.66700000359737,21436.603974387555,67261.6179239298,-230.66896726010003,67.18028573668009,2.013791984809022,0.019178199367807878,0.45447527574446817
23.58419110459969,21417.667242910604,67188.92609115191,24.13399999422546,308.6410000031429,21435.88057917151,67259.31444780277,-230.66821119379208,67.10657721115332,1.9793120026527689,0.017942137973409954,0.45011229906043787
23.62997666684598,21417.299302734267,67186.59087178268,24.213999991513766,308.6210000024142,21435.157241846,67256.99992061582,-230.6613391465661,67.03842059754753,2.10248396880403,0.1623714240608987,0.45447872332534667
23.58985000350653,21416.944326986995,67184.25569660621,24.25699999000269,308.6010000033664,21434.449462218578,67254.68544658185,-230.6545207781591,66.97258050466823,2.401739951386175,0.1614123739122677,0.47121835089626096
23.61042777147501,21416.60231568271,67181.92056562597,24.37799998215885,308.57800000150434,21433.73396947196,67252.34868537557,-230.65044225804985,66.88181574035639,2.763259958461829,0.09562050190073867,0.49711163976462847
23.640780001115928,21416.27326883693,67179.58547883855,24.458999999625537,308.5740000015383,21433.018578211617,67250.00101037894,-230.62724858789807,66.77922677239478,2.94559199463459,0.5414516462452554,0.5111638017722733
23.62791888365428,21415.95718646407,67177.2504362449,24.42699999951004,308.55000000366783,21432.326456702944,67247.65320383952,-230.6241337616508,66.68072144864307,2.8766920170807353,0.0729118822398569,0.5003895666766047
23.68759444533128,21415.65413235325,67174.89691452071,24.538999969978608,308.5280000023818,21431.6343413797,67245.30541851954,-230.61901999775824,66.59920024406048,3.0650598887303873,0.11970400490336434,0.5173362748071006
23.62483222515794,21415.3639789672,67172.56196030098,24.71400000449304,308.5070000041938,21430.942343760147,67242.92430025754,-230.612555517679,66.4662496164745,3.9210040056063575,0.14937147291816208,0.5091977227773851
23.666502218123664,21415.0998186159,67170.20857112414,24.576999996675767,308.4680000051166,21430.26576692682,67240.56527413367,-230.6243781131567,66.37271459755094,3.277792002787568,-0.27601603148452253,0.5347411238404608
23.6675311072992,21414.83565805557,67167.85518195429,24.80499997195256,308.4370000036782,21429.589331282743,67238.17298899294,-230.62785045679368,66.24890298688574,4.094887912752099,-0.08002578852831882,0.4909955731550289
23.723605551803136,21414.597426790857,67165.50188114068,24.85600000254082,308.4130000024365,21428.92073602337,67235.76968983983,-230.6242333426445,66.11277519905836,4.076620022655667,0.08307862547098226,0.48628981544870586
23.70765778036259,21414.37222386751,67163.13010118787,24.855999997218927,308.39700000275457,21428.267687078147,67233.37764280978,-230.61278765777053,66.00866568900754,4.134031980682806,0.2644731698647608,0.4789055282975437
23.729778879803728,21414.159921757026,67160.77688873048,24.900999990369712,308.3700000039442,21427.62245645843,67230.96327718782,-230.61213419545325,65.86585873877873,4.216395998037543,0.014981666462480036,0.46860503307311846
23.797685552878136,21413.947683246097,67158.40515296304,25.009999978957485,308.3470000017052,21426.985017901472,67228.5489803987,-230.60750833013583,65.74513734123883,4.364331933885656,0.10614301666840818,0.42537433100248584
23.76527556098528,21413.74840933605,67156.03346136915,25.13399999941652,308.3270000066518,21426.35544462608,67226.11251281682,-230.59967556985583,65.60400824819399,4.9274079783524645,0.17833654412621155,0.06946295790419688
23.76784777080756,21413.56210004174,67153.66181395407,25.07499999704809,308.2730000016644,21425.756873476468,67223.67579247469,-230.6259471974157,65.46806376573852,4.705748014465904,-0.5998809314029978,0.24099357270960478
23.825979997868533,21413.40172016281,67151.29025488005,25.213999980010986,308.29400000004915,21425.150850751183,67221.21760833504,-230.57696363910568,65.30752309029906,4.9968719357128295,1.108388584220369,0.003159098343642163
23.80025778015078,21413.24134015404,67148.91869581102,25.29799999261689,308.2560000050213,21424.583563803382,67218.74781951925,-230.5869920968036,65.14427577670888,5.391871964878,-0.2267412189173603,7.476999793940831e-16
23.81826332909728,21413.09392480464,67146.54718091477,25.33999999850156,308.2370000029484,21424.01634011032,67216.2782313263,-230.5780227334267,64.98129035094996,5.478252009855409,0.2028123236169586,7.402878196190684e-16
23.84861555054637,21412.95953789801,67144.15718686886,25.35599998987491,308.2050000038523,21423.48022733457,67213.7974975166,-230.582041847544,64.83051734393285,5.426583981582744,-0.09073201295759191,7.666219689170005e-16
23.885141108303145,21412.83805191441,67141.78576031304,25.46899998972611,308.1850000027158,21422.9364134672,67211.30574938425,-230.57391916174413,64.64959634412193,5.701891973122677,0.18247881326140294,7.223770621788704e-16
23.88051111443316,21412.742559209844,67139.3958987777,25.500999992516352,308.1580000043154,21422.41591321453,67208.81400697595,-230.5728761562532,64.48885448860146,5.8337599610994975,0.023476412316678828,7.126205702614732e-16
23.86507777542571,21412.660031235617,67137.00608140859,25.59499998917379,308.12900000270673,21421.9188199304,67206.30009400261,-230.5736787849881,64.30983728685949,6.2277199694930845,-0.01794561877389092,6.906810885134847e-16
23.90005999816645,21412.59046800839,67134.61630820914,25.64599999203677,308.1140000026864,21421.421773174367,67203.78632883272,-230.56048330102672,64.13151155683903,6.28538397793315,0.2950470901359851,6.872219438107722e-16
23.90674777058245,21412.520904715493,67132.22653500873,25.715999993617874,308.08400000479537,21420.955869013964,67201.25028241062,-230.5621590412809,63.937229798985776,6.513308002927532,-0.03723610374308074,6.585827593096531e-16
23.98751555073731,21412.490235841226,67129.83689431258,25.729999999425488,308.0500000040812,21420.497691975062,67198.72533487476,-230.5679791013113,63.75226453998668,6.272944015277439,-0.12994573288141534,6.71844236634625e-16
23.958706672077646,21412.4725955338,67127.42877446223,25.75999999084408,308.01800000561764,21420.055156193783,67196.17823246549,-230.5716187230769,63.56634443069159,6.484655947559159,-0.08066300442533227,6.83842176500963e-16
23.97516887706785,21412.46785627575,67125.03922209771,25.85099998815225,307.97700000303485,21419.628148264703,67193.63108816647,-230.58431156705657,63.36458418755129,6.752991999903834,-0.28158275263505156,6.544574569103875e-16
24.062109999959286,21412.476145613244,67122.63119058343,25.90099999939282,307.9680000025134,21419.21684392311,67191.07322005193,-230.564942986408,63.17316636211565,6.62000399796072,0.4283422121066289,6.766369217453645e-16
23.97979889899603,21412.48437118249,67120.24168238496,25.89499999643489,307.9330000047626,21418.821010480468,67188.51513067058,-230.57162658062865,62.9668778522223,6.894723950779897,-0.14793739309624226,6.479364292969724e-16
23.960250000900945,21412.51859021492,67117.83373920385,25.96099999053606,307.9110000015628,21418.440855234137,67185.93500244989,-230.56513046670364,62.758286100979525,7.202699962686411,0.14271527967567826,6.502139024984937e-16
23.932470005478425,21412.57867521864,67115.44440767316,26.01599999238673,307.89800000317587,21418.0762499812,67183.36613676343,-230.549805817549,62.543852333740034,7.500707952869904,0.33840425432024795,6.318657480866388e-16
23.91034888631223,21412.638760258767,67113.05507614612,26.068999996126514,307.86700000357604,21417.727219041102,67180.77490517429,-230.5522995782813,62.31073299842706,7.7711439953314185,-0.054647035523356,6.306655958557333e-16
23.92784000670597,21412.72477506904,67110.66583295171,26.071000000802226,307.85000000198886,21417.3937548939,67178.19498885753,-230.54096510878327,62.09037058517293,7.7153759787465175,0.24964199811734625,6.323404496443104e-16
23.833696673506648,21412.8236910458,67108.29515724804,26.07999999620277,307.8280000042984,21417.06809118557,67175.60393180496,-230.53454062964136,61.84246484894291,8.086691961706038,0.14095457029582098,6.149066842110802e-16
23.858389994097184,21412.935635730388,67105.90600239647,26.123999992880268,307.7900000051688,21416.77352871725,67173.00169751058,-230.5441045482871,61.60536976629582,8.156195995619104,-0.2092403676498894,6.132444412356267e-16
23.881025553118032,21413.06054537557,67103.51689170982,26.180999991320995,307.7600000025989,21416.49455126229,67170.39960065353,-230.54572275121032,61.37080820834665,8.279907977530666,-0.03542830138933932,6.104582310314056e-16
23.89028555826589,21413.18539134184,67101.14630434928,26.21600000451164,307.74500000268995,21416.22344133469,67167.78657401876,-230.5322521925301,61.10948425358193,8.372572006484692,0.2937890183327403,5.942577612090265e-16
23.84347111794612,21413.32326605112,67098.75723783713,26.18699998818504,307.7160000045004,21415.975583673648,67165.18459379657,-230.5329780270794,60.8802858638066,8.436703932860112,-0.015910900790858714,5.787858425206989e-16
23.81003222473708,21413.47404198657,67096.38673881556,26.33199999562221,307.6850000036786,21415.72779562365,67162.56036345236,-230.53547061614063,60.61199289424878,9.07908397518647,-0.054180597315729474,4.714950973954061e-16
23.804373332303467,21413.650747833253,67094.01632814213,26.24700000494511,307.6610000031222,21415.4955510258,67159.94737450598,-230.53113452741897,60.3568508454724,8.79345602150992,0.09470526958012349,5.307337105346731e-16
23.83575443560452,21413.827517574875,67091.62739415004,26.335999982949723,307.6420000012792,21415.286737231767,67157.3122887686,-230.5216447134873,60.101101231706,9.000883970442727,0.2056953097038183,4.862278862001114e-16
23.890285557064924,21414.017188584097,67089.25702765238,26.38300000803489,307.6330000031261,21415.09347699494,67154.68847604099,-230.50232639611104,59.84029977754457,8.97377202349188,0.4207037632581782,4.864977206330619e-16
23.772477806270462,21414.219824649623,67086.88670532942,26.289000003996925,307.6030000020524,21414.90014619876,67152.06444188565,-230.504007883697,59.58128703856324,9.059479911815266,-0.036616025707599524,4.576670463156705e-16
23.601682223914622,21414.409432167417,67084.53486216081,26.32899999791627,307.59500000410554,21414.738044226982,67149.42963122112,-230.4836801417049,59.29560106260315,9.818343986405933,0.4411978652702179,3.7055618816175204e-16
23.75704441543251,21414.62496967173,67082.18310734688,26.32099999134605,307.5480000038733,21414.5991108986,67146.80560338686,-230.5025472394944,59.02250121369509,9.23024007328874,-0.4113807315939375,4.4236196521448013e-16
23.8681644505494,21414.840634873864,67079.79430589775,26.421999998957528,307.53800000354136,21414.468157233,67144.15976315485,-230.48420990768605,58.7665349969064,9.193807974269259,0.39660385777607043,4.426176099393733e-16
23.73492334691145,21415.0561726898,67077.44255109079,26.36199999617825,307.4920000047053,21414.35256478496,67141.53582543969,-230.5021583038797,58.49713629208836,9.45747593736047,-0.39153175855354727,4.1320144628361275e-16
23.74212554633721,21415.27177443,67075.07227297594,26.467999997640963,307.4839999995727,21414.26055216452,67138.87902431635,-230.4818380013324,58.21476386454028,9.81314802469351,0.4379504732623455,4.1344936211696835e-16
23.78173778205624,21415.50034127193,67072.70203903853,26.3700000100088,307.47800000269245,21414.176248901585,67136.24449983811,-230.4597793832876,57.95625496417718,9.317744020629211,0.47947538874339746,4.27854597105045e-16
23.698912231885856,21415.728844507343,67070.35032842812,26.41799998268447,307.4510000030721,21414.1152129822,67133.6098334961,-230.4587996311319,57.68008208073754,9.788715902875012,0.021300838924745335,4.423863159201007e-16
23.68193555318337,21415.95734790645,67067.99861783057,26.50300000527736,307.4320000037029,21414.07761816068,67130.95310195959,-230.44966643204688,57.38254088132698,10.155832027538372,0.19694850891514498,-0.12691609924061953
23.71074443946056,21416.185915242168,67065.62838391756,26.41899999581832,307.40100000243456,21414.03212727476,67128.3184464948,-230.45274133479407,57.12704957629335,9.749720002887946,-0.06685982901952897,4.718234757626658e-16
23.72360556092716,21416.42738393452,67063.27671750674,26.556999989490624,307.39300000241246,21414.033465626148,67125.66196345836,-230.43274278228785,56.83116014708757,10.200219942828465,0.4313262491507473,-0.1598828783950493
23.680392218055925,21416.66885280124,67060.92505110744,26.50000001326707,307.35400000703584,21414.03470007348,67123.0051536706,-230.4437434357715,56.53596297512753,10.15058806276012,-0.23723465242788827,-0.12364413215163433
23.746241113205983,21416.910385618947,67058.5548613974,26.468999993256663,307.3140000015851,21414.067010040817,67120.35955391117,-230.45596758631444,56.27006385482878,9.80193196818245,-0.26471692193037705,5.312192828645197e-16
23.66135778130723,21417.13888985208,67056.20315083505,26.57799998202345,307.3239999988205,21414.122863731856,67117.70344614446,-230.4181579295864,55.97420512440486,10.499911922578386,0.8153693015751298,-0.34755433497160854
23.70457111184364,21417.38035923524,67053.85148446204,26.66399999935944,307.3160000023176,21414.19425397904,67115.03608713966,-230.3982839651641,55.667502572910735,10.653943995056876,0.4267388118711132,-0.42581629390954984
23.64438111155514,21417.608863801208,67051.49977391721,26.592000014861625,307.2920000049272,21414.28889028184,67112.37975355849,-230.39460621261787,55.37043665000108,10.611428051903344,0.07927692678083942,-0.40642446579961433
23.70096999895577,21417.85033352576,67049.14810756098,26.520999999408627,307.2520000040253,21414.38347302844,67109.72325138819,-230.40692859466657,55.07427108252215,10.152108001630284,-0.2656005201711223,-0.1264112101858417
23.63409223014336,21418.07883842705,67046.79639703342,26.606999981427457,307.24299999892065,21414.50149764792,67107.0671554328,-230.388333048276,54.77683069759435,10.70246790462275,0.4007305006848047,-0.45132298209147637
23.63563555149849,21418.294378481743,67044.44464233503,26.698000002944752,307.24800000192613,21414.64294546255,67104.40017199088,-230.3557015246312,54.46661717965822,11.024512025206551,0.7000162202553102,-0.5804178360333395
23.634606674764463,21418.535848710333,67042.09297600218,26.603000008440965,307.21600000436166,21414.784231116173,67101.74391320584,-230.36018584985297,54.1687957369639,10.686216001235408,-0.09659073377019374,-0.4464654423102635
23.56978666512459,21418.77731911646,67039.74130968028,26.616999996243948,307.20399999852776,21414.94892184468,67099.08794469433,-230.3447515807536,53.86999002153628,10.969967992029693,0.3323131950812884,-0.5640704774933221
23.6510688802614,21419.005824675343,67037.3895991849,26.64599998905993,307.21700000111525,21415.1448137628,67096.43234561519,-230.30442536336903,53.56885423344401,10.781751991674716,0.8676329506118136,-0.49162880119767965
23.638722230230645,21419.234330396863,67035.03788869527,26.74999999335504,307.1940000010828,21415.33284412064,67093.76522621182,-230.2999547275991,53.2567903214805,11.200599947247822,0.09580153604013607,-0.6444526100102589
23.587792224579967,21419.462772499064,67032.70470153535,26.717000008639232,307.2049999994347,21415.544326551608,67091.0985445432,-230.26156636104312,52.92516655140143,11.265148022613353,0.8221666202551973,-0.665814475434948
23.59448000057116,21419.691278547405,67030.352991065,26.655000010768727,307.18500000484056,21415.76344631494,67088.44267732382,-230.25432054136363,52.62232832595532,11.017872036711244,0.1557864319025892,-0.5887038703787896
23.568243336649104,21419.91978475916,67028.00128060004,26.60999999183577,307.1540000019666,21415.982491116192,67085.79780877869,-230.2581921369133,52.33048377785157,10.950323958672001,-0.08358414357459645,-0.5662211666277026
23.568757774414767,21420.148227351627,67025.6680934653,26.73099999090473,307.1539999999211,21416.225054524457,67083.1311172834,-230.2309118808685,51.99679150222816,11.384071979363872,0.5837058320544737,-0.7056815682427977
23.58470555899197,21420.36376883992,67023.31633883393,26.69800000866908,307.1470000011997,21416.46755640329,67080.47546658455,-230.2107492764116,51.69176517234746,11.207860018837595,0.43319841576754925,-0.657813062929108
23.539948890242066,21420.605176802703,67020.98319589611,26.694999989040014,307.1400000009775,21416.71783781482,67077.81984240902,-230.1906141461703,51.36942856690714,11.358183955672613,0.4324958736377975,-0.7038235509539632
23.585219990941315,21420.846648729537,67018.63152965077,26.786999998911146,307.13699999896204,21416.98372978616,67075.15319886467,-230.1664161466693,51.05351916244461,11.52640802869139,0.5173412125927965,-0.7497650467874307
23.612485560892345,21421.07515576488,67016.27981922441,26.74099999657553,307.1519999982847,21417.265202737937,67072.49791245598,-230.1243900318571,50.747047381923714,11.262651968459458,0.9017126620346055,-0.682322847477721
23.53583334116045,21421.303599174105,67013.94663212827,26.82599999888588,307.1540000009687,21417.5388912616,67069.83134809718,-230.09522094521344,50.41137834934143,11.844599967811545,0.623448673203653,-0.8247183979780089
23.536347772141013,21421.532106536142,67011.594921721,26.718000017231365,307.1469999998796,21417.81251157293,67067.17580348713,-230.0751693739693,50.10520446592938,11.453948082325265,0.43034428407286984,-0.7408823961314612
23.568757779075927,21421.747585194607,67009.26169045463,26.6879999883528,307.1579999978838,21418.078413085543,67064.52042195504,-230.03709366384496,49.7804137850185,11.229271953396744,0.8174245409481727,-0.7785307861016739
23.53943444363069,21421.96312779036,67006.90993587805,26.78400000244223,307.1650000012497,21418.352119036663,67061.85391027629,-230.0029282595089,49.46250727031336,11.680436011721547,0.7302410891211548,-0.99511599509624
23.57904666443056,21422.204600721176,67004.55826967719,26.66100001289529,307.1460000020097,21418.602361694662,67059.19815982092,-229.994800242968,49.1585036402893,11.095032054473027,0.1745818660972722,-1.0085814148527774
23.558983335124868,21422.42007984843,67002.22503843319,26.66199999574548,307.14299999968534,21418.8759962858,67056.54265739428,-229.97075340009744,48.8331172899531,11.1708599782342,0.5160938741119416,-1.1449192594750124
23.56721444433628,21422.648588015545,66999.87332806335,26.67699999759924,307.143000000472,21419.14186178978,67053.88716005892,-229.94368149708345,48.52754544285625,11.195227991746654,0.5811856054065877,-1.2560639794321895
23.545607781871773,21422.877032553835,66997.54014102093,26.675000008564894,307.1390000000552,21419.40767582693,67051.24273514678,-229.9207273750489,48.21454312677936,11.265812016095234,0.4948325222350323,-1.3660996957049747
23.553324433840256,21423.118506159004,66995.18847486048,26.59700000076333,307.1380000013448,21419.681279513028,67048.59836834637,-229.8948009063289,47.9203816241079,10.957232040923067,0.5587509269191899,-1.3951518171585884
23.643866664924875,21423.334049709683,66992.83672032149,26.64799999939025,307.1299999982332,21419.9471188445,67045.94278682108,-229.87573186916828,47.61396057186824,10.814880004075354,0.40937293482103904,-1.3245120847798706
23.58161889492329,21423.575459854288,66990.50357749514,26.590000004532136,307.161999995925,21420.22083359975,67043.29876746204,-229.8168096437608,47.301659718278856,10.830171994591842,1.269846637785387,-1.352767109520067
23.604768882431504,21423.80396884641,66988.15186716786,26.59300000492327,307.17200000092225,21420.486695440224,67040.6544899759,-229.77986081640327,47.00731607461615,10.757632040970355,0.7965338119799886,-1.3254751091211614
23.621231114742688,21424.03247800214,66985.80015684538,26.51700000553744,307.1639999995647,21420.74467948723,67038.02111102369,-229.7610025283916,46.72435068271416,10.424768006861107,0.4083476361457478,-1.1365587343712245
23.59859555000512,21424.248022185944,66983.44840234147,26.53699999576768,307.180999997147,21421.010565217926,67035.37690723668,-229.71705635116527,46.429325848718726,10.57825600474522,0.947380954597849,-1.252499859535864
23.674218885841995,21424.48949680084,66981.09673622777,26.53400000446125,307.1939999996083,21421.28417888033,67032.74380237753,-229.6772542683493,46.14643470664527,10.295212027029324,0.8613812028378145,-1.0978674579122942
23.63203444854061,21424.705041304387,66978.74498173696,26.505999999052246,307.19699999788844,21421.54220043749,67030.11053924392,-229.64739995682783,45.86284154950859,10.346275981841885,0.6464606355705345,-1.1498870184224717
23.65929999274473,21424.946516254106,66976.3933156405,26.5040000115632,307.2199999982226,21421.81588633556,67027.4664251146,-229.59748382836293,45.5689686728284,10.240920067746485,1.0757669289061076,-1.1053349599276479
23.694282221736582,21425.175026229263,66974.04160535843,26.38600000362669,307.22699999698267,21422.07388345167,67024.84431861254,-229.5637488234668,45.29727655293191,9.690184014804393,0.7335626616480415,-0.9735696531925577
23.67936333434164,21425.40353636437,66971.68989508375,26.455999993510385,307.2609999971134,21422.34756839416,67022.2114347751,-229.50295242972007,45.01388063585095,9.99589197300748,1.3157053567990418,-0.9962396524518087
23.69068110903343,21425.6450118254,66969.33822901407,26.41500001050576,307.2669999982346,21422.597783166377,67019.58929123318,-229.47019318506065,44.74336954007572,9.807548045300388,0.7125401351422395,-1.0148573594359775
23.701484442717447,21425.886551264142,66966.96803963394,26.35400000615257,307.2929999968755,21422.87140344372,67016.9674377109,-229.41751534640133,44.49022783375836,9.549056028366445,1.1448066056432264,-1.0320119486879595
23.70560000289759,21426.115061901783,66964.61632938059,26.31300000655251,307.3089999971061,21423.121652157493,67014.34539940322,-229.37475889336253,44.21908175802533,9.386640013157713,0.9299896418201851,-1.0497660330466305
23.69222443836377,21426.356537880685,66962.26466333996,26.258000006818985,307.33499999755816,21423.387455168227,67011.73463387521,-229.3221737068972,43.95898946621415,9.236792046438778,1.1479443688186672,-1.0658967124443226
23.776078881530434,21426.5851126543,66959.89442978629,26.22800000087852,307.3429999987788,21423.63763918972,67009.12362590809,-229.28753577312744,43.71735344301268,8.826916029653109,0.7565829999910062,-1.0801658578347122
23.771963336282496,21426.826588975047,66957.54276375845,26.224000003556327,307.3589999975225,21423.89562965986,67006.51272863129,-229.2449257767236,43.457598617896736,8.82733200218579,0.9304568190593815,-1.0948029633992589
23.74727000732734,21427.055164084275,66955.17253022258,26.20199999552495,307.38399999437064,21424.1691711014,67003.91309360666,-229.19348696606312,43.22593034950777,8.837027957511394,1.1273378953959918,-1.107295103543358
23.71177332565227,21427.283675551946,66952.82082001325,26.24900000411638,307.4319999951577,21424.4506076014,67001.30261254642,-229.11896017454868,42.96449815700839,9.13401604247079,1.625880267382205,-1.120809140510343
23.82906665663609,21427.51225098913,66950.45058649496,26.146000010872143,307.4430000009079,21424.70854367056,66998.70277717058,-229.0814699215805,42.73357714595685,8.34096007524979,0.8221260199401029,-1.1322728256935188
23.81723444915453,21427.74082659015,66948.08035298242,26.13100000060757,307.4429999967204,21424.95866361233,66996.10279955692,-229.054953713508,42.50297086288575,8.32955598523095,0.5816331563892356,-1.1433128018737297
23.817748884703786,21427.98236756704,66945.71016367813,26.104000003863693,307.4849999950427,21425.23226292485,66993.50334333781,-228.9865202348125,42.27223723125621,8.230504028975664,1.4997441955537594,-1.153981107300503
23.82340778728557,21428.223908720924,66943.33997438008,26.083000003571684,307.5049999977509,21425.49019151201,66990.91471716322,-228.94015055081883,42.05321983518011,8.134531978630005,1.0211657578527267,-1.163783438110268
23.75138554882309,21428.452421022568,66940.98826421278,26.037000009241424,307.5249999975956,21425.748120303208,66988.32609098191,-228.8937819315564,41.81500907523753,8.228212057506001,1.0211423044530878,-1.1741822532639388
23.87793888401161,21428.668095873258,66938.59946321564,25.98100000112629,307.5399999975664,21425.998253075857,66985.73738568343,-228.8523877036077,41.6134704839908,7.571020021612852,0.9118537456860231,-1.1827450040474918
23.82289333033995,21428.922602765848,66936.22931814156,26.01799999401143,307.56899999415293,21426.27177136796,66983.1489071899,-228.797074500652,41.39441183337682,7.90238398921732,1.2173917802666991,-1.1918078731432635
23.941729990770675,21429.151179375825,66933.85908468334,25.99200001835037,307.60899999761034,21426.54528849092,66980.571658912,-228.7308798051057,41.18520341274576,7.380972099286907,1.4630631862304821,-1.200241236216724
23.893372233318573,21429.379819956124,66931.47032790599,25.84100000503472,307.6109999982229,21426.795340004,66977.99393139331,-228.70260474710847,40.99533472428991,7.0114599781781255,0.6255155270677205,-1.2077193199815575
23.877424435574056,21429.621362138205,66929.10013865976,25.91799999181007,307.64299999559006,21427.05327178511,66975.41654591066,-228.6443589425037,40.78754863853497,7.3460720024496515,1.2881629636342071,-1.2157235894418617
23.973111102872853,21429.8629044959,66926.72994942694,25.86700001712729,307.6609999989818,21427.303339070968,66972.85010119081,-228.6002037325088,40.59112224104156,6.81800009131597,0.9810211163813917,-1.2231284395873374
23.955105565603155,21430.10451084271,66924.34123687947,25.763000003092948,307.6679999982609,21427.537810711903,66970.28348774853,-228.56699616209968,40.413893168013225,6.508419974963255,0.7381940258592719,-1.2296828249117309
23.91240665954596,21430.33308829065,66921.97100345754,25.794000000362303,307.6879999969271,21427.78788508676,66967.71706405381,-228.5208431678677,40.21681044580319,6.773736026938828,1.0254057860648627,-1.2368386999515035
24.008607774327693,21430.57469498128,66919.58229092932,25.74300000364437,307.7099999968343,21428.04570756525,66965.16180243077,-228.47283446163183,40.04961824660843,6.2438120255400325,1.0709203833895375,-1.2428059711634938
23.94121556469705,21430.81630184931,66917.19357840875,25.76599999653153,307.73099999813047,21428.29578569495,66962.5953892394,-228.4256836124856,39.871721194456136,6.569223954604129,1.0475748729700147,-1.2490572077893218
23.956134432806287,21431.057908895786,66914.80486589843,25.74700000860914,307.74699999550654,21428.538067762493,66960.02889694355,-228.38350713463385,39.69417824960119,6.447116072890276,0.9373194799103226,-1.255200846944809
24.029700001196908,21431.28655083367,66912.41610918696,25.68100000382377,307.7909999952883,21428.795964623285,66957.47386661693,-228.3135028881069,39.52653902405069,5.944680009456701,1.561500970210763,-1.2609195148416068
23.976712220650818,21431.541059696003,66910.04596421866,25.70099999491693,307.8129999963242,21429.04600841137,66954.91857843565,-228.26547196339024,39.34192683430288,6.207435987358006,1.0717257885014744,-1.2671301529353938
24.032786670492143,21431.756736689385,66907.65716332084,25.699000009129712,307.84799999606616,21429.2960959968,66952.3634269236,-228.2044428700222,39.17392944491599,5.998368019095247,1.3617293910022952,-1.2727072112795925
23.95767777183441,21431.99834442415,66905.26845084602,25.61300000461128,307.867999996882,21429.53053618156,66949.81917918137,-228.1584778806772,39.0190259052396,5.959160037996738,1.030641430684337,-1.2777902429306454
24.111496654381643,21432.240016160067,66902.86121505876,25.62100000435068,307.89899999553364,21429.788390238147,66947.26401210805,-228.10147698256745,38.870426751510365,5.434212059888535,1.2714917029274104,-1.2798337875007737
24.086288891307305,21432.4686589459,66900.47245839135,25.547000005007515,307.9229999984654,21430.038364946144,66944.73097396984,-228.0516837528354,38.72519069487217,5.258560009320756,1.1207049019707935,-1.2791323350520138
24.120756665486148,21432.710331027043,66898.06522262168,25.549000005108056,307.92999999790817,21430.2572030714,66942.18653650086,-228.0186683060092,38.58945773815059,5.141676022638868,0.740667835700944,-1.2794846574394192
24.07600000651684,21432.951939468407,66895.67651017553,25.4670000073491,307.95099999842523,21430.50716808872,66939.65346681415,-227.9718769376724,38.444859203933774,5.007600002996138,1.0531445956757963,-1.2795768610488152
24.081658880007502,21433.18058276428,66893.28775353616,25.48199999297193,307.9549999981453,21430.725996506226,66937.10899781184,-227.94186335559377,38.28993556120635,5.041228006671935,0.6733225124753018,-1.2841278367421833
24.147507777485608,21433.42225537061,66890.88051779072,25.508000003999022,307.9829999958896,21430.96042633682,66934.5759486417,-227.88802170668612,38.16472642944147,4.897772015448294,1.2124966100784715,-1.2835659181568688
24.100693335584765,21433.676829665023,66888.49184958721,25.46199999923369,308.0049999978125,21431.19483622775,66932.04283640152,-227.84018070662208,38.02165452986753,4.90070398913613,1.077371964947078,-1.2871920278258002
24.167571094177408,21433.91850263621,66886.08461386328,25.5109999978348,308.02299999646783,21431.43705069692,66929.49859410508,-227.7962501663636,37.8848397049248,4.836344053166617,0.9847562601713692,-1.2889886361654943
24.264801109358025,21434.147210441293,66883.6773339325,25.455000012298964,308.04899999827205,21431.687033433696,66926.96557692916,-227.74446419912653,37.758095583711054,4.284716050587379,1.1655528468338727,-1.2762805003273066
24.216443337258053,21434.388883758933,66881.27009822607,25.40699999563149,308.05299999814304,21431.905786146068,66924.4433369748,-227.7146890928967,37.64458715041341,4.286003970144378,0.6738174545449305,-1.2794382464229073
24.22827555658349,21434.61759190749,66878.86281831219,25.45800000397049,308.076999997685,21432.163542080893,66921.91032529567,-227.66493141225988,37.51740040916325,4.427008010593198,1.1195753507179087,-1.2873171166859279
24.19638000018801,21434.83333486477,66876.45549419611,25.373000002428743,308.0800000000512,21432.39010962571,66919.37698682974,-227.6360679659143,37.39097439541652,4.235832008066635,0.650173125027744,-1.284721342784131
24.235992217278987,21435.0621071642,66874.02969097816,25.40700000722855,308.08899999718744,21432.61665917417,66916.8548259479,-227.6013225761748,37.29489947590785,4.215628043818427,0.7860945927148935,-1.2866389800311067
24.2596566603128,21435.303781172228,66871.62245530133,25.29799999943179,308.11599999642544,21432.8510488184,66914.33288072747,-227.5486056622171,37.18079400947367,3.7380360208283707,1.1923578930726568,-1.2613453391652478
24.306471112579413,21435.545455360338,66869.21521963758,25.40499999587163,308.133999998646,21433.108747107068,66911.81092050715,-227.50496833788603,37.06534049648968,3.9547039798519847,0.9861525965795596,-1.2841371311584209
24.2581133344504,21435.774228179056,66866.78941644591,25.29900001668883,308.1449999971005,21433.311965250465,66909.28870105052,-227.4681469624872,36.97055238815891,3.747192056058347,0.8336888920181216,-1.2633691679825052
24.30749999364149,21436.0029373328,66864.38213658186,25.26699999397757,308.17399999654793,21433.56188295797,66906.77794439529,-227.41360260042785,36.86602485062922,3.454200001209894,1.2383954258132148,-1.1995252133078416
24.31881777719709,21436.25764125837,66861.956421839,25.33199999385957,308.19199999742875,21433.81180226193,66904.25595763265,-227.3699419219708,36.7701883020877,3.6474559799849233,0.986973186469816,-1.2414352932502781
24.34196777232217,21436.486414592782,66859.53061867102,25.32800000554505,308.2159999964963,21434.0461827616,66901.7339808448,-227.32022986357305,36.67385137601136,3.5497160396023646,1.1243980874451394,-1.2201541617771683
24.37643555432636,21436.728153488257,66857.10485972986,25.27000000940133,308.2339999993427,21434.288322880533,66899.2119675389,-227.2765448240976,36.5777346645811,3.2168320382698896,0.987807810938608,-1.1487489476319601
24.37283444215319,21436.96989256564,66854.67910079664,25.22799999784892,308.23599999792674,21434.514812079287,66896.70084762895,-227.2489237009404,36.49340360475976,3.078596000504618,0.6276532557602148,-1.1193316190122686
24.40987444111656,21437.21163181899,66852.25334187312,25.27299999796188,308.27099999376736,21434.77253043645,66894.19018048006,-227.1884111007364,36.40770938647842,3.1072520046431467,1.37347267159323,-1.1254281331387137
24.429423325714087,21437.46633666412,66849.82762717557,25.231000009082127,308.3079999974544,21435.030255709527,66891.67953432245,-227.12589961514047,36.32274588153899,2.8856760601249447,1.4188350625448647,-1.0784884280341407
24.47520889588285,21437.70807628368,66847.40186826886,25.20699999282468,308.3060000020435,21435.264511615253,66889.16839892036,-227.102307622055,36.237950367474255,2.634447948990588,0.5359483424512382,-1.025224090831288
24.370262226145297,21437.94981607992,66844.97610937267,25.263000006463265,308.29799999848177,21435.490967986403,66886.65717397646,-227.08468989096752,36.15352776056742,3.213856009144688,0.400332845092177,-1.1481151196509447
24.44537110067207,21438.19155605592,66842.55035048717,25.15300000346239,308.31300000116295,21435.73302256353,66884.15735820337,-227.04424392497305,36.079581068301785,2.54746405004516,0.9226263335861042,-1.0072274203505478
24.463376666268665,21438.43336004528,66840.10606828767,25.22299999610361,308.2870000013848,21435.951639313065,66881.64591771117,-227.0446007114996,36.01391627712513,2.734643987405801,-0.00810903119033759,-1.0464042209258848
24.481896663700983,21438.688065814385,66837.68035363704,25.172000004326755,308.2999999986341,21436.18594624594,66879.13493987988,-227.0060136291111,35.93002917046216,2.484372026252778,0.8766075797046458,-0.9938250958325939
24.455145571195807,21438.94277177504,66835.25463899625,25.201999995224927,308.297999999556,21436.420164736675,66876.63491905594,-226.9825432315451,35.85709980314989,2.688675926504833,0.5355366281608444,-1.0365647168474925
24.33373666790384,21439.18451247832,66832.82888014615,25.205000001207967,308.31499999698184,21436.67004464038,66874.12403629537,-226.9400111493292,35.771638472469576,3.1365479998948618,0.9656765265695006,-1.131660710350225
24.435082209867016,21439.426253359008,66830.40312130352,25.193000003632765,308.3409999948658,21436.919954931207,66871.6132480369,-226.8884806154044,35.68626983865555,2.728504057556697,1.1699736927904463,-1.045092293015036
24.42736556527636,21439.6679944178,66827.97736246878,25.16699999987012,308.3779999976784,21437.185423229905,66869.11374286571,-226.8261210938244,35.61122361522161,2.6626839645375386,1.4211716460570822,-1.0310223096066378
24.45463107655241,21439.90979949963,66825.53308033122,25.1750000042857,308.38099999798646,21437.419697537964,66866.60266001872,-226.7975383919837,35.544999495526355,2.593328139839844,0.6493283562307381,-1.0167430845364163
24.70928112381409,21440.12573766365,66823.07018642168,25.13399999655805,308.4169999943395,21437.67738326736,66864.10311779026,-226.73615442267243,35.50591071790529,1.5289879418782533,1.3993780211638427,-0.7524684576612372
24.35122780401664,21440.38038087992,66820.66299515567,25.21099999468608,308.44299999916024,21437.92725603812,66861.60344402071,-226.68474444850312,35.41387783130267,3.09517988640998,1.172376240451512,-1.1228598821759206
24.3970133440162,21440.60915718181,66818.23719213209,25.16900001033276,308.43899999997745,21438.16150741293,66859.09228767917,-226.6631643120625,35.328349851327296,2.779151998739607,0.4902425885120274,-1.055894570241759
24.21078443319898,21440.81193883376,66815.82982398504,25.12000000139126,308.4479999988757,21438.403543900924,66856.59240889063,-226.62872891583604,35.23367108573553,3.27317604549221,0.7855168449608657,-1.1607578098986941
24.51893665085289,21441.07967575677,66813.38563033732,25.147999992725893,308.4499999999979,21438.63777746598,66854.092430087,-226.6012676986739,35.17997563906717,2.2646280307428115,0.6266006515023805,-0.943884851640593
24.3429966868255,21441.308452566893,66810.95982733487,25.16000001124551,308.45199999948744,21438.87979083152,66851.59247781952,-226.5738338585072,35.10516777059979,2.941211967912038,0.6257987652805028,-1.0902154099438413
24.397527762849645,21441.55019503489,66808.53406857129,25.036000008361743,308.46299999670816,21439.129575905063,66849.10376109957,-226.5375444930997,35.04184234026671,2.2985000838435528,0.8312268695519853,-0.9517077191732116
24.42788000463583,21441.804903188146,66806.10835404253,25.07399999064436,308.4909999976552,21439.379456516686,66846.60410830191,-226.4841405927052,34.96832390661348,2.3260319496307034,1.2178429304750578,-0.9580297604222998
24.374892227915613,21442.046646024428,66803.68259529553,25.115999996152983,308.50299999622524,21439.62928362905,66844.10428754322,-226.4467367157278,34.893911210423866,2.6679879656545324,0.8529827994265621,-1.0321225846063218
24.36923333004168,21442.288389036486,66801.25683655942,25.120000005833017,308.5369999985254,21439.90252366885,66841.60477730357,-226.3874143157669,34.818420006796174,2.702760032848811,1.3515318090405983,-1.039583809164565
24.399071108641103,21442.54309774484,66798.83112205956,25.04900000810117,308.52999999856183,21440.144469478684,66839.11584511424,-226.36910141607632,34.75606929758054,2.3397440380562458,0.4195817756358634,-0.9611666833712048
24.41141777359945,21442.79780664465,66796.40540757112,25.023000001691926,308.5639999961181,21440.409891977368,66836.62742285452,-226.30987114693292,34.692836210878895,2.2016960211329164,1.3558281684736395,-0.9292098303208064
24.43611111505543,21443.03955020637,66793.97964886023,25.021999996237536,308.57299999928904,21440.65967150124,66834.13868513504,-226.2755875693637,34.629491883102666,2.109199972255587,0.7852827879505975,-0.9072750009093689
24.380551112212444,21443.281293943848,66791.5538901602,25.05699999936665,308.58799999685533,21440.9094713462,66831.65001038571,-226.23530534232708,34.566209673972324,2.4352159937551376,0.9226852817258503,-0.9828074450379115
24.42170666424382,21443.5360033995,66789.12817569988,25.06799998735552,308.6099999980641,21441.1670745249,66829.16143562876,-226.1880509058318,34.50328820117227,2.3266559632021173,1.082052894479365,-0.9581726832255516
24.39804222361545,21443.777747502143,66786.70241701606,25.16300000755143,308.61499999977065,21441.424697467868,66826.65045340762,-226.15756339885056,34.417276968898875,2.753848022169528,0.6919997663734164,-1.0505032092499123
24.429937771237537,21444.032457327496,66784.27670257678,25.0060000079634,308.6259999962685,21441.682225819604,66824.172877744,-226.12142678483647,34.365339747261075,2.073824052213111,0.8311495227772818,-0.8987594183435046
24.46080444337384,21444.3001967502,66781.83250905947,25.028000016141142,308.6539999991148,21441.94762939321,66821.68439247189,-226.06820205407743,34.32126231327881,2.0419040619622932,1.2183708558140813,-0.8910109658704548
24.448972225208863,21444.55490696332,66779.40679463603,24.84199999497805,308.6459999990424,21442.1661960554,66819.20648476073,-226.050934300806,34.271308905318776,1.4148999711690735,0.3977254913836936,-0.7177679048738687
24.438168887331337,21444.80961736432,66776.98108022567,25.078999982933244,308.6759999956541,21442.4549457218,66816.71810007698,-225.99579082365287,34.20672336688125,2.306991944166866,1.2610280311963566,-0.9536610889146256
24.46234777551497,21445.064327953383,66774.5553658251,24.979000016835176,308.69599999773664,21442.720323049474,66814.22953084549,-225.9505685574244,34.143348236589034,1.859948068752739,1.0351959234948946,-0.8447259068971528
24.46594888806097,21445.332068158776,66772.11117235116,24.96799999547749,308.71599999691983,21442.977882591545,66811.7520496047,-225.905437375338,34.11072070757318,1.8073839866994719,1.0380234629032823,-0.8307928185016102
24.476752221864853,21445.599744712006,66769.68550220357,24.98799999757597,308.7339999989439,21443.243253605782,66809.26345938625,-225.86221695069145,34.04804843982984,1.840491992560017,0.9893725272434474,-0.8395968006115607
24.47778110849497,21445.854455881352,66767.25978783524,24.981000008868843,308.7349999994824,21443.50078809189,66806.7746642805,-225.8359700924223,33.98491142528128,1.811588041345945,0.6010105806090618,-0.8319161439986766
24.497844446578693,21446.10923109206,66764.81555015464,24.904000001549267,308.7459999981822,21443.75053833841,66804.2970620791,-225.79981490987552,33.95190533144225,1.462159997894068,0.8318322190513971,-0.7323504760082371
24.47572332826008,21446.38987382555,66762.38992427941,24.963999991934283,308.7619999966566,21444.015864928697,66801.81956540946,-225.7587137842933,33.90104451639877,1.7577959892271295,0.9450342280880356,-0.8174206888757919
24.54825999739161,21446.644649431084,66759.94568662193,24.97400000184765,308.78899999746545,21444.27348726364,66799.33104305009,-225.70647144685665,33.85666877724873,1.5326640160417384,1.1962604124759157,-0.7535587705449627
24.500416671999787,21446.912326968155,66757.52001652887,24.952000005608312,308.7979999986542,21444.5310110709,66796.85344640574,-225.67234545863505,33.80544849740407,1.6257000009906903,0.7849042469575598,-0.7806194348968234
24.52871110044331,21447.180068565187,66755.07582313278,24.917999998795327,308.8149999972054,21444.78856192507,66794.37593367635,-225.63022093435143,33.772807783373096,1.4014400340672624,0.9688717372174266,-0.7135581976293167
24.57964111579999,21447.460775976604,66752.63167397997,24.94800000085973,308.83199999851087,21445.03833327681,66791.89839440206,-225.5880709903348,33.74137213342363,1.3260919862150573,0.9697544316205805,-0.689505283112336
24.508647777958355,21447.72845412177,66750.20600392242,24.90100000478029,308.836999999678,21445.288064540506,66789.42072926705,-225.55792129425643,33.690586470085,1.4124680165589638,0.6936602771132478,-0.7170091800360143
24.56935222105053,21447.98323070264,66747.76176631956,24.916999992819463,308.84299999824214,21445.545579055368,66786.94310117258,-225.52679902726544,33.65709039674825,1.2515319783681604,0.7158169082363339,-0.6648375009274982
24.53334110543537,21448.238007472177,66745.31752872175,24.9619999988228,308.85899999829024,21445.80316564536,66784.45446341991,-225.485561903302,33.612601447623426,1.5431720161947553,0.9442695906788006,-0.756666300158771
24.65114887903643,21448.50575006532,66742.87333537634,24.94200000158873,308.87099999705424,21446.060700690712,66781.97689824725,-225.44844195527352,33.57992975546587,1.0470640411882826,0.8537664419012565,-0.5921087107353158
24.61616667760088,21448.77349286268,66740.42914204286,24.950999999357176,308.89799999740933,21446.326065995752,66779.4995169153,-225.3963502816474,33.54695506602599,1.2053999583226656,1.1977261274567852,-0.6491096809397735
24.576039997085147,21449.02827021436,66737.98490447682,24.94499999974257,308.9089999976266,21446.58359808148,66777.02194125681,-225.36023222201817,33.51350997289402,1.3282560095667264,0.8307227009205834,-0.6902080080766633
24.61050778083796,21449.2960134053,66735.54071116517,24.949000002494103,308.9349999968171,21446.848998748585,66774.53343489245,-225.3090260204569,33.469430305573376,1.2185719979621141,1.1721680389544793,-0.6536382427527229
24.56626555026369,21449.550791144567,66733.09647361933,24.916000002234178,308.9430000010905,21447.09874143942,66772.05580122909,-225.2758833363472,33.43641576222144,1.2590440270937548,0.7625220430649042,-0.6673640397684727
24.680986655698128,21449.80556907261,66730.65223608457,24.921000000117825,308.9310000004741,21447.332857727768,66769.57790478834,-225.2626876307025,33.404127799895875,0.8640480399109108,0.30376532434522385,-0.519405997964637
24.68973222045245,21450.060411057948,66728.18947524068,24.90400000224743,308.9379999990742,21447.582597428915,66767.10026065497,-225.23054683805483,33.38959838132966,0.771364014461929,0.7394708704706964,-0.4809984778658407
24.711338894414848,21450.32821890742,66725.72675864985,24.896000001216912,308.94299999827234,21447.83233060651,66764.62259555861,-225.2004069010848,33.37583337458891,0.6647799844874314,0.693435726488289,-0.4334000277596094
24.6223400074723,21450.5700317402,66723.2824768967,24.89499999660716,308.9669999958664,21448.097687224843,66762.14518274565,-225.151321880912,33.3412685117564,0.9815759608855033,1.1285998398363604,-0.5670110559490341
24.63159999749532,21450.824810429152,66720.83823940172,24.93099999792268,308.9969999959896,21448.36306419029,66759.66783282293,-225.0962381949818,33.30755093552959,1.077840001538489,1.266513888555601,-0.6035799763315225
24.63931666220569,21451.07958931271,66718.3940019189,24.91300000427595,309.01500000036674,21448.61284159285,66757.19030400668,-225.0531019657813,33.274643406720635,0.9852600314529368,0.9924455622740871,-0.5684487345127025
24.688703330111647,21451.32146656616,66715.93119687508,24.90399999611411,309.0099999971744,21448.854762224542,66754.71250754125,-225.032938926546,33.2596794543447,0.7750679976088648,0.4640270672684116,-0.48180703560178895
24.68561666490336,21451.576245822915,66713.48695940872,24.917000009610305,309.0539999948205,21449.12796652937,66752.23533089178,-224.9638854148444,33.2256405496214,0.8329800409450016,1.587139023585825,-0.5062206163989498
24.711338889821125,21451.8310891446,66711.02419863183,24.833999994377688,309.06999999875364,21449.36991972189,66749.7688690824,-224.9228419684844,33.22276192197858,0.44157997640362795,0.9487957347213445,-0.31741886999241153
24.69796332626966,21452.085868784136,66708.57996118777,24.96899999143268,309.08199999860403,21449.627495817705,66747.28018937582,-224.8856192952201,33.17823177310365,0.9757319945868602,0.8523450105811148,-0.564724002256149
24.7833611086896,21452.34077636252,66706.09867711028,24.908000009336767,309.08200000187577,21449.869433991043,66744.80244533313,-224.860460452092,33.18258897708486,0.44870004232979993,0.579003917180591,-0.3212960817129566
24.72934444823432,21452.595556385342,66703.65443968381,24.90399999806213,309.06500000091444,21450.11131527313,66742.32452313189,-224.852301556358,33.149797519270955,0.6287599793801206,0.1877610391322855,-0.41513378345825797
24.765869994485588,21452.837498629822,66701.17311137983,24.896000003365863,309.07099999901175,21450.35327395215,66739.84684199454,-224.8211450280737,33.153436130341355,0.4684680319689917,0.7170386710195407,-0.3322664299752272
24.76278333779377,21453.07937717772,66698.7103064003,24.86600000417776,309.0729999997316,21450.595181062068,66737.38023347227,-224.79410558640205,33.14963858015193,0.37157999898236227,0.62506372395241,-0.27583207226039524
24.760725545356784,21453.334221639787,66696.2475456829,24.84100000263332,309.08099999793063,21450.844888270305,66734.9137143853,-224.76109387479468,33.14621765730258,0.28898804619552293,0.7628976088548832,-0.22336060734404636
24.85692666410112,21453.576100558617,66693.78474072328,24.84499999396179,309.0860000031746,21451.079064371137,66732.43599623724,-224.73091379390183,33.131831127991774,-0.04293601250159327,0.6947663095051185,0.016449240701695195
24.79313556262463,21453.81797965886,66691.32193577343,24.87800000623768,309.05400000052816,21451.31311642635,66729.95789038241,-224.7377324561772,33.1170676622183,0.3055119970069797,-0.1569540105063684,-0.23410764667226266
24.80188110814528,21454.0469570726,66688.84056325992,24.842999981921192,309.0739999996735,21451.55508469061,66727.49147051109,-224.69269797339345,33.13115101964556,0.14802794559328022,1.0410534839588697,-0.1230009782973703
24.800337779597022,21454.288836528867,66686.37775832378,25.07699998378928,309.0609999978862,21451.82817645115,66724.9914674668,-224.6804190565699,33.09203253641941,0.9959839350921215,0.27974536634148245,-0.5726157808885227
24.786962224080373,21454.530716169007,66683.91495339977,24.99600001972741,309.1029999968019,21452.07803707671,66722.51419011423,-224.6132979199524,33.077082486520034,0.7525360643293383,1.5442025506233927,-0.4711479137481891
24.784904441573104,21454.772595989416,66681.45214848523,24.90900000677275,309.0930000016793,21452.312163722567,66720.03631483468,-224.59812180603112,33.06253509305619,0.446744034718725,0.34935611401557937,-0.31968724099742307
24.82297332807286,21455.01447599362,66678.98934357935,24.893999995345503,309.0989999981325,21452.56190384738,66717.55866029822,-224.56700044363265,33.047215970794426,0.2556960021815186,0.7160160897440131,-0.20068303433149848
24.828117783825736,21455.243454286785,66676.50797110568,24.94999999486998,309.108999999167,21452.811695921424,66715.06993314075,-224.53176397615732,33.038560593560355,0.43877595975928047,0.8071093541578862,-0.31505638321110335
24.77770222200666,21455.498300423744,66674.04521047405,24.96999999373141,309.11899999692764,21453.05367005643,66712.59229396295,-224.496618406628,33.02452411529356,0.6922719782090994,0.8088443387968581,-0.4441808449985704
24.818857776419115,21455.74024485759,66671.56388227544,25.01900000168713,309.1479999970035,21453.326865704843,66710.10384549684,-224.4424642546841,33.015452399802896,0.7205120109648491,1.239242820991796,-0.45681105763162194
24.78644777981044,21455.982125587005,66669.10107740082,24.964000002008515,309.1599999981026,21453.576665073066,66707.61513928541,-224.4052308532352,32.989107311963146,0.6391879999130652,0.8528504327892543,-0.419325133352456
24.817828882542447,21456.224006498687,66666.63827254117,25.008999994409297,309.1799999973468,21453.826491490006,66705.12651687428,-224.3599989219347,32.962845201857576,0.6882160027206624,1.0360579300132944,-0.4420257765798214
24.84097888968579,21456.465951477927,66664.15694436911,24.99900000585956,309.201999995121,21454.076324812737,66702.63791540387,-224.31276809553128,32.95509625687841,0.5688760182255749,1.0818415910409283,-0.38466098086051076
24.80239556510323,21456.707832752803,66661.69413952195,24.99399998838201,309.23599999898227,21454.33397843769,66700.14946616674,-224.2535653751603,32.92852620678545,0.6897759238036173,1.355622982711099,-0.4425671219237756
24.738090003593225,21456.94971421112,66659.23133468835,25.0800000071422,309.2269999986056,21454.56818674984,66697.64937236079,-224.2371655449425,32.89178213138268,1.2308760127763094,0.3741985969686121,-0.6578408592046807
24.73448889307194,21457.178630036127,66656.76848560043,24.94700000251272,309.26599999418096,21454.82581921585,66695.17209000164,-224.1730813886671,32.87560980361576,0.7650399939868052,1.473893204134064,-0.47642696648803856
24.703622216161506,21457.420447962457,66654.32420410447,25.059999991074704,309.2879999994243,21455.09125128552,66692.67242707867,-224.12579101483,32.8188933005402,1.2829599896875152,1.0777745271220802,-0.6753452017515819
24.7807888897872,21457.64942802432,66651.842831715,25.00400000957109,309.2810000019132,21455.317610385333,66690.19455674317,-224.1076004122581,32.82254788712067,0.8035600312220055,0.4188695385969412,-0.49348499123545747
24.70207889199676,21457.891246305448,66649.39855023021,25.004999993437423,309.27599999789817,21455.55957435411,66687.70564594572,-224.08734745045209,32.77799208200218,1.0905159651863883,0.46403389468324974,-0.6082472326100752
24.747864444747385,21458.13312866108,66646.93574544165,25.03200000511791,309.30399999698056,21455.817247322346,66685.2060192931,-224.03403400719705,32.74028125927114,1.0228880173338937,1.2154126229068183,-0.5829549184770112
24.65166334988952,21458.362045357306,66644.47289639474,24.976999997691976,309.3100000001036,21456.051430442032,66682.72831166691,-224.00287352768527,32.72513194932234,1.1712119320888392,0.7173362702723437,-0.6372103061761283
24.60896443543171,21458.60386417617,66642.02861494044,25.05799999334123,309.31499999804845,21456.29346687949,66680.2283910655,-223.9725078595136,32.66958102295713,1.6165280084742777,0.6926791518783266,-0.7779957874459453
24.70310777597065,21458.845747069143,66639.56581017553,25.00200001858275,309.32999999941256,21456.535498753816,66677.73968970089,-223.93226003543384,32.643722691382244,1.0760120734035525,0.9221692179321205,-0.6029042017067547
24.6274844530215,21459.08756624936,66637.12152873668,24.913999992029986,309.3309999976728,21456.7696656188,66675.26192973212,-223.90610219283863,32.61076878873658,1.031455940430554,0.6021690853016696,-0.5862136189470759
24.63571555097557,21459.329385612164,66634.67724730793,25.0699999851688,309.35999999747656,21457.01952471953,66672.77340150227,-223.85188358271225,32.56611614694676,1.5634239630956301,1.2418876642275092,-0.7626178068041997
24.64086000420149,21459.558239289217,66632.23292162496,25.04900001137365,309.36099999999425,21457.26154846525,66670.27343902926,-223.8255216159897,32.50978552980238,1.4693040258197798,0.6013472084036335,-0.7345286495330529
24.59404556059317,21459.80012289964,66629.7701168953,25.00899999460279,309.3679999992308,21457.495774354487,66667.78462735399,-223.7932508353251,32.48428846166048,1.4938359624346291,0.7396072223441841,-0.7419574723896469
24.585814442897487,21460.04194279692,66627.32583549115,25.05800000647065,309.3719999985202,21457.737770204298,66665.29581083202,-223.7640072610481,32.439824378175075,1.6998680288633865,0.6700343556725687,-0.8015020002826004
24.57912667400158,21460.28376287618,66624.88155409928,24.958000000664768,309.38599999922377,21457.979761488063,66662.81821353157,-223.72488149722443,32.406559319125705,1.3639439759874818,0.9004451619562686,-0.7016938971663801
24.54980332046848,21460.51261724776,66622.43722844923,25.03300000123366,309.3839999996127,21458.221775890084,66660.318219679,-223.70152330022185,32.35019697809432,1.7395080507546439,0.5328254875286417,-0.8124306558527811
24.657836678164976,21460.76740356893,66619.99299133747,24.95799999439989,309.3979999973523,21458.463767541733,66657.84062237992,-223.6623994960107,32.317672851481255,1.0805879384456945,0.9004000581761862,-0.6045945700198209
24.435082236647,21461.00916029129,66617.56723329253,25.08000000168653,309.4139999985414,21458.705842763786,66655.34081694891,-223.621044359246,32.2437431272084,2.3217039541423077,0.9433651411628741,-0.9570380429306633
24.533855537749663,21461.250981086632,66615.12295193705,24.958999998444924,309.41800000018605,21458.94780119921,66652.86311497692,-223.5919219049033,32.21037614028166,1.5305200585029397,0.6702251849467734,-0.7529230807713678
24.551346675277053,21461.50576797116,66612.67871485818,25.083000003283768,309.4209999978138,21459.18205325292,66650.36314692655,-223.5635415504896,32.156007077121714,1.9139519808241758,0.6475737697274109,-0.8587964973935853
24.49372888890437,21461.734623226308,66610.23438924864,24.89800001370389,309.4419999986144,21459.431849025783,66647.88564944139,-223.5174484892821,32.121614004719106,1.4553760492782644,1.0604715561261735,-0.7302758186149142
24.539514440679337,21461.976380659627,66607.80863123617,24.95299999581211,309.44199999902173,21459.673794576825,66645.40790562081,-223.49232872440567,32.06971378867158,1.4885479984779835,0.5781045188633064,-0.7403627477859189
24.51327778471524,21462.2311681001,66605.36439418701,24.91099999765375,309.4579999986617,21459.91579404739,66642.93032924853,-223.4512109018017,32.03722139119838,1.4317999665786403,0.9462901281305242,-0.7230176398770081
24.48806999735076,21462.46002387789,66602.9200686038,24.98899999863133,309.45500000093534,21460.15776822623,66640.44143951469,-223.4289767156211,31.99193605174501,1.8033480046100478,0.5094292989493466,-0.8297129045957758
24.507104450667487,21462.71481168476,66600.47583156964,24.9090000086376,309.45200000008754,21460.391924356,66637.96363776183,-223.4068332866992,31.9597047198913,1.4468240086924113,0.5097519021396066,-0.7276516686113765
24.437654443122767,21462.95656984629,66598.05007359548,24.92699999250793,309.45499999871487,21460.641660604484,66635.48595192411,-223.3787440152156,31.90738315363752,1.7616439777865878,0.6462543565428469,-0.8184665703269755
24.519451105051605,21463.198392089085,66595.60579231096,24.94900000472368,309.46799999841363,21460.8914306316,66633.0083707263,-223.3406563206393,31.87365665746526,1.5463760388194672,0.8762939518520784,-0.7576111567539564
24.463376681552987,21463.440150607563,66593.1800343503,24.90199999896997,309.47599999891565,21461.148925614754,66630.54187830775,-223.3077118804713,31.832033018104447,1.5790439427011393,0.7611067901911988,-0.767174864970954
24.385695557571346,21463.681909304385,66590.7542764066,24.950999998560683,309.4869999980331,21461.414287457792,66628.05321477867,-223.2715626675554,31.76780582965319,2.0350959875616126,0.8275040966257982,-0.88935010140209
24.42839443600634,21463.92373208681,66588.30999514787,24.9050000055324,309.51699999193403,21461.66411516193,66625.57581143826,-223.21647893038863,31.734259500314625,1.71578005029382,1.2673057711081748,-0.8059076963209696
24.459261112304784,21464.16549114205,66585.88423721492,24.90199999962881,309.5799999956533,21461.952915122896,66623.11000066818,-223.1286463666441,31.69145957613431,1.593859994366494,2.0261840064670946,-0.7714711348161276
24.431995557723926,21464.40725037728,66583.45847929537,24.86300001338352,309.57800000013594,21462.1870759156,66620.63220940184,-223.10550981028493,31.639970256017488,1.551616040374536,0.5326150031863258,-0.7591537487707951
24.45565999162796,21464.64907369549,66581.01419806463,24.81299998376989,309.6049999934168,21462.460195532083,66618.16596886162,-223.0536241960532,31.61619621839889,1.2864239717109385,1.1979093733334985,-0.6764934064978779
24.479838900345783,21464.916765242,66578.58852870921,25.016999987520062,309.6579999929488,21462.74125930912,66615.67779778474,-222.9755352410465,31.553017463201225,1.9337799138274065,1.786232606967546,-0.8639034211267353
24.36563222214309,21465.14555904537,66576.16272654355,24.913000024550826,309.6880000002928,21462.98330808415,66613.2003678084,-222.92042994854845,31.500703493098783,1.970524088667844,1.268179292003127,-0.8732867382023258
24.460804441204616,21465.387382909063,66573.71844533892,24.78300001136673,309.6670000021366,21463.225147378045,66610.73351889645,-222.9164386901413,31.478173268932142,1.159904052583616,0.09225980139850136,-0.6332272199848548
24.373348898721947,21465.62914304464,66571.29268746053,24.77799998603332,309.6739999969758,21463.47482249884,66608.2781039752,-222.88459264041447,31.44810564357556,1.4567439143209384,0.7392571569366216,-0.7306946310784248
24.40164332181556,21465.870903358245,66568.86692959366,24.88600000171721,309.69299999915864,21463.71683487231,66605.80055893693,-222.8404895968937,31.396391547126235,1.7436840476459452,1.0149906487384313,-0.8135729554568983
24.468006663585328,21466.112663851178,66566.44117173749,24.761000014181505,309.68700000098664,21463.96650503957,66603.33389352102,-222.8215285566672,31.35509326522613,1.0547760621462374,0.43818017155864797,-0.595002088719445
24.436111120641844,21466.35448843476,66563.99689056895,24.7599999939598,309.6869999993905,21464.208415612145,66600.86726430357,-222.7965424320312,31.332777960650464,1.165999943944638,0.5775961989133149,-0.6353774026135771
24.364088897037416,21466.60921529748,66561.57117700305,24.77800000294692,309.68800000103886,21464.450291379228,66598.41176008759,-222.7706734439696,31.303787264913645,1.4900799812742207,0.6006875990202222,-0.7408251272117446
24.34248221900981,21466.850912419144,66559.16394249258,24.739000002986536,309.6780000001949,21464.69994866544,66595.94505287612,-222.75571505607653,31.24395101120385,1.4274640223162152,0.3456778029968332,-0.72167451467015
24.378493332047967,21467.092673632087,66556.7381846725,24.74599999840456,309.6839999998439,21464.94184159696,66593.48960096747,-222.7248482911158,31.21429991361045,1.323023998883737,0.7167413567766135,-0.6885077689867184
24.365632220954872,21467.33443502416,66554.31242686229,24.75399999715153,309.67999999959795,21465.18373945909,66591.02292996277,-222.7038657773812,31.17344870016476,1.3981239943079744,0.48504296270752434,-0.7125171386562151
24.38775333584088,21467.576260511883,66551.86814573807,24.777000000091988,309.6979999959463,21465.43349136736,66588.55651557336,-222.66091197444297,31.15089033993284,1.4012879913039868,0.9926576678892839,-0.7135104985877535
24.33888111347261,21467.817958344403,66549.46091125933,24.757000001231194,309.7289999962584,21465.68324879193,66586.10135164151,-222.6050760115356,31.10257288356621,1.5052279959309047,1.2961237366709966,-0.7453808994850487
24.346597782937568,21468.059720275007,66547.03515347584,24.77899999415152,309.75199999657065,21465.940797837888,66583.63501608776,-222.55715085029144,31.06114803857536,1.5566479603702235,1.1071969228470981,-0.7606319824441954
24.27509000352497,21468.28851633354,66544.60935141539,24.78200001177957,309.7759999979138,21466.19057047724,66581.16866441187,-222.5082003010429,31.01945853765244,1.8248760297165603,1.131235522667507,-0.8354563193300723
24.3332222085244,21468.5432446674,66542.18363792985,24.67900000036209,309.78499999804126,21466.4402545609,66578.7132704349,-222.4743658900852,30.99011640242016,1.244800050615686,0.785414640020601,-0.6625652457304354
24.39752777813209,21468.772041076583,66539.75783588635,24.75599999759856,309.80399999826875,21466.690010780592,66576.24686647378,-222.43041696607128,30.94838167913501,1.2904999900792944,1.0156541158300592,-0.677841990556312
24.32447668259292,21469.013803715177,66537.33207813499,24.696000002181314,309.8089999989056,21466.92412185777,66573.79137754916,-222.4005313966888,30.91913586104367,1.337483950518221,0.6941606130593405,-0.6931965006733432
24.21592890038184,21469.24253654539,66534.92479942652,24.741999999503264,309.824999997374,21467.16608838952,66571.32491565325,-222.35955780172816,30.85929371592417,1.893855956837126,0.9471807533556701,-0.8535884987784838
24.17425888948798,21469.48423561164,66532.51756501332,24.70299999689009,309.84499999661733,21467.423590154693,66568.8696632383,-222.31475431228344,30.81045598531529,1.9034679866475912,1.0397171482807572,-0.8560835796718567
24.20615443461391,21469.738900934328,66530.11037489363,24.743000012520472,309.86699999866784,21467.665577223088,66566.4032640531,-222.26778300188525,30.75206286791323,1.9326440804636207,1.0858244710840608,-0.8636117085411166
24.2874366582672,21469.993566446985,66527.7031847848,24.576000005911144,309.8650000003814,21467.89962714705,66563.95881649165,-222.24501689621823,30.716048962610262,1.0388280515181976,0.531173699542793,-0.5890046185804162
24.270974460921195,21470.235329983632,66525.27742707972,24.687999986710853,309.8759999960578,21468.141539264005,66561.50341686062,-222.2091628996192,30.68644781710289,1.501291892842768,0.8325490626638884,-0.7441999247072844
24.12898778623457,21470.477029773898,66522.87019269977,24.660000012273564,309.9059999983205,21468.37573541364,66559.04818924062,-222.15428457883567,30.638968965716664,1.911644013740373,1.274656664112414,-0.8582000271270789
24.165513326921644,21470.705763645576,66520.46291404641,24.607999997492858,309.8990000010873,21468.60202742167,66556.59254833596,-222.13637856334503,30.590830053985748,1.5929520140563682,0.4160187202649278,-0.7712085710396998
24.1706577775952,21470.9344976814,66518.05563539786,24.661999996908737,309.9069999969157,21468.84392999369,66554.13711735065,-222.1035272555045,30.54199514645305,1.768831989528735,0.7628242755235017,-0.8204165123598525
24.176316669302807,21471.17619799414,66515.64840104607,24.619000010272387,309.9329999970872,21469.08589323122,66551.68187447631,-222.0526779843787,30.49405188462596,1.593660027490489,1.1807355956898387,-0.7714133178147726
24.139276669363014,21471.404932371668,66513.24112241347,24.56500000235516,309.9439999993365,21469.31998789389,66549.23756279919,-222.0169183696508,30.456770708395386,1.5326039987717237,0.834344791175999,-0.753540982919035
24.13567555905733,21471.64656910572,66510.85241139926,24.586999993623447,309.95099999807337,21469.54628928177,66546.79318275546,-221.9851330443996,30.40208634256113,1.6247679644380242,0.7418276776993695,-0.7803532516134674
24.08526000579925,21471.87530382419,66508.44513278437,24.61200000358043,309.9679999983732,21469.780442804324,66544.33781924397,-221.9432596701929,30.35376731275425,1.8962639920122528,0.9726065643927446,-0.8542142792332725
24.077543330866927,21472.1039747793,66506.05637749768,24.555000005402714,309.96700000176565,21470.00671765177,66541.89335560519,-221.91947575716264,30.298293654957856,1.7188440283288344,0.5550806254469898,-0.8067531297544339
24.09503444443573,21472.33270983009,66503.64909889942,24.55699999774248,309.95499999998384,21470.24073571848,66539.44880361481,-221.9067185555365,30.260775415387545,1.663075991904303,0.2976418008953895,-0.7912157683581429
24.06005223200041,21472.561381119554,66501.26034362233,24.53400001239025,309.96599999871603,21470.48261126642,66537.00451852247,-221.87099010893343,30.20457126393817,1.7062120094034328,0.8333707904832678,-0.8032615706239706
23.989573338133248,21472.7770864316,66498.8715440716,24.45599999478497,309.96999999890164,21470.716645094995,66534.57124825427,-221.84235176602337,30.159114883224703,1.6791359639462045,0.6712136210276384,-0.795723064448696
24.030728872102017,21473.005821977284,66496.46426549688,24.586999986370788,309.9859999973412,21470.95853780265,66532.12701540718,-221.8016255123657,30.12146558662839,2.002576011367576,0.949944707591397,-0.8813754155730391
24.11149667815123,21473.234493761607,66494.0755102457,24.55400001885849,309.99899999963907,21471.192640584057,66529.6827246392,-221.7638735992286,30.065710160649576,1.5930120265461298,0.880829236118413,-0.7712259279709106
23.943787784881035,21473.450199552844,66491.68671071557,24.439999999514164,309.9940000007648,21471.418864662985,66527.2493337851,-221.744211115922,30.0205906888212,1.7863639726792642,0.46096830272889117,-0.8251522328025976
24.03072888264719,21473.678935595668,66489.27943216024,24.52899999351957,309.9959999985484,21471.645150788696,66524.80490153626,-221.71743401122987,29.983637462009447,1.79377599914057,0.6249396612248542,-0.8271458038991524
23.9473889052698,21473.8945777739,66486.90915596076,24.49300000431172,310.00799999920355,21471.87143233072,66522.3716882858,-221.6807744326485,29.920195894568643,1.9641999565509138,0.8594635063077763,-0.8716790683162333
23.910348879791908,21474.097317866985,66484.52031215679,24.50399999965604,310.00799999963385,21472.097673713502,66519.93834968665,-221.6561150711792,29.87444092874669,2.13714403151087,0.5781201630126951,-0.9139506192021285
24.00757888375853,21474.313024281382,66482.13151265103,24.47500000457189,310.0179999980881,21472.331767271207,66517.49402759106,-221.6213677063413,29.8179734347462,1.6827160349280932,0.8107267447520674,-0.7967241519429248
23.94790334725656,21474.52873085764,66479.74271315266,24.453000003335987,310.03199999800063,21472.565836088284,66515.06086180474,-221.58273749462268,29.77265299755985,1.818347961885938,0.9054022373583761,-0.833719079610994
23.90674776922289,21474.71850521236,66477.3538250711,24.42400000334629,310.0459999982366,21472.799905079555,66512.6276960174,-221.54410822116984,29.726010219184108,1.8621080428442427,0.905380243700741,-0.8452933355711731
24.002434442015403,21474.934212085893,66474.96502558586,24.41200000037777,310.0559999990436,21473.033922443472,66510.20560298633,-221.50959560533784,29.69177519258288,1.4744360101045204,0.8125739658802135,-0.736089211687194
23.92475334411393,21475.13695292255,66472.5761818141,24.410000000983487,310.06499999766123,21473.26797497916,66507.77238497851,-221.47596790585573,29.64579117771493,1.746887964730402,0.7881546304394347,-0.814448208722839
23.89594444822035,21475.339693902395,66470.18733804295,24.39000000487436,310.08399999862024,21473.50202293688,66505.35038593739,-221.4324576985109,29.61103480166909,1.7786000039544276,1.0244132546052411,-0.8230585681423355
23.86404888835373,21475.54237109288,66467.81701759993,24.35000000456596,310.0919999965885,21473.73603409983,66502.92827201857,-221.39994775966096,29.55768820874644,1.7494240183640315,0.7654218514541057,-0.8151403117132955
23.917036656243724,21475.7321461535,66465.42812955023,24.349999993539228,310.1309999954231,21473.97014962101,66500.50648182137,-221.33644061815852,29.522577209522467,1.5586680142638158,1.4951688056033101,-0.7612245653842591
23.95767778097301,21475.934887567782,66463.03928579709,24.39400000290897,310.14799999835014,21474.21197144797,66498.08448845214,-221.29495950578303,29.487528683127785,1.5707599989694558,0.9763466660446233,-0.7647616296686259
23.892857785529863,21476.124598967064,66460.66892107367,24.31600000902411,310.1619999982361,21474.43822322937,66495.662410599,-221.2564262905146,29.434100135278285,1.5233120045792845,0.9075005308062494,-0.7507817215833582
23.88411221874989,21476.314374442616,66458.28003304165,24.287000005694555,310.1739999978452,21474.67224853072,66493.24033843647,-221.219920314442,29.3988504212613,1.45039603300079,0.8595063735496746,-0.7287489218092739
23.909834443490528,21476.49118382312,66455.89110070762,24.23000000412071,310.18799999952176,21474.89068221004,66490.82934853181,-221.1814784549564,29.374887654400865,1.1525960182686603,0.909745704295794,-0.6306402688982117
23.895430002561564,21476.66792938656,66453.52069170111,24.23699999868668,310.1859999990573,21475.124622433414,66488.41824473176,-221.15908941470283,29.331661911202826,1.2296519860504191,0.529535593061328,-0.6574239543385738
23.8733088948387,21476.844739019343,66451.13175937826,24.231000000710694,310.2089999954803,21475.343086691304,66486.00734879107,-221.1116499457046,29.30790306800636,1.2876879811391746,1.1226713836494082,-0.6769119020690749
23.8362688872274,21477.00851858861,66448.76130608338,24.224000003903,310.2379999973052,21475.56157127458,66483.59651548245,-221.05821175277745,29.26524731601017,1.3958320200321581,1.2646213571695817,-0.7117966644889543
23.883083329937502,21477.172362216475,66446.3723294676,24.187000002068736,310.24899999858377,21475.779995520552,66481.18549424388,-221.022773399592,29.240997786461712,1.0941000196724404,0.8386663037361952,-0.6095609005365922
23.85324556369128,21477.323175760965,66444.00183187638,24.20799999451873,310.26199999833096,21475.99064655636,66478.77446730452,-220.98530965909623,29.19815812223395,1.2771159509788135,0.8868409227810904,-0.6734036468009685
23.82752332736885,21477.47405335541,66441.61281097202,24.201000014031383,310.2709999989077,21476.20128430244,66476.36339860696,-220.9518465978836,29.173887933854523,1.3445160719851132,0.7921364757674231,-0.6954651188925098
23.922695542278987,21477.611964788048,66439.22374576567,24.07700000409137,310.2829999972671,21476.404113822213,66473.96344917755,-220.91547410554267,29.16069471545161,0.5554960625245812,0.8651971925117445,-0.37501561223146584
23.935042236394164,21477.76284258981,66436.8347248646,24.136999996337583,310.3069999969813,21476.6147639264,66471.56365158403,-220.8671296754012,29.14789829185073,0.7270479357963069,1.1496601062958642,-0.45915722562687256
23.785853347166448,21477.887724003303,66434.46413867941,24.108999997170898,310.3259999968272,21476.81765564145,66469.15266067638,-220.8236435372681,29.10502275800011,1.1633279400160192,1.02967173598915,-0.6344357727945343
23.78070888393784,21477.999639217967,66432.09350819791,24.16100000493377,310.3529999964768,21477.012755921776,66466.75284120887,-220.77224825479007,29.073380328502445,1.3690480355853396,1.222843528212789,-0.7033209672675256
23.83986998343716,21478.11161845343,66429.70435439798,24.04500000982417,310.37099999846777,21477.207826092294,66464.35292779838,-220.72985333898345,29.06035890342993,0.7384680949932374,1.0087093265500475,-0.46439623771274424
23.926296677087283,21478.2235977668,66427.31520059642,24.076999990876736,310.3829999971158,21477.39509612328,66461.95292517859,-220.6934325459736,29.047631653594543,0.5425319296420312,0.8667803963322849,-0.36820368701686845
23.75961667511937,21478.322546915617,66424.94452581796,24.09600000535628,310.4079999976004,21477.582409988416,66459.553058226,-220.6440134435663,29.01644577522296,1.210979988852874,1.176116792632918,-0.6510318494531304
23.838326659234585,21478.40859377488,66422.55528341368,24.035000005282185,310.41499999909547,21477.76188336473,66457.15297683534,-220.61256773602048,29.00373714577289,0.70802404577136,0.7485528557419047,-0.4503363626123399
23.77813668017161,21478.49457674065,66420.18456432947,24.029000001548063,310.4239999993236,21477.933583471127,66454.75288973059,-220.57909663056648,28.97287715083056,0.9031079569552318,0.7969465305300111,-0.5356147809533005
23.71640333767177,21478.59352607947,66417.81388955005,23.99400000566894,310.42699999859417,21478.09744503792,66452.36382796554,-220.5517154996785,28.95349969126773,0.9993480047898103,0.6551014631824783,-0.5739175344548466
23.760131087750462,21478.65357653289,66415.44308186302,23.962000003795428,310.4489999958453,21478.261370590488,66449.97496446043,-220.50533641421657,28.93410982235629,0.7267280977618754,1.1096322527839806,-0.4590098975113669
23.97979886780869,21478.75258992969,66413.05388377188,23.942000000897806,310.47699999711057,21478.417536299374,66447.58613696892,-220.45293215363407,28.9338786092732,-0.13607592087917908,1.254033231984555,0.04936117098651814
23.96539446621501,21478.825734699203,66410.64607374814,23.94499999972653,310.48999999855204,21478.565909930065,66445.18601183585,-220.41538561480223,28.940915332591125,-0.07342007935852593,0.8945303881012,0.027225629488500325
23.790483346569115,21478.8598526218,66408.27517744787,23.961999991835647,310.5049999969636,21478.706471882004,66442.79699551011,-220.37592951358653,28.92215879655003,0.617459922959516,0.9445564622717997,-0.40665005406240884
23.78842555484957,21478.906936893967,66405.90432545662,24.00300000869532,310.52799999770536,21478.847060828124,66440.40806264454,-220.328474794276,28.90378914084636,0.7724680338446973,1.1360316349189952,-0.4797510621862424
23.735952234617447,21478.9410548584,66403.53342916197,23.865000013980303,310.53400000008344,21478.964252295533,66438.01887265865,-220.2979406507177,28.885451298831164,0.4645720057062846,0.7313281337326639,-0.3257237081336945
23.67421888780218,21478.949240142527,66401.16244425636,23.85299999814757,310.5379999977743,21479.07361860363,66435.64074975696,-220.26949668838813,28.87852984386236,0.6436119972434057,0.6845402644472062,-0.41956376178526206
23.76373220252449,21478.983358123653,66398.79154796246,23.87799998796939,310.56299999667226,21479.17531379899,66433.25170481153,-220.21991261535743,28.860691476568213,0.4113640276016341,1.1879144543030575,-0.295130278146106
23.85633222581116,21479.0045737191,66396.40208404063,23.953000008074536,310.5759999996197,21479.284748878592,66430.86256124606,-220.182355150894,28.861616145299287,0.3480040161481597,0.8996753723534411,-0.25683626404590565
23.75447223140607,21479.012759009005,66394.0310991334,23.7960000140225,310.57799999856906,21479.37076821754,66428.4843377161,-220.15583444586665,28.855098598467755,0.1495000174191503,0.6384886087545534,-0.12166971936609813
23.765275553310776,21479.03397460927,66391.64163521354,23.817999992345968,310.5959999977317,21479.464621558192,66426.10630766081,-220.11334202285144,28.86736287696229,0.18980798052669032,1.0228988093939049,-0.1512748582518584
23.75190000086348,21479.04215990069,66389.27065030644,23.81700000780992,310.6099999971042,21479.54290119214,66423.72818270691,-220.0747973815716,28.861170626813266,0.2343600250071873,0.9280659417329976,-0.1826127522600496
23.7796799927564,21479.03744276225,66386.88109777767,23.73300001204544,310.6319999987668,21479.628949565584,66421.36128230067,-220.0283963460851,28.885257792834228,-0.1680479305594517,1.122349087773151,0.06030192211009975
23.81620555671452,21479.00672890113,66384.5099799522,23.718999985103,310.6409999948451,21479.699393956635,66418.9941931268,-219.9949425482129,28.89116906035777,-0.3499400578014772,0.8093424557775454,0.11831513692064875
23.77247778338786,21478.976015004508,66382.13886213367,23.86399999273817,310.69399999590337,21479.79340356054,66416.60541352081,-219.9173399798291,28.87624237898004,0.3294799536611123,1.8592342745937178,-0.24523112081008835
23.742640007191,21478.945365023592,66379.74922099122,23.837999994113503,310.68900000144095,21479.87939970596,66414.22711694434,-219.8978241792528,28.89054551819055,0.3432959529210109,0.4698395093262593,-0.25390487879305773
23.69273888790874,21478.914587115483,66377.39662649056,23.93000000316525,310.6999999958154,21479.949927711616,66411.83781952999,-219.86214158505416,28.856751270673872,0.8541400149234434,0.8552389257431755,-0.5152297760210451
23.75807332358405,21478.8839370684,66375.00698534997,23.70200005025825,310.7210000018779,21480.004852287984,66409.47080228486,-219.8166391747156,28.88204066831269,-0.20186378397288252,1.1009947950649148,0.07160098201230498
23.76681889778952,21478.853223041264,66372.63586752577,23.500999975725183,310.692999999609,21479.997293959736,66407.12529045947,-219.8201547953929,28.90839307424593,-0.956948119431614,-0.08587849709834411,0.2760473925400102
23.66444445777453,21478.82250898448,66370.26474970292,23.8519999841042,310.7289999963364,21480.044565548604,66404.73617396886,-219.7593970619933,28.89307920682509,0.675199894786816,1.456492702182538,-0.434833715292461
23.65827109431707,21478.765798118737,66367.91206659384,23.66000002124717,310.73599999702486,21480.06050381468,66402.37999232364,-219.7278800579748,28.892233429483017,0.006224136948368653,0.7663425788884374,-0.005472843323363528
23.804887772745595,21478.709215088096,66365.5223368455,23.700999994184407,310.77299999712073,21480.07658130347,66400.01300894875,-219.666249957802,28.91776575186408,-0.3739960028202745,1.4914619247562046,0.12553713574181016
23.71383112474223,21478.665534486485,66363.15117471831,23.635000012481303,310.76800000107005,21480.084737406767,66397.64556104883,-219.6465917801388,28.923569126733376,-0.28379200413934313,0.47574353981343503,0.09792274496316877
23.685022223016137,21478.608887413226,66360.77996828647,23.61399999240152,310.7789999960884,21480.092908923903,66395.28939450455,-219.61105121058253,28.941320440093264,-0.25568003021261915,0.8641825335069524,0.08902292101011337
23.680906663672484,21478.55217634179,66358.427285176,23.68899999530788,310.8119999961438,21480.10119276995,66392.92234278316,-219.5533970730208,28.92981973911521,0.02913599388742938,1.3952654658106571,-0.025288735145353004
23.708686667938327,21478.48256272257,66356.05603444441,23.656000008763705,310.8309999975366,21480.09386914376,66390.55509191252,-219.5096901047863,28.936665655086216,-0.18967197302863922,1.057736790938726,0.06753892601305482
23.66701667040545,21478.42591548577,66353.68482801563,23.628999994790693,310.84400000029206,21480.06314634036,66388.19881326347,-219.47202009912692,28.95279587182135,-0.13686003221312149,0.9158361177247646,0.04962726974322959
23.66032889295896,21478.3563017489,66351.31357728159,23.68100000157068,310.8310000012976,21480.032412836976,66385.82003449449,-219.46011792402888,28.947140804495103,0.0744159910021878,0.28665204633610597,-0.06300117440711686
23.61865888916757,21478.286624003307,66348.960849869,23.59700001233931,310.8319999995552,21479.993869413607,66383.46360415558,-219.43442252016533,28.944966930806928,-0.07797195658173024,0.6246664466016726,0.028866265181163434
23.67010332405849,21478.21701013984,66346.5895991391,23.57199999475044,310.8349999988061,21479.963112888883,66381.10722125237,-219.406754542652,28.96175792931869,-0.35317198550899037,0.6726625328239799,0.11929126472923902
23.701998890784125,21478.147396215707,66344.21834840548,23.63499999270387,310.8549999955718,21479.932413485432,66378.75101554433,-219.36208845862384,28.97877074702907,-0.241196033088913,1.0859215254335173,0.08437551430559889
23.67113222349544,21478.064751816408,66341.86557669456,23.64200000507213,310.88899999624783,21479.886239040512,66376.38378804259,-219.30325548828336,28.966236855847672,-0.10487598632391695,1.42341470235357,0.03845505620773378
23.68039222430628,21477.98217128693,66339.49428166398,23.56900001473312,310.90799999718325,21479.847755977647,66374.0275452889,-219.25956465679715,28.98361899551022,-0.40101195446337956,1.0621485029787001,0.13353017799386738
23.64746777810616,21477.899590687543,66337.1229866283,23.49899999605709,310.9309999973846,21479.801467729285,66371.68243216438,-219.2119642187638,29.01173806735917,-0.5344840153766555,1.1625873482431712,0.17132369548586276
23.68193555151404,21477.803979586617,66334.77017061648,23.579999996445387,310.93900000027537,21479.739606917883,66369.32599499304,-219.1791951602724,29.0099935207865,-0.36696799824715215,0.7964401773191244,0.12343755236986224
23.68245000117039,21477.721398836537,66332.39887558659,23.5300000051532,310.9379999985787,21479.685496025493,66366.96949060536,-219.1554528740816,29.02636424090896,-0.5488199856618821,0.5770956007919008,0.17522659542585606
23.670617781896865,21477.62578757821,66330.0460595755,23.538000000571905,310.95499999869304,21479.631445597268,66364.61317379915,-219.1137125393957,29.0252516213311,-0.4774240127698562,1.0145775652143783,0.1554978385766628
23.650554440198537,21477.543206679096,66327.67476454964,23.506000002638288,310.9569999986677,21479.56952608396,66362.26778861694,-219.0870614419396,29.05232004428587,-0.5203959752168956,0.6508090412374247,0.1674601244607436
23.71434555005485,21477.44765920401,66325.30342522051,23.51299999938056,310.9779999969767,21479.50767038685,66359.92260142638,-219.0414123521136,29.080412443434767,-0.7248439824274442,1.114734465166769,0.22097051332013906
23.72463443960764,21477.36507815478,66322.93213019334,23.500000002363247,310.99099999915865,21479.445826109084,66357.5662163233,-219.0036479496616,29.09653345951761,-0.808683974079817,0.9178512516337263,0.24148505545191545
23.765275559040408,21477.26953052304,66320.56079086744,23.47400000754587,310.9989999975725,21479.38392659729,66355.2208936449,-218.97099981139843,29.12453592638598,-1.0485919853803296,0.7972585994676266,0.296443523544911
23.69068111627825,21477.161016287468,66318.18940724096,23.437999993484524,311.02699999542773,21479.322094264608,66352.87577935008,-218.91835373689148,29.15362812881134,-0.909652042057408,1.285585057867737,0.2652435434052727
23.719489995091447,21477.06540454331,66315.83659123316,23.52199999832875,311.0559999967558,21479.252484983503,66350.53064887185,-218.86468215117017,29.162925024919986,-0.7109639883457135,1.3104880734099464,0.2174999657573258
23.73389444075014,21476.95689013108,66313.46520761453,23.45800000478489,311.0729999982129,21479.182835300104,66348.18539334922,-218.8230107089948,29.1914663293636,-0.9932199694749088,1.0174987939785696,0.28420214138273586
23.77710777327084,21476.84843956408,66311.07530067165,23.483999998478016,311.08399999863326,21479.105385125626,66345.84004872141,-218.7873133400497,29.23793206019382,-1.055187989254162,0.8715293207605084,0.2978856511133355
23.78122333519105,21476.73992496633,66308.70391704988,23.45400000297883,311.0929999988523,21479.027928158583,66343.49468324965,-218.75361671463412,29.265919912933622,-1.1780039959639936,0.8226819290315468,0.3241557319557053
23.76887666720657,21476.631410276303,66306.33253343283,23.459999999690822,311.10099999881345,21478.950506131416,66341.13819282115,-218.7208052311456,29.282834332106056,-1.1119560030566902,0.7972977059809212,0.31016208855321026
23.78173777354212,21476.522895494167,66303.96114981697,23.45299999867541,311.1099999987449,21478.8652687618,66338.7928007554,-218.6870839068586,29.31032253677459,-1.183455989520155,0.8231809386483833,0.3252976250954294
23.82495110393876,21476.41444455784,66301.57124288254,23.46700000265909,311.1179999990581,21478.780027956207,66336.44739826657,-218.654363387974,29.35628983724776,-1.288623964606802,0.7987496169934983,0.3469567767056157
23.84295667387513,21476.305929592003,66299.19985926473,23.41100000833352,311.1229999995611,21478.69473862512,66334.11307905901,-218.62475920705955,29.394847120690883,-1.5550439959497921,0.726110133123426,0.39913776519281763
23.77453555506646,21476.19741453208,66296.82847565481,23.39499999427325,311.12899999807456,21478.60949095011,66331.7676557309,-218.59404029561333,29.422341684074784,-1.3663280188555618,0.749886853901105,0.36254359400431496
23.837812219125425,21476.10192988697,66294.43861302265,23.463999992284045,311.1509999963657,21478.516516707223,66329.42237246787,-218.5472967751266,29.46698810040513,-1.3457240166289695,1.1409072638312108,0.3584427875541475
23.7760789011164,21475.99341465116,66292.0672294099,23.45900000966265,311.17199999836856,21478.423539021,66327.07707877277,-218.5015540553957,29.494088631322683,-1.1414840092335012,1.1164811315442897,0.31645541196887067
23.762188874860808,21475.884899320103,66289.69584580562,23.393999998526525,311.1789999983792,21478.33047582929,66324.74275378844,-218.46992700081267,29.53213064444609,-1.32547995480342,0.775619416609497,0.35439134198151995
23.88153999951909,21475.789414416115,66287.30598317599,23.44800000086924,311.19599999802614,21478.221923962115,66322.39736525093,-218.4281329055423,29.57559094913517,-1.5607439951394682,1.0197934986974742,0.4002184219248103
23.76887667980536,21475.693865496505,66284.93464386907,23.37900000430739,311.2069999977408,21478.11331346646,66320.06302875032,-218.39245494451808,29.61160537158495,-1.403556031792691,0.8746934744764233,0.3698969501205268
23.820321084787363,21475.585413837347,66282.54473694852,23.41299999661952,311.2299999967062,21478.00478158428,66317.71770267379,-218.34466293582668,29.656075479356872,-1.466355917404239,1.1661386715767204,0.3821458003468643
23.97259667313365,21475.46399548848,66280.15478572674,23.394000002894163,311.24699999859456,21477.896191075422,66315.38342863532,-218.3029870498737,29.712502836154023,-2.082948012862157,1.0217394695811208,0.4947630509619403
23.759102248441696,21475.329546495806,66277.78331353117,23.40499999517981,311.25899999671014,21477.78758366924,66313.0491025221,-218.2663117277229,29.75134820482643,-1.2747681117427874,0.8991452188628262,0.34414164231723565
23.73955332005932,21475.22103060452,66275.41192993347,23.420000005466257,311.2879999973236,21477.67129137824,66310.70381230193,-218.21249623329084,29.77683901888931,-1.1503919325350225,1.3128772041329275,0.3183420229209053
23.8393555486582,21475.125545171843,66273.02206731497,23.359000002318894,311.2959999984281,21477.554890033178,66308.36941793481,-218.1797959546561,29.830734007311506,-1.7292799668215069,0.8015530756929719,0.4316200615099781
23.82700889294744,21475.017029107563,66270.65068371633,23.40399999198339,311.3149999975989,21477.43852556865,66306.03513810229,-218.13609719450443,29.867213836205515,-1.522832043470578,1.0711474971638029,0.3930054861369731
23.810546669453807,21474.895546326952,66268.2792558275,23.426000001519565,311.3249999989608,21477.31438880542,66303.68962343082,-218.10125672086403,29.89288566372624,-1.3843680045632696,0.8498245728077373,0.3661157654653532
23.7904833334978,21474.7741273764,66265.88930462273,23.398000004459085,311.3300000002385,21477.19797708284,66301.35519781373,-218.07155883910733,29.94862342249599,-1.4129399845393735,0.7279564097908147,0.3717394095783406
23.79562778061305,21474.65264438973,66263.51787673339,23.379000000416195,311.32699999924137,21477.08153837385,66299.02068891001,-218.04986133980893,29.985800516984945,-1.499860008708677,0.5318446239253751,0.38860527815535595
23.76681888734741,21474.54412793878,66261.14649314471,23.37400000397697,311.3399999985852,21476.96515335086,66296.68634657847,-218.0121656543006,30.02221983732824,-1.4141479801335777,0.924002117652176,0.37197627179929377
23.80951777525988,21474.43561139701,66258.77510955954,23.3539999941964,311.34799999757337,21476.8409710996,66294.35192560844,-217.97944409630543,30.058036898794303,-1.6398640118285315,0.8019281298697362,0.415087351662678
23.77505000814725,21474.327158695265,66256.38520265423,23.42999999562957,311.37499999637043,21476.724632935668,66292.01772900013,-217.9277509655311,30.11309026848096,-1.242180045063654,1.267092963237519,0.33747573176341067
23.746241107681453,21474.20567531812,66254.01377477251,23.377000013569816,311.39099999882234,21476.616038031512,66289.6834444493,-217.8870844603684,30.1510165346588,-1.329267938801891,0.9969936548907663,0.3551511371242585
23.81723443224022,21474.084191837683,66251.64234689926,23.35099998331356,311.39899999823217,21476.499635817458,66287.3490500381,-217.85439190529223,30.18830840742424,-1.678444016135974,0.8013637496813771,0.4222539015832738
23.835240014753285,21473.962772183782,66249.25239570426,23.517999993761705,311.41099999982424,21476.35216396887,66285.00347640508,-217.8174791607207,30.2308381757856,-1.142064075569688,0.8998238785161988,0.31657843080165216
23.6850222311114,21473.85419123665,66246.89953544266,23.38400002776621,311.397000003317,21476.212346580112,66282.66877325981,-217.8067077182528,30.24688648465364,-1.0836799320426878,0.2638665723425831,0.3040770602628195
23.75138554057163,21473.745674128044,66244.5281518702,23.28099999512629,311.3799999999812,21476.09582165681,66280.34523318047,-217.7991318066965,30.2941012841102,-1.6933879636032203,0.18657797973523776,0.4250160577294973
23.809517776376328,21473.637220857152,66242.13824497463,23.39999998500455,311.39599999718416,21475.99504497419,66277.9998606529,-217.75838047027327,30.3390430259705,-1.4742640489384073,0.9945084844707128,0.38367504203433755
23.7863677836303,21473.515736883182,66239.76681710516,23.42000000632721,311.4109999982272,21475.87866578976,66275.66553908415,-217.7186926259946,30.37640438873792,-1.3189239982911232,0.9728338044023616,0.3530744695090257
23.74366889463524,21473.39425280617,66237.39538924082,23.36400000487602,311.421999998951,21475.754492711083,66273.33114930008,-217.682978971822,30.41318624400873,-1.366808003133191,0.8752582535695308,0.3626388571678118
23.709201114798606,21473.272768625782,66235.0239613751,23.35899999987988,311.42400000049,21475.630289280165,66270.99666585117,-217.6562656368788,30.449873383386503,-1.2607240137074116,0.6546772402864169,0.341276726837994
23.69428222254217,21473.164187115537,66232.67110112742,23.35300000024068,311.42099999951216,21475.506030578785,66268.67324490995,-217.63466840055105,30.47822872238375,-1.2286160002853663,0.5318145820397455,0.33468216632890846
23.69685444468131,21473.042702738927,66230.29967327075,23.35300000168637,311.43099999850966,21475.39741454913,66266.33889786726,-217.6000101140672,30.51606813077023,-1.23787599478178,0.8496945709453138,0.33659052650922655
23.69119555558973,21472.93418496495,66227.9282897047,23.349999994272103,311.44099999802086,21475.2887984306,66264.00455082023,-217.56535268593785,30.553019523257014,-1.228304020743454,0.8496735272374172,0.3346177788729315
23.671646676923643,21472.825667103047,66225.55690614088,23.38500000772861,311.4579999980224,21475.18020574797,66261.67027660084,-217.52369653373856,30.59004529161279,-1.0319280091021186,1.0212556498903804,0.2927851461283059
23.565671122984533,21472.704118504484,66223.20400160445,23.273000007293,311.4679999985016,21475.0715510874,66259.34704407548,-217.489156338724,30.620494973110382,-1.0536160164895194,0.8508409077952827,0.29754226391265703
23.542521107814554,21472.59553652725,66220.85114136669,23.34099998166607,311.4829999974195,21474.96295150188,66257.01274903168,-217.44950177760228,30.63901933798902,-0.7254760541345462,0.9721848679970749,0.22112803749557425
23.55744000478645,21472.47398773181,66218.49823683382,23.41200000735232,311.4979999991576,21474.846571450067,66254.67842739602,-217.40982164353903,30.65790041655871,-0.523583990762873,0.9726448010952875,0.1683368899268625
23.50239444552764,21472.365341642715,66216.1638999174,23.28500001251293,311.4999999987797,21474.74567000233,66252.35513819808,-217.3833099555461,30.669431914331163,-0.7826199588529462,0.653173756487304,0.2351877534937675
23.53017444682948,21472.24379265105,66213.81099539329,23.287999994907988,311.51599999812987,21474.64485388471,66250.02088010902,-217.34268444952568,30.689404048212253,-0.8718280269173733,0.9961485369542268,0.2564577357823466
23.467926670586444,21472.13521029901,66211.45813515813,23.32799998970136,311.525999997728,21474.543979158007,66247.69767412929,-217.3081749422692,30.719503744659065,-0.5037360511862972,0.8502228726603765,0.16285454356618798
23.47718667095985,21472.013597188336,66209.12375395464,23.39700000025363,311.54499999871183,21474.435430926234,66245.35230611805,-217.2644093983569,30.70941021981088,-0.28867201454238794,1.0678961860796583,0.09945486634110667
23.403621117154326,21471.8919839759,66206.78937275408,23.33700000547429,311.54000000150995,21474.32672522368,66243.02891751108,-217.24487427029584,30.721241294019137,-0.23983600204812774,0.4812070658023186,0.08391429355177071
23.410308888653173,21471.770370662503,66204.45499155838,23.3340000044222,311.5330000003076,21474.21805106732,66240.6943935726,-217.2272243881982,30.7219685274993,-0.27471198323149937,0.43270090863227234,0.0950598849410149
23.37944222732904,21471.66178793073,66202.10213133041,23.2899999966724,311.53399999979126,21474.11714574393,66238.37109396514,-217.2017177509935,30.75197976163184,-0.3219920303639057,0.6284112886679517,0.10979673286643207
23.388187766924723,21471.55314118951,66199.76779442411,23.3729999924165,311.5349999996828,21474.01631705247,66236.02556528909,-217.1759810029311,30.74134262006607,-0.05467598822960582,0.6280833147518515,0.020382062197458844
23.47872999639093,21471.43152758693,66197.43341323282,23.35400000661943,311.53600000063244,21473.91544991933,66233.69115114218,-217.15036059307084,30.74272180859549,-0.44902796317739585,0.6282150839023264,0.14744136599812227
23.41236668175663,21471.3099138822,66195.09903204173,23.34299999379305,311.5299999999005,21473.806740413977,66231.36775215808,-217.1318296707579,30.754562321776127,-0.2497200766688877,0.4564695612039566,0.08709745335416225
23.33520000387376,21471.18830007828,66192.7646508542,23.393000001765127,311.53599999976615,21473.70592826901,66229.02227548532,-217.101095805504,30.74492805878273,0.2080799924089277,0.7500377091866809,-0.16407804693437342
23.329026671281923,21471.0666861738,66190.43026966554,23.33000000464371,311.5310000006125,21473.597221948618,66226.6988869051,-217.0815666489326,30.756790394333787,0.0035040001024370326,0.4810599770980941,-0.0030807058789993663
23.27655333576911,21470.94500825039,66188.11441180116,23.359999993591643,311.5309999998955,21473.48857069715,66224.36443579418,-217.05692318024128,30.739151743200203,0.3004079681611245,0.6041624262776765,-0.22662260983295912
23.31410776972069,21470.8233941439,66185.78003062242,23.37300000280429,311.52900000065017,21473.379912634333,66222.02996388543,-217.03428045032047,30.739970395759,0.2120120391009621,0.5551102543399579,-0.1668554280796294
23.357321106787573,21470.71474674144,66183.44569372853,23.35199999857585,311.5220000013068,21473.27123767733,66219.69543998648,-217.0166382782873,30.739781915566702,-0.019155989562207765,0.4325118978632903,0.00723252671803282
23.372240000789404,21470.56719883533,66181.11122397763,23.388999996138267,311.514000000457,21473.162559269007,66217.36090569853,-216.9999969041045,30.742472682076265,0.06033598325590788,0.40797555618837666,-0.051403784532777025
23.33005556824355,21470.43261761397,66178.77679851223,23.39100000039166,311.51400000024535,21473.053946011954,66215.01534006397,-216.97524142259533,30.73322524036233,0.21939995573319068,0.6040393284392872,-0.17204527298473446
23.256489997373155,21470.297972367604,66176.46089637285,23.38000000610468,311.510000000253,21472.945280866545,66212.6808473742,-216.95460200698983,30.71656774570543,0.44463603143349106,0.5059950163041071,-0.3144203963813703
23.33519999564543,21470.163390931284,66174.12647091517,23.325000003108844,311.5100000004353,21472.82881028927,66210.35748423933,-216.9300526971679,30.72892493384638,-0.036719973131704366,0.6046216447138079,0.013776068447059553
23.277067789132857,21470.002811820286,66171.81048020693,23.33999999838344,311.5020000013885,21472.712351083603,66208.02292339773,-216.9133883273888,30.7136702202693,0.22655595330209907,0.4084691605278539,-0.1770369975805469
23.242599998088263,21469.842232581395,66169.49448950501,23.33200000040605,311.496999999502,21472.60368230025,66205.68842032847,-216.89375142163257,30.699121656081594,0.3218400083440372,0.4814165441090682,-0.2403883124055441
23.282212216338944,21469.655719546125,66167.17841023678,23.37299998604146,311.5069999984882,21472.487283399125,66203.35404662813,-216.8590898436156,30.68628421555992,0.3268359709290564,0.8496293752786094,-0.24355892467043883
23.304333332676894,21469.48223711373,66164.84385193733,23.45400000384978,311.50500000316606,21472.363063632984,66201.01952160055,-216.83640197671443,30.690194777881608,0.538800016222396,0.5560197169481653,-0.3662299126767993
23.302789999808567,21469.295723790223,66162.52777267482,23.34300001127109,311.4710000040858,21472.23095577993,66198.68463735767,-216.84568663550152,30.6758108183342,0.14475604126508443,-0.22747145254192258,-0.11786646232565834
23.28221223300282,21469.083276620444,66160.21160485262,23.35199999424551,311.45700000080507,21472.106695479328,66196.34998761081,-216.8349997761713,30.664635252179107,0.25123594047368414,0.2618989109818821,-0.1939925305420393
23.21121888469475,21468.870829282627,66157.89543703794,23.386999993163425,311.45799999819207,21471.97470503512,66194.0154672208,-216.80928824596128,30.65314641652461,0.6328119904872352,0.6300026179693397,-0.41426118226997005
23.303818885744683,21468.64541492212,66155.5792249448,23.40900000899437,311.4710000005035,21471.850535261885,66191.68109813068,-216.7716047090623,30.64386905287048,0.37865204369886957,0.9235355673095021,-0.27562346772156054
23.226137788237683,21468.40703352157,66153.26296857759,23.309000003858948,311.455000001064,21471.71844912255,66189.35751558407,-216.7630092758948,30.646128026109658,0.298303976236555,0.21160686328157638,-0.22525665706714676
23.23231110266527,21468.155685067868,66150.94666793745,23.380999987417468,311.46399999820426,21471.59430405456,66187.0119903869,-216.7292118217636,30.62887776234812,0.5352799851079084,0.8243830910816579,-0.3643628806894098
23.27552444687744,21467.8913695444,66148.63032302335,23.41600000115908,311.4630000027272,21471.4389650817,66184.67736949197,-216.7054243253785,30.621195358619623,0.5057119954139025,0.5824797173747371,-0.34847245697054896
23.22408000220202,21467.6269899083,66146.33250144268,23.37900000878143,311.43200000441885,21471.283525164923,66182.34243682722,-216.71163590266104,30.595105974177127,0.5577120236858747,-0.1520858908158065,-0.3761730927202617
23.27243776784313,21467.336740212628,66144.01606799265,23.36699998445288,311.41400000033354,21471.14368974625,66180.00769243558,-216.70490196814708,30.59240106421111,0.3404239797951078,0.16495801551087122,-0.25211065280070544
23.31050666762377,21467.046490289275,66141.69963455314,23.50599999965493,311.4180000001727,21470.98840555669,66177.66200899835,-216.67600197409325,30.57777040826393,0.7037759953121722,0.7043354578776996,-0.44835042747025033
23.272437783883948,21466.74320934946,66139.4016801646,23.38300001016459,311.40300000363595,21470.817458097,66175.32718951105,-216.66616423946328,30.555797939726915,0.3980240146103114,0.24076919754657783,-0.2872416889071796
23.270379991597128,21466.40102748424,66137.10359296273,23.42499999401404,311.38100000095824,21470.63092602146,66172.9922441591,-216.663274108324,30.537063056238125,0.5566320087008848,0.07069388036106282,-0.3756092093358588
23.33159889133863,21466.071876161168,66134.78702673186,23.42499999602389,311.3820000014216,21470.46781252485,66170.65761753039,-216.6374654735677,30.538947698417623,0.3362439768669347,0.6318226921220798,-0.24949101558644082
23.26420666788472,21465.71672687384,66132.48889528257,23.46700000411125,311.3640000005532,21470.2735131251,66168.32268720053,-216.6305508804124,30.522360722402897,0.7300560104154983,0.16908909516966963,-0.460541234634341
23.31616555476904,21465.348610400804,66130.1907195789,23.38900000277853,311.36800000229664,21470.087067981603,66165.98801204428,-216.6016648796959,30.509543449032112,0.26220401283416805,0.7066121715131074,-0.20140122906870572
23.25443222828936,21464.980493647843,66127.89254389607,23.44799999282441,311.329000005096,21469.86935624949,66163.65278384666,-216.61567148688383,30.49287656672956,0.6968439523261808,-0.34216995097784614,-0.44509684963994334
23.27861110352807,21464.59940969524,66125.59432396125,23.43900000472164,311.3140000002094,21469.659505479896,66161.31783159843,-216.605706817906,30.480099324322914,0.5774000442968416,0.24353308852912273,-0.38637008150757435
23.31616555366236,21464.20535852828,66123.29605977263,23.41700000139993,311.3110000016944,21469.441914374704,66158.98297746603,-216.5837172987192,30.46906724033895,0.36300401185526,0.5372644834994117,-0.26609454844834673
23.32593999510359,21463.7853732024,66120.99770706367,23.4100000019605,311.28800000402833,21469.216475401685,66156.64788899946,-216.5817010287692,30.46150777705105,0.30261602468488463,0.049243993039763345,-0.22805329421160223
23.35937889205914,21463.352420619285,66118.69931010834,23.413999992020887,311.267000000835,21468.959882625502,66154.32382958852,-216.57769540313788,30.463139330145783,0.1966359598622873,0.0981554399249358,-0.15593374346364222
23.28890000790846,21462.91940381777,66116.41943650188,23.48199999941756,311.2779999968692,21468.71899651736,66151.98904121849,-216.5416300505539,30.43931263463876,0.6951599694327627,0.8803024150574791,-0.44430403875141944
23.2888999950538,21462.447485856945,66114.13943011632,23.43500000140029,311.29899999812045,21468.485924331293,66149.65438329504,-216.495592571924,30.424639324981168,0.5259600228473644,1.1240916883455658,-0.35939441600602884
23.32285333081289,21461.97556754052,66111.85942376523,23.48399999412744,311.30200000048256,21468.213888939725,66147.31940554807,-216.4674227862181,30.40454085138904,0.5801279879323815,0.6865545712015292,-0.3877707927391598
23.32131000128942,21461.477714963414,66109.57932891247,23.47900000343704,311.29800000037585,21467.941791467703,66144.9954696384,-216.44636877350985,30.401212604184927,0.5676840077314367,0.5155431593574826,-0.3813572611780385
23.31153555771589,21460.9798620108,66107.29923410027,23.438000011635665,311.29200000225563,21467.638565012923,66142.67140669416,-216.4272098244037,30.39345662315333,0.45527203411119643,0.46835089044258715,-0.3204740712555929
23.31153554976813,21460.469041723307,66105.01909505705,23.36499999839083,311.27300000120965,21467.311914745616,66140.3582435858,-216.42108702274044,30.39555986418334,0.19247201504171302,0.15016820263815067,-0.15294769152656817
23.363494443408,21459.94519020171,66102.75743511348,23.434999996080087,311.27500000011906,21466.99315364772,66138.03421063433,-216.39387743740147,30.373944458240643,0.2574199896195097,0.6645622532683281,-0.19817914076200627
23.32902666918459,21459.39546822685,66100.47716336303,23.402000001611853,311.2610000034033,21466.650958639184,66135.72104636932,-216.3827038097023,30.38296027961627,0.2627039967381492,0.27378280411406347,-0.2017371374832937
23.334685558738595,21458.845681959123,66098.21541497938,23.42600000129357,311.2380000019592,21466.29321042252,66133.39662099691,-216.38036237241272,30.360852841122888,0.3287319931979084,0.05704343370909035,-0.24475847407659468
23.30278999587731,21458.26996132096,66095.95357812356,23.35700001231168,311.2320000010604,21465.91988130317,66131.09454813486,-216.3612005760457,30.36399656697375,0.19515605916373743,0.47075287469130206,-0.15487387437565442
23.357321114818745,21457.68127326736,66093.6916970562,23.335999987668085,311.219000001864,21465.554308914347,66128.7924291785,-216.3490656315168,30.37285206680545,-0.07675605774237652,0.29827775838755377,0.028360738889597826
23.2734666683962,21457.079553910004,66091.44829510397,23.449999997536448,311.207000002094,21465.16543634948,66126.47912640362,-216.3357370609161,30.35192117772789,0.6355199849048944,0.3255501464717321,-0.415594734443266
23.36709554078033,21456.46486711567,66089.20484895639,23.3570000132789,311.1870000033311,21464.75315666023,66124.17677543244,-216.33044491737505,30.34066478267645,-0.03634389900515061,0.12963680061247385,0.013622814832029219
23.389731119147548,21455.82430974035,66086.9427910286,23.34299999475424,311.1719999994316,21464.333074575898,66121.88556438914,-216.32024279878848,30.36382194863005,-0.16823204781590703,0.2509375455751496,0.06025071688057462
23.30176112146419,21455.17065714373,66084.71773555072,23.368000003039647,311.1740000044638,21463.90530708248,66119.58338879164,-216.2929008444767,30.34312014097732,0.23845997367164956,0.6689958511615769,-0.1852650918644549
23.28375555107583,21454.504037059625,66082.49263589272,23.33099999818985,311.1240000031032,21463.44616572713,66117.30279615277,-216.3176815536699,30.340352285928702,0.17008000961046435,-0.610301604995348,-0.1366776084709299
23.33159888379093,21453.83748035928,66080.2490129823,23.38199999825688,311.13300000053863,21462.97948001076,66115.01167502665,-216.2833249404337,30.34466344309223,0.1814440120774151,0.841832977113822,-0.1449798393613073
23.32851222809456,21453.1449252664,66078.0238249574,23.34500000284513,311.10200000408213,21462.489279588048,66112.73117350996,-216.2890028251224,30.34324694901005,0.05935598910204903,-0.13946641376406688,-0.0505426543739811
23.28941444396257,21452.4523696679,66075.79863701151,23.36699999673268,311.091000000964,21462.00696487048,66110.43979170678,-216.27459391182109,30.334661374598376,0.2793079899723949,0.35256318190404534,-0.21280352668213376
23.3238822202431,21451.746846540616,66073.57340489014,23.38099999493507,311.0800000014038,21461.501269788983,66108.15944479659,-216.260221878128,30.33526025116804,0.20562398889109518,0.3525411020389041,-0.16233786086651988
23.294044450877088,21451.015324976463,66071.36660767497,23.411000004830903,311.0690000027698,21460.9800132108,66105.87904481575,-216.2457978786844,30.32218435736136,0.42103999423373467,0.3532909071020551,-0.3007961795397917
23.269865554736533,21450.270835843847,66069.15976630323,23.34700000019064,311.0470000015393,21460.435339276468,66103.60956555873,-216.242410101544,30.318042802689185,0.2776840036347835,0.08316685316036349,-0.2117287022737125
23.29867443931789,21449.52634617748,66066.95292501716,23.393000002054137,311.0460000008377,21459.890773803792,66101.32918980648,-216.21790918551216,30.30472031483304,0.33957202585049373,0.5987416993502551,-0.25157752112974496
23.323367776376845,21448.755921880205,66064.74599533244,23.344999992442155,311.0350000002053,21459.32275597186,66099.07085970246,-216.2035597929829,30.314541577763663,0.07787597783511586,0.35305543187796984,-0.06564725948249125
23.315136670404247,21447.985433181537,66062.55758906281,23.45800000056776,311.0469999979142,21458.77045276731,66096.79059242443,-216.1660349614312,30.2917144564301,0.5143079885886522,0.9163031886271977,-0.3531307954800687
23.280668893476683,21447.176042762727,66060.36905017219,23.349000003593744,311.05499999963394,21458.17915619175,66094.53237995334,-216.1326091822115,30.291525557818,0.24599199642141942,0.8203702528316001,-0.19042313134412867
23.263177777759605,21446.37961882584,66058.1805556215,23.43599999442045,311.0530000009973,21457.58008334089,66092.26292265799,-216.1090420259737,30.27559265242969,0.6221599799790383,0.5752624619054394,-0.408989477219292
23.277582219016512,21445.55719635264,66056.01049601918,23.37300000854952,311.0400000027475,21456.95759304416,66090.00438612394,-216.09651108841808,30.254617682780875,0.34350404231883264,0.3064615236168812,-0.25403470136016704
23.291986667264165,21444.72180622615,66053.84039229425,23.37399999773653,311.0180000028867,21456.311653669152,66087.76790567349,-216.09313170596783,30.25248565790921,0.2952479897005105,0.08317576253666359,-0.22326794709958442
23.28221222107021,21443.87344843359,66051.67024444696,23.365000003908293,311.0030000014314,21455.65799506992,66085.5203568576,-216.0826119688504,30.242790762394748,0.2980360182170955,0.2575040370714578,-0.225082504162108
23.29095778222549,21443.02509004324,66049.50009671263,23.34899999726825,310.99700000031896,21454.9887667174,66083.28396293992,-216.06315603242305,30.23963137125859,0.2089519741539391,0.4775220016652182,-0.16469488361974025
23.22613778497352,21442.150733055856,66047.34838395518,23.38299999936205,310.9979999994211,21454.31178078847,66081.04761518298,-216.03667496676772,30.226376697898942,0.5647039717987028,0.6493227608030604,-0.37981221526403103
23.224079995203947,21441.276375452668,66045.19667132039,23.34600000656044,311.00199999987365,21453.634804439786,66078.81129862762,-216.00719493317607,30.214437536196108,0.4389120408833776,0.7228609413849408,-0.3111401773910388
23.252374445276903,21440.402017240645,66043.04495880779,23.33099999650764,310.995000002361,21452.926629961985,66076.585876337,-215.98872469680305,30.20305954134585,0.2830519844306508,0.4531352507026058,-0.21527529718472158
23.23951332823717,21439.501724223417,66040.8931579681,23.36799999805247,310.9760000017394,21452.195034565248,66074.37136451133,-215.98229060748892,30.203776906713056,0.462552011335076,0.15806558794694142,-0.3245868930781505
23.300217776986624,21438.5883996529,66038.75983635728,23.355000001070625,310.97200000046865,21451.45570840145,66072.15698186397,-215.96083186185487,30.19017969255924,0.19721600670240208,0.5266386752429222,-0.15634873934078458
23.25083111456121,21437.66210734301,66036.62647065996,23.36499999894357,310.9650000010665,21450.700810426788,66069.9425150841,-215.9423209957535,30.17662077639329,0.4110079837765042,0.45331330144217435,-0.29492089980990327
23.267807778556943,21436.722847280136,66034.49306088053,23.36200000018193,310.95900000079155,21449.92253512674,66067.73909367088,-215.9228470430341,30.17052495484358,0.3390919978499511,0.4774626622307991,-0.2512769527422197
23.228195558618523,21435.77055564008,66032.37813034598,23.36300000118059,310.9500000021472,21449.159848731026,66065.52457979161,-215.90631137569008,30.14857032563528,0.48529599322344413,0.4045001179936127,-0.337278462931474
23.24054222079072,21434.805296224684,66030.26315574501,23.35299999892344,310.9389999991277,21448.365956003447,66063.3321681533,-215.8919012323516,30.141447582533807,0.40484800127779863,0.35408567373930444,-0.29128830302612596
23.233340000474524,21433.840036145662,66028.14818128737,23.387999992477933,310.95799999793303,21447.57998233352,66061.12897983861,-215.84740494226352,30.12840878520892,0.5567759712122751,1.089755871379733,-0.3756844005453036
23.24311444288277,21432.861744473925,66026.05168609321,23.42000000262805,310.96199999934663,21446.778396514765,66058.9255829239,-215.8178558282584,30.09826742098848,0.6367880150830075,0.722040525131544,-0.4162182568034982
23.228195563517183,21431.87054880349,66023.93662352319,23.38099999997469,310.96600000127734,21445.937830402443,66056.74428246843,-215.7884059515847,30.096370922705606,0.5500959712470291,0.7217769906926673,-0.37218655460456423
23.182409995553588,21430.866321517093,66021.84004022021,23.411000001301264,310.9490000010778,21445.089412580382,66054.56273775832,-215.7799292938029,30.08012406880003,0.8229240206916358,0.2074897802330217,-0.5018952662773409
23.26626443806468,21429.86209354634,66019.74345708011,23.359000004188704,310.9510000007967,21444.241019628986,66052.39250478096,-215.75256978392872,30.07511501120133,0.33384803804648444,0.6727036755894862,-0.2479850395809498
23.24723000237524,21428.844833957315,66017.66535321878,23.37499999728148,310.936000001273,21443.369227136573,66050.22201598182,-215.74213094961968,30.04960431046081,0.4599719816624699,0.25570349168415246,-0.3231321395952235
23.23951334160284,21427.81460653187,66015.5872053249,23.36600000369715,310.94099999837465,21442.49750114943,66048.05173474096,-215.71169416339973,30.03050749788116,0.45535198353950934,0.7455936170942002,-0.3205193734992188
23.15977444623394,21426.77141125705,66013.50901340203,23.332000006225424,310.94700000055167,21441.61017833676,66045.89252544916,-215.68032066542543,30.021354002237672,0.620012015969347,0.7699810623245178,-0.40792136241435856
23.2307677660747,21425.71524812021,66011.43077745564,23.31999999098704,310.93600000154976,21440.707198281736,66043.74420144019,-215.66600938586183,30.02184637622209,0.32123600968442506,0.3518592483520327,-0.24000402389606856
23.243628898201337,21424.64605332875,66009.37102081449,23.39800000172133,310.9240000030473,21439.788652964056,66041.59581413033,-215.6526461289233,30.00527528279383,0.5557359726719711,0.327689097996044,-0.3751410227947028
23.16080333758181,21423.57685782213,66007.31126435523,23.31600000384208,310.90200000075384,21438.854473875712,66039.45838472863,-215.64934550910928,29.992736626766074,0.5587079985369726,0.0810712199852042,-0.3766926785233872
23.19218444004404,21422.49463066112,66005.2699872104,23.37099999442899,310.90700000118244,21437.912604089728,66037.32120893359,-215.61902096118823,29.96676424127205,0.6437359957858092,0.743891428157151,-0.4196243972066499
23.19064111174881,21421.386468430966,66003.22862188285,23.340000008240857,310.87900000431205,21436.95502334716,66035.19475255426,-215.62175767335705,29.95577888726637,0.5376920273713666,-0.0672358509524108,-0.36564279130034244
23.18858333671733,21420.27830546336,66001.18725674551,23.31799999519553,310.86000000159464,21435.989653206147,66033.07947767238,-215.6155845252608,29.95221798344964,0.46589997052152937,0.15211678548379526,-0.3264700305585408
23.16800555102645,21419.170078004245,65999.1644151288,23.3679999990458,310.84800000252085,21435.01660180861,66030.94201993084,-215.6021560125297,29.909554821714988,0.7199800128696595,0.3276055269074574,-0.455893793988412
23.21893555735552,21418.03597919984,65997.12296202702,23.33899999966935,310.8260000028219,21434.03565897032,66028.82666120294,-215.5989316332144,29.912171071273107,0.43223199232979825,0.07922990934836094,-0.3072921142440605
23.15308667035444,21416.88878494173,65995.11851159165,23.35500000780953,310.8140000006922,21433.039149410448,66026.72246781112,-215.5857710661377,29.89146828739457,0.7268880148383204,0.3238668376190652,-0.45908356479639023
23.181895554793712,21415.728622740266,65993.11401719495,23.280999993785628,310.8129999999502,21432.03489540813,66024.6183621066,-215.56158562464003,29.87419169806484,0.35677598037089525,0.5943330247049595,-0.2622653868772191
23.13816778349728,21414.56845978435,65991.10952301232,23.41199999274093,310.8070000024909,21431.022881566027,66022.50306366639,-215.54225925387016,29.84435626398124,0.9857959532771418,0.47220946994171087,-0.568657610990752
23.15205776838136,21413.39532887208,65989.10498487226,23.33700001138957,310.7810000037314,21429.98738139713,66020.40970755082,-215.54308364897705,29.82995722514203,0.665792074829551,-0.020224812817136596,-0.43032256837985366
23.218421108765373,21412.196199038728,65987.11888193713,23.317000002248047,310.7660000000772,21428.95965981924,66018.32760671503,-215.5330510320797,29.825952628015,0.35488401653762763,0.24756267819337188,-0.26109798166345216
23.16954890021761,21410.9840374806,65985.15125838798,23.30199999456232,310.7710000002268,21427.908700884484,66016.23451929711,-215.50282623605503,29.79227797245712,0.4768239396409541,0.7393543322436997,-0.3325785193593644
23.11141666933788,21409.77187514984,65983.18363507406,23.36000000118591,310.76000000157404,21426.849868632333,66014.15235420053,-215.4886900736478,29.765511811963247,0.8948999946529014,0.3467291026576106,-0.5322418804932844
23.13559554802371,21408.546744826017,65981.21596783567,23.28700000709737,310.7559999998747,21425.77542124968,66012.09243789219,-215.46773263100025,29.75793679589665,0.5450560526651771,0.5168268581111443,-0.3695353962916024
23.1649188935255,21407.30864649529,65979.24825667425,23.2929999990002,310.7609999984989,21424.70104159536,66010.02150052559,-215.43766148329183,29.748096758530515,0.4610919797089295,0.7384591901340026,-0.32376403318962094
23.121191106240243,21406.057452701763,65977.31754824577,23.27900000031019,310.7700000001517,21423.611075002533,66007.96166630338,-215.403653776289,29.71560034045374,0.5681120186518129,0.8360485298515437,-0.3815788778152512
23.198872222587603,21404.79335460881,65975.36827259591,23.28200000444868,310.7600000013191,21422.50544434028,66005.91269683915,-215.388708146113,29.708355597603763,0.2992600146998754,0.3677929596742316,-0.22587766264385886
23.113988895374103,21403.52919200281,65973.43752051916,23.24099999809296,310.7599999988338,21421.39980821334,66003.87494575995,-215.3638790395524,29.6958323181707,0.45723996978788506,0.6135974054960498,-0.32158830243274317
23.143826663850284,21402.252061367504,65971.50672455251,23.297999996347183,310.77399999736963,21420.278695168847,66001.82617241799,-215.3248838120374,29.6736225113763,0.5550239969888381,0.9565806065927911,-0.37476877639452055
23.1165611147938,21400.96196268334,65969.57588469867,23.264000006710248,310.7840000014476,21419.15752971038,65999.78847234558,-215.2900042669864,29.66867039962738,0.5307800108992112,0.8591975322977236,-0.361968521265203
23.12633555110527,21399.68476674218,65967.66361257365,23.23300000458168,310.7620000019685,21418.00505695101,65997.77256386973,-215.28724837245468,29.64460216097217,0.38399203251507147,0.06799967549325003,-0.27884559019073546
23.14022555957761,21398.381699200945,65965.73272911072,23.22099999334165,310.7669999979432,21416.860492895423,65995.74584740185,-215.2574062260706,29.645610875121108,0.2907879615505493,0.7345564293651442,-0.22035549519783654
23.10009888845509,21397.0915344067,65963.82041336875,23.28300000073369,310.7720000019985,21415.700328440565,65993.73019266254,-215.22762726819084,29.626156656632773,0.6584440042029599,0.7335945621642728,-0.4267775818561926
23.14948554931514,21395.77537060348,65961.92653295201,23.23799999647221,310.7549999991881,21414.52448983326,65991.72537168664,-215.2199102088062,29.60653720298088,0.31865200976545366,0.19023896077897692,-0.23835760591753127
23.14639889451642,21394.44630240877,65960.0140853596,23.317999998432544,310.77300000082334,21413.356586721453,65989.70982558753,-215.1771073691888,29.60562228496424,0.6177639740980482,1.0526633263740979,-0.40680164263510826
23.102671114828983,21393.130136978984,65958.12020549143,23.21600001920381,310.74000000393033,21412.149493660487,65987.72696233376,-215.18551574536409,29.58942993711576,0.40798405574938246,-0.20753245028380934,-0.29314005313813857
23.10215666505618,21391.800939790777,65956.2448050993,23.169999988024287,310.73599999926955,21410.950277720985,65985.74442632482,-215.1649530434951,29.56994164929081,0.2442359626851797,0.5084663128224096,-0.18922387592798873
23.110902221428297,21390.47180547058,65954.35088166907,23.27700000270043,310.7429999977149,21409.743355400315,65983.75086348687,-215.13325044261447,29.55325827830301,0.5979520125796753,0.779386114666093,-0.39685130935030055
23.10935889059852,21389.12970305264,65952.45691439521,23.154000008020983,310.7609999991922,21408.53639268116,65981.77964391834,-215.09077942028333,29.56307820746781,0.16070802272086127,1.0526781547503254,-0.12975947888059122
23.103699997032017,21387.800503430168,65950.5815148477,23.22299998827096,310.7520000016728,21407.298215853807,65979.8080388551,-215.07520225242448,29.53332456956427,0.4294799684601955,0.38334751634266334,-0.3057005023393588
23.13508111028563,21386.458399376388,65948.68754814718,23.24200000125752,310.7420000022413,21406.059996654752,65977.84753821284,-215.0607409090468,29.53584546431855,0.3849080074988052,0.35732692031476043,-0.2793967840549625
23.08981001220957,21385.116230837462,65946.81210505063,23.237000000711365,310.72300000175886,21404.798404357123,65975.88686510515,-215.0552008539288,29.51024959588921,0.5298839586064688,0.1361450959518379,-0.36149072954087974
23.03939443732757,21383.78702878305,65944.93670635474,23.228000001878208,310.72000000011934,21403.536788404905,65973.94858709261,-215.0338926476997,29.49618539200213,0.6789800323822973,0.5278825656076067,-0.4366377008456051
23.13816777336809,21382.44492227124,65943.04274050749,23.21899999946809,310.7140000016083,21402.25963838733,65971.99911074509,-215.0154174016024,29.486954158183927,0.29099601396000024,0.4541936613376834,-0.22049162214193338
23.08209333983984,21381.11571859437,65941.16734237348,23.22600000110537,310.70499999985765,21400.974620338067,65970.07180616466,-215.0001465308536,29.46913180450416,0.518063980555904,0.37771474637780306,-0.35515620549389226
23.09906999509365,21379.773610446427,65939.27337709934,23.203000002956227,310.71499999853177,21399.689703348067,65968.13358413838,-214.9657626133599,29.46511524012805,0.3741480283052752,0.8471091892672549,-0.2728940916652633
23.09032445405036,21378.431437835006,65937.39793542809,23.20999999392429,310.71900000002614,21398.38912754886,65966.2174763187,-214.93755654047763,29.45531793979993,0.43083194354613996,0.6978165036791117,-0.3064828679843308
23.01418666944872,21377.08920077372,65935.5410173674,23.25599999870975,310.7170000005082,21397.065188636723,65964.30122717534,-214.9152719559341,29.41699243652133,0.870527985339713,0.5481773099388412,-0.5221229395026091
23.063573324038227,21375.747026538247,65933.66557627548,23.220000006966853,310.7159999992241,21395.74903298872,65962.38501514704,-214.89201461471768,29.398377550138,0.5631360585430514,0.5731986307679825,-0.3789978741817917
23.09289666740797,21374.3918841626,65931.7900913784,23.2009999969382,310.72300000002963,21394.432865103456,65960.48000079357,-214.860873594544,29.39645438216037,0.3891719863088298,0.7705327246902649,-0.2819569064305774
23.05894334164301,21373.03674096556,65929.91460677168,23.22400000356109,310.7110000027985,21393.09329055777,65958.57471048577,-214.84865330508688,29.380948049579025,0.5942039829050983,0.30061914536185785,-0.39495208560582457
23.0224177739331,21371.66856599189,65928.05760169352,23.16400000464797,310.6900000028977,21391.738008942844,65956.70261791044,-214.84572566885768,29.375984538382763,0.5096960305735351,0.07257835650920015,-0.350635475027815
23.06923222488513,21370.3263248683,65926.20068508046,23.16900000136028,310.6789999992906,21390.38279819483,65954.81951467902,-214.8326844765488,29.347096158185096,0.3591639953105428,0.32205965303305634,-0.2637360893644559
23.015729996054247,21368.97117921301,65924.32520135041,23.139000000601825,310.6860000016481,21389.043208387648,65952.93665110545,-214.8016978310209,29.34998443880749,0.4437720163712811,0.7682697094937188,-0.3139262653693289
23.09804111190603,21367.603001781325,65922.46819715879,23.16999999580032,310.6580000031036,21387.67233939069,65951.06443399793,-214.80571965457327,29.33598536522725,0.259051982019443,-0.09930551746094242,-0.19927993486201873
22.9910366779972,21366.247790873706,65920.61123733685,23.17300000163534,310.64800000220964,21386.31709133369,65949.19245655095,-214.7917960287933,29.323672669378062,0.6550679650973038,0.34519028063269824,-0.425142470265464
23.011099991074147,21364.892579155727,65918.75427780661,23.16100000151036,310.6240000026149,21384.938453330466,65947.32025502261,-214.7917934596591,29.29773811774165,0.5396400375703649,6.331114800163275e-05,-0.36667469741587866
23.04916888837285,21363.52439926505,65916.89727450427,23.15200000130684,310.6150000014467,21383.57542622111,65945.44826207013,-214.7768452583148,29.2884303599132,0.3701920065623554,0.3698571458442014,-0.2704879178108952
23.045053329789823,21362.16918591165,65915.0403155619,23.153999996257053,310.59800000272463,21382.204552567426,65943.58727464986,-214.7699860804109,29.276134966494983,0.3922079992820258,0.17002718508279457,-0.2837739992565523
23.08517999927573,21360.801067968947,65913.16478952946,23.184999999538988,310.5820000017821,21380.833719629805,65941.71518335785,-214.76201283648132,29.27738694801725,0.35935200094772596,0.196882506050766,-0.2638517444906089
23.04351000710121,21359.432885609865,65911.30778711427,23.139000012017995,310.5730000008561,21379.455090336884,65939.85425292961,-214.7471295028525,29.26817162796061,0.3437640177004198,0.3682013778501799,-0.2541968606725679
23.0126433367034,21358.07766980184,65909.45082905046,23.08499999524443,310.5699999999352,21378.09204183084,65937.99343785262,-214.72629998576284,29.26051641827084,0.26048397074771684,0.5173833143846436,-0.20024443253446264
23.006469995277747,21356.709422232743,65907.6123505543,23.15899999846461,310.57000000068854,21376.72122177585,65936.13262767604,-214.7024451701212,29.240756708983568,0.5491080114726998,0.5913451010800906,-0.3716676797002571
23.049168888765305,21355.341300983106,65905.7368257105,23.10100000404977,310.5639999998808,21375.33478109193,65934.28281730524,-214.6846531866708,29.251296718905948,0.18659201502407258,0.44096542744520567,-0.14871131391696743
23.015730001250866,21353.999050107523,65903.8799125754,23.12699999903975,310.56800000064607,21373.97179171417,65932.41096106253,-214.6567116373901,29.22716088142864,0.4005719920399841,0.6913618402198549,-0.28875541056576925
23.044024441767764,21352.630863653696,65902.02291164278,23.08700000578891,310.5550000013933,21372.585325963817,65930.56107882751,-214.64592091571487,29.22251502045093,0.15471203047612078,0.2674375960544434,-0.1253635641647526
23.031677780405165,21351.26267637497,65900.16591100482,23.082999996672484,310.5520000006387,21371.21449256485,65928.70023879646,-214.6250692804906,29.217852199634137,0.18475997856235013,0.5168954299799653,-0.1474069163149135
23.0255044445484,21349.89448827256,65898.30891066653,23.10599999939656,310.5430000011922,21369.84360011169,65926.85045148883,-214.61033307086305,29.222214399452817,0.28978399745337385,0.3667086598367446,-0.21969824267777582
23.03064888628659,21348.539266748936,65896.4519546606,23.07800000788709,310.5380000005907,21368.46497759528,65924.98956491305,-214.59145669198344,29.20559081028091,0.17046403776181052,0.4669900245108463,-0.13701214483536986
23.039394448798102,21347.17107700608,65894.59495491422,23.03499999947677,310.5340000003024,21367.10188101056,65923.139856415,-214.57174874137365,29.21448477220472,-0.01582001755679414,0.4914269275452695,0.005981237514768541
22.996695555291605,21345.828821255243,65892.73804352437,23.0759999950557,310.52900000205955,21365.71543789772,65921.29005853618,-214.5529626774648,29.19504393903257,0.28549598315073865,0.4656038791873881,-0.2168841940011926
23.02910555666688,21344.46062987788,65890.88104436714,23.07400000356721,310.51000000175105,21364.336727935388,65919.4401424887,-214.54820291762607,29.19484673782535,0.16162000884118585,0.11820274915679801,-0.13050505858730096
22.98692111112021,21343.11837250397,65889.02413355853,23.05899999794631,310.5060000007906,21362.9580673084,65917.59038202191,-214.52844488213867,29.17993733755901,0.25948399257395355,0.49068787762472127,-0.19957104695337707
23.04042332733372,21341.763210438163,65887.14865569025,23.08999999778473,310.49100000322966,21361.59500698267,65915.71833180408,-214.5195097577737,29.178248193827866,0.1784760136236372,0.22107376358133576,-0.14287484998243935
23.034250003699466,21340.40798402259,65885.29170143508,23.06100001006759,310.47300000043793,21360.22407870946,65913.86845347253,-214.51377885633303,29.17511129599616,0.09630002292525149,0.14260853912388868,-0.08049027290881494
23.014701113339942,21339.05275679343,65883.43474747389,23.00599999799456,310.47100000359745,21358.853203110102,65912.01874105247,-214.4920497268357,29.17214924677093,-0.03132401524337354,0.540734377630447,0.0117789886152413
23.00184000128,21337.69752874938,65881.57779380489,23.07199999324402,310.42100000747536,21357.458747542387,65910.19068191017,-214.51846956463743,29.17359823070808,0.25257597107046764,-0.658350990561372,-0.19490181002811502
22.99258000213819,21336.34236340368,65879.70231710581,23.070000001605138,310.3860000029302,21356.06441758961,65908.34054928621,-214.529661309094,29.17222690209868,0.2787119980810104,-0.2767867552574143,-0.2124092618975055
22.98486333078219,21334.987133726656,65877.84536401795,23.07399999948448,310.37200000181303,21354.68571862309,65906.49068717855,-214.5199076933837,29.16476356740048,0.3208920073282499,0.24222311488319512,-0.23978506180887843
23.02344666149379,21333.63190323588,65875.98841122404,23.059000005180305,310.3570000022587,21353.29919654544,65904.65190314286,-214.51124347723163,29.16202231033953,0.1279920372714571,0.21555877200107856,-0.10519832157619431
23.03116333671709,21332.27667192879,65874.13145872354,23.01600000469737,310.34500000074365,21351.93610238489,65902.79100067474,-214.4994293030664,29.15431700826416,-0.05458799527098392,0.2934446799944603,0.020358198407761263
22.993094449103264,21330.93447075405,65872.25602719138,23.01599999450084,310.3420000012058,21350.56521853662,65900.94127975006,-214.47870511456173,29.159314907772032,0.082459963431279,0.5157249431555345,-0.0694411748550907
22.98537777540524,21329.579237820817,65870.39907526769,23.0589999988712,310.33100000043686,21349.194307136702,65899.09147634906,-214.4659812865377,29.156363792565664,0.2650400044774585,0.3166285761348601,-0.20330446985652478
23.00955666443345,21328.22400407144,65868.54212363937,23.02100000787427,310.33400000047834,21347.831260645107,65897.2307300046,-214.43917050010785,29.148822217799164,0.04119603638695395,0.6659562223076626,-0.03548215368275867
23.01367222138545,21326.86876950796,65866.68517230441,22.98600000095964,310.321000001943,21346.468121752245,65895.38093292764,-214.42847448643465,29.150270303140697,-0.09961999353291588,0.2667035063310016,0.03656467179971709
23.024989998957373,21325.51359760993,65864.80969793799,22.99899999772977,310.31599999948145,21345.10500877408,65893.53121893141,-214.4097797805238,29.16707004592682,-0.09356400441937751,0.46615947330890894,0.03441288142027694
23.01212889456141,21324.15836141367,65862.95274718224,23.003000000817288,310.3219999997021,21343.741969848143,65891.67050451697,-214.37997166697343,29.15956423275918,-0.032864017478841843,0.7404090081197024,0.012351888546707063
22.978689998232174,21322.803124402933,65861.09579672247,22.996999999855284,310.3150000021405,21342.378848558663,65889.82077041893,-214.36327849633747,29.16108585880837,0.0659160058431965,0.4162484805051221,-0.05600816435879466
23.027562216994657,21321.44788657729,65859.23884655331,22.99700000233686,310.300000001182,21341.00791890193,65887.97092744047,-214.3545594229196,29.15812619585625,-0.11002397276806307,0.21696863112566306,0.040234634813897684
23.02704777969328,21320.09264793903,65857.38189667572,22.970000002392265,310.29999999957136,21339.652600196423,65886.12129278139,-214.33089459141212,29.16412836286701,-0.20537199828365546,0.5912876462178099,0.07266365133456744
23.03064888512916,21318.72444100113,65855.52490311755,22.96999999969605,310.2940000031102,21338.28947981033,65884.27156992933,-214.31320396386863,29.173000969044,-0.21833598755919753,0.44112120941802313,0.07692190537186819
23.04865444829293,21317.369200727,65853.66795382857,22.95700000440409,310.2680000017392,21336.91069203223,65882.43270218595,-214.3155753375204,29.17471251492793,-0.32995599799981934,-0.05911573773038681,0.11223836964600371
22.992065560497647,21316.01395964175,65851.81100483079,22.93399999813417,310.2680000010972,21335.5553708931,65880.58306841968,-214.29191298274185,29.180718751313705,-0.20903602450851935,0.5912255820795433,0.07386780097171973
23.007498882951364,21314.64575024625,65849.95401215905,22.98399999145633,310.2460000033216,21334.192194644656,65878.73318095354,-214.2902238958402,29.189424328686385,-0.08459600938212333,0.04211568680563265,0.03121037157714747
23.038365554474364,21313.277540025712,65848.09701978555,23.00200000683656,310.2330000006522,21332.82908573681,65876.87227235982,-214.2794213197033,29.18905144447097,-0.13091597149609271,0.2683170427504301,0.04752011651650413
23.027047779642373,21311.9222964865,65846.24007166938,22.929000004856647,310.2310000005162,21331.481536334624,65875.02264519474,-214.25778757994823,29.19943106114006,-0.3529719892286153,0.5416261115940212,0.11923091370282744
23.02498999936823,21310.567052135742,65844.38312384406,22.94899999653262,310.221000002439,21330.133997519868,65873.161821029,-214.2440393395433,29.20055693990817,-0.27356401020819593,0.34285317447943986,0.0946968092496311
23.03116333222609,21309.19883945945,65842.52613235697,22.948000000863427,310.2040000013224,21328.770834730065,65871.31198649293,-214.23735386494147,29.209314805231,-0.2993879929055851,0.16669882997407692,0.10280343726109892
23.051226660451125,21307.83062595765,65840.66914116735,22.940000003885327,310.2030000000053,21327.42328624708,65869.46237055118,-214.21472265879348,29.22703541168272,-0.4004159636368712,0.5665996431704086,0.13335516064831157
23.09186777765698,21306.475379154763,65838.81219422496,22.909999999927248,310.1930000033868,21326.067926064767,65867.61263541202,-214.2010654915269,29.23293422883365,-0.6547239998270342,0.3412292936372035,0.20320846994447192
23.05637111559885,21305.10716401552,65836.95520362743,22.93199999984353,310.16400000322614,21324.70468271555,65865.77379220189,-214.2064966255573,29.250735811773552,-0.44773601671915203,-0.13594271678759162,0.14707186126934788
23.064087771884235,21303.73894805408,65835.09821333029,22.90700000198628,310.15000000220493,21323.34152670969,65863.9239899049,-214.1968146347924,29.259525026576327,-0.5655159716326409,0.2414178031109421,0.17973619593455067
23.12221999076849,21302.357827148742,65833.22265606727,22.91899999779332,310.1340000008472,21321.98610600125,65862.0853081548,-214.1892744240785,29.30446986042468,-0.7315919747106037,0.18912807452428937,0.22264992471888478
23.159260001894623,21300.989609533528,65831.36566636445,22.918000002108325,310.1350000008545,21320.63859824732,65860.22459983597,-214.1645326193061,29.31304625191526,-0.8685359992306715,0.6170239301704994,0.25568672354350325
23.12633555543881,21299.60842355968,65829.50863302697,22.907999998501964,310.1160000034785,21319.275385058565,65858.38586126736,-214.1599676336693,29.33828395108351,-0.7860080049726478,0.11426794991832463,0.2360103322690576
23.16851999459045,21298.22723675381,65827.65159999399,22.924000001299003,310.100000000296,21317.920000015623,65856.53606588508,-214.152315067862,29.35879423978688,-0.8802719758492117,0.19119841527398135,0.25843066663586434
23.178294443856306,21296.84611251271,65825.77604394138,22.9019999988864,310.10599999964296,21316.588106333,65854.66434837838,-214.12251368996647,29.38971925073541,-0.9946600018916627,0.7432417097091966,0.28452362630712474
23.1875544440202,21295.46492404232,65823.91901151164,22.93299999928857,310.1000000011343,21315.232753045155,65852.81465698894,-214.10486336197985,29.410361195438824,-0.9163960010338741,0.4410039427512265,0.26679622663017594
23.19578555031557,21294.096765681017,65822.04349999016,22.896000006541858,310.09799999926264,21313.88519316469,65850.96503363912,-214.0832403277545,29.443358441855462,-1.079227957585364,0.5413573719313348,0.30311364538371005
23.25854776861875,21292.728606492543,65820.16798876366,22.86000000595665,310.10000000181753,21312.54542670524,65849.1154783157,-214.05764457564985,29.480814054233488,-1.4347719455835646,0.6421118288817139,0.37600917076933177
23.3022755516168,21291.34747891074,65818.292433918,22.83299999675673,310.0810000007898,21311.189989571973,65847.27676791986,-214.0531107562413,29.52572912940501,-1.6893919974962472,0.11371860046828902,0.424278201654657
23.30176111743685,21289.966350492065,65816.41687937577,22.88699999539553,310.09099999890066,21309.84246730336,65845.42726951852,-214.0194908925557,29.56621611334925,-1.4931400393487508,0.8417214909725383,0.38731372870583847
23.266778882806072,21288.572253661667,65814.5412812245,22.87300000446036,310.0830000027516,21308.48706525321,65843.58867345289,-214.0039593582536,29.61861320376488,-1.4176039620445693,0.3895802940853955,0.3726535187854514
23.35732110520109,21287.20409113437,65812.6657712017,22.85100000226373,310.06200000257707,21307.123838156927,65841.74991690405,-214.0014016557313,29.65172127255929,-1.8227559705744951,0.06402227981368681,0.44863466545863806
23.33777222138633,21285.81005598432,65810.77165034093,22.82900000542981,310.0470000024389,21305.76841115736,65839.91124906759,-213.99287135175328,29.719288712598328,-1.8315799774434809,0.21396266777976788,0.45022805931559573
23.396933325535933,21284.42892420068,65808.89609701344,22.819999989372093,310.03399999972936,21304.41299002604,65838.07260220671,-213.9823419862704,29.76426645931561,-2.076960010189825,0.26410614873531496,0.49372255394871384
23.40207778212537,21283.047854934288,65807.0020206699,22.912000001316628,310.0410000012266,21303.065453720683,65836.22307424119,-213.9517260455813,29.81996940977729,-1.764280010911476,0.7665126140100873,0.43802085768369536
23.3763555548286,21281.666784820005,65805.107944627,22.8100000096573,310.0150000035413,21301.709987643582,65834.384293578,-213.95419754806343,29.880059009640217,-2.038879962616673,-0.06198901313043967,0.4870882234124883
23.422141101030803,21280.28571386112,65803.21386888715,22.832999994075287,310.00500000011016,21300.36235501066,65832.54570498671,-213.9406970300502,29.944734192550307,-2.120907985039858,0.3393216843597853,0.5013427925602238
23.47307111050741,21278.891674457056,65801.31974956075,22.83800000198497,310.0020000016179,21299.00696401241,65830.70716269327,-213.9201715262681,30.01242654632584,-2.2862559906807802,0.5148502478415671,0.5297231760853355
23.469984436335192,21277.51060179756,65799.42567443095,22.820000003595148,309.98500000203967,21297.65934448508,65828.85738779746,-213.9135574533856,30.06787887688169,-2.3399439578641608,0.16558393573526275,0.5388606026625188
23.56618554849173,21276.129528297428,65797.531599605,22.80000000001624,309.97800000056867,21296.311719453344,65827.01883110004,-213.8970595628514,30.13258542417052,-2.7582679745117673,0.41466067570535436,0.6095493822970639
23.527602233764487,21274.7225187289,65795.63743731526,22.814999998496106,309.97400000042376,21294.971884532588,65825.18033206361,-213.87758886962928,30.21646891533757,-2.565368046966172,0.49037503163490864,0.5769908365575788
23.48233110813738,21273.34144352068,65793.74336310082,22.82699999436553,309.9720000003214,21293.624312600907,65823.33071309747,-213.8559781401121,30.27207908597121,-2.3591920095786634,0.5410484877702811,0.5421294487966661
23.557439987496124,21271.960430791,65791.83076586902,22.87399999861835,309.97000000001486,21292.276701833693,65821.49220895719,-213.8344829903837,30.35208026183072,-2.460383959959994,0.5402680696304103,0.5592665945905152
23.61917332735972,21270.56644958217,65789.91812506414,22.83100000944152,309.9630000035009,21290.929111632595,65819.64253889219,-213.8178736018879,30.43024817012897,-2.8374239445055225,0.4158299901128036,0.6229543025230302
23.64283777737955,21269.185435137908,65788.00552844044,22.80199999467865,309.93100000279844,21289.565799440632,65817.81478710633,-213.8264406718512,30.51026379468388,-3.027016017723247,-0.21526855759112623,0.6553625920866952
23.638722221364304,21267.778484580904,65786.0928443823,22.86599999678172,309.9289999999528,21288.218224294586,65815.96516931713,-213.8048332261457,30.595838940061608,-2.7818000084973007,0.5409660562448766,0.6135301308166369
23.657756664065104,21266.38450078212,65784.18020450482,22.832000005266863,309.9190000025609,21286.862802749103,65814.12655732338,-213.79131467379412,30.67871136885407,-2.9727239716736675,0.3390859487646943,0.6459957427373708
23.673704440627823,21264.990516124904,65782.26756493267,22.836999994647343,309.9000000023082,21285.515131343924,65812.28787896353,-213.786822607806,30.765905521520608,-3.012136005529729,0.11289992777368645,0.652774305394112
23.70354222035213,21263.583499667933,65780.37340513674,22.86900000017157,309.8880000015813,21284.1675204776,65810.43815870733,-213.7752170304109,30.836126577249413,-3.0043519926500126,0.29055129239613564,0.6514221292118649
23.7092011071034,21262.18957657126,65778.44224287021,22.839000003797512,309.87600000172023,21282.81987079956,65808.59955327996,-213.7637270116782,30.93864271009691,-3.1327239719011972,0.28878777935293826,0.6738915066715268
23.756529995047284,21260.795589321504,65776.52960422666,22.84899999324944,309.865000001452,21281.45666179006,65806.76090580685,-213.7511854871049,31.01709315037776,-3.2671080064722418,0.31393948400844934,0.6978628937158939
23.762703334075407,21259.388633555103,65774.61692204683,22.8810000050855,309.85600000109616,21280.1012775734,65804.9111911041,-213.73655636104587,31.098179245609003,-3.174131984363666,0.36551376401309965,0.681224217570454
23.765789997990407,21257.981740193663,65772.68571685666,22.83999999028061,309.85199999977,21278.753652137897,65803.07266923369,-213.7170692692316,31.208140411906967,-3.3328440277552676,0.48979435337165184,0.7097872480164604
23.79614221509571,21256.574782680585,65770.77303530365,22.96399999795125,309.84700000370896,21277.39049869486,65801.22297011931,-213.6984158340425,31.28485547572908,-2.9957119817200493,0.4651279834380523,0.6499316938375865
23.847586661899506,21255.16788756541,65768.84183074506,22.843000016593923,309.8080000043842,21276.02715522057,65799.39514906639,-213.71399066939065,31.394787572761523,-3.6165119231000986,-0.3913387957355709,0.7595925542178471
23.858904443558988,21253.760928306427,65766.92914982089,22.83799998997853,309.7979999998832,21274.67954539932,65797.5454515632,-213.7003909626348,31.480270676670656,-3.6752560328896435,0.3404770321849775,0.769828126566459
23.86662111120605,21252.3540314366,65764.99794589236,22.91199999369913,309.8009999990997,21273.33201605571,65795.68477412843,-213.67367812713,31.57199572083208,-3.4366360230249158,0.6661778289171248,0.7281328161296065
23.872279994733628,21250.947133689435,65763.06674227539,22.914000002430647,309.8040000011305,21271.97662896565,65793.84629972298,-213.64716935847744,31.67761832845761,-3.449807972290729,0.6649357415879654,0.7304846612545017
23.926296661885,21249.52726738025,65761.13549514224,22.91499999528875,309.79499999897166,21270.62905804809,65791.98549889306,-213.6324574684456,31.77657422524052,-3.640667999746506,0.3668840136662465,0.7637923919225239
23.928354444639417,21248.120367867185,65759.20429215897,22.95699999784276,309.80900000082244,21269.28156288736,65790.12493596316,-213.5947477555643,31.868418540782265,-3.496876008467963,0.9404274579756403,0.7389363368971491
23.957163324010725,21246.71346747853,65757.27308949167,22.93000000687025,309.7830000029161,21267.92607684117,65788.28616283444,-213.5972397475404,31.97373436505419,-3.6977879417057054,-0.06250276190179971,0.7737745945718134
24.00860778022342,21245.293661754684,65755.32331999207,22.913999993243927,309.77700000132864,21266.57069454804,65786.43648209216,-213.5796190383745,32.09271786905745,-3.9405880331261813,0.44026228550079477,0.8171296169447314
23.9484177810937,21243.886759595043,65753.39211795329,22.98399999683609,309.7580000025659,21265.215306159665,65784.57555281544,-213.57488369174152,32.17980291585671,-3.4719040233273932,0.11785019644440403,0.7344428698699094
24.004492208289783,21242.47991979227,65751.44239291173,22.95899999996993,309.7490000005084,21263.85991226619,65782.72584167344,-213.56026446194696,32.29140066837474,-3.763771949951472,0.3652660555939056,0.785401476450558
24.081658883772626,21241.04714368939,65749.49258055193,23.003999994648503,309.74400000144936,21262.504568849166,65780.86505761571,-213.54153160052783,32.40859654873771,-3.8795720008468435,0.46623065091025806,0.8060799562646533
24.07342778240398,21239.627271165147,65747.56133565391,23.00800000029102,309.73000000189614,21261.15697563951,65779.00420720075,-213.5318252044956,32.50751036035316,-3.8355400156066524,0.24205363827429266,0.7981737943982313
24.045133335722827,21238.220428688404,65745.61161156432,23.01799999814525,309.7210000009003,21259.801617291447,65777.14338241835,-213.51709377245965,32.609949943840256,-3.6976800152792793,0.36663798464603836,0.7737556631428059
24.05902332537148,21236.80061760893,65743.66184398039,23.027999998487022,309.7150000009828,21258.44630608,65775.27147438201,-213.4992486681361,32.71063251258046,-3.7116839767840504,0.4424106129105452,0.7762144002176748
24.136189990123828,21235.36783790839,65741.71203291872,23.05099999363899,309.70900000035635,21257.083175110187,65773.41065486844,-213.4814929166363,32.82341087538896,-3.9066839873454215,0.44102748301947803,0.8109759636365103
24.178888884574462,21233.948025030542,65739.76226597934,23.09699999712505,309.7060000014813,21255.727872240124,65771.53877841134,-213.4606496637232,32.92412863146407,-3.894799994817886,0.5167429089882658,0.8088272211562346
24.19998111067997,21232.515243527458,65737.81245556487,23.09299999971716,309.6900000019243,21254.37248734782,65769.67788251957,-213.45292115029977,33.041228531555646,-3.9851319994661156,0.19234414064764682,0.8252689815079475
24.187634446703683,21231.095428851702,65735.86268927071,23.115999995797605,309.68200000119253,21253.01716621356,65767.80595501645,-213.4370792760036,33.14189974000916,-3.8578840232618816,0.3927451049241686,0.8021788847123812
24.175287779844226,21229.675613283893,65733.91292329553,23.14199999591091,309.67100000151885,21251.65405330057,65765.93397052799,-213.42421190858445,33.238116476338924,-3.7198360221599316,0.3183670774856186,0.7776478411308603
24.17374443992255,21228.2428290772,65731.96311385548,23.16899999763369,309.6640000005179,21250.29099082125,65764.05091311243,-213.4072309600187,33.332612260745194,-3.6170799922398973,0.41852887935229444,0.7596911778828758
24.231362214004307,21226.810107149235,65729.9947814202,23.17999999711881,309.6590000015982,21248.927896215628,65762.17899118294,-213.38836563176704,33.45150382811599,-3.78490398078779,0.46677671369941515,0.7891481255911041
24.25759889002525,21225.3773211296,65728.04497262888,23.21299999487549,309.6440000017315,21247.56476753224,65760.30696629202,-213.37950055833167,33.55506369539461,-3.76055602253914,0.21933870142876383,0.7848323062936834
24.23753555655863,21223.94453420581,65726.09516417047,23.22300000478853,309.63400000228444,21246.201692601688,65758.42387879679,-213.36552196891225,33.64954635723917,-3.6523279863723546,0.34452711463765795,0.7658241358626969
24.251939997298297,21222.51180954841,65724.12683271183,23.195999993314672,309.6170000008069,21244.830774631908,65756.55180756834,-213.3586323199136,33.763881882294285,-3.801384014341052,0.170123079144084,0.7920780730634889
24.269945551344858,21221.079020813795,65722.17702490173,23.29499999078302,309.62100000011327,21243.459963598645,65754.66883894733,-213.33063010675448,33.854081916989735,-3.5098040180226193,0.6888211196079141,0.7411808857492849
24.30441333018617,21219.633326569576,65720.20865032791,23.29000000286133,309.61000000176733,21242.08910185944,65752.78571574551,-213.317627861116,33.966741527343416,-3.651887978369419,0.3198305979878285,0.76574741062203
24.305442223666805,21218.200536015444,65718.25884317434,23.29199999905336,309.60000000189603,21240.718242615683,65750.90260317335,-213.3036265276962,34.05680493191412,-3.648392008608404,0.3444071806644004,0.7651379616026214
24.291552225155176,21216.7678077145,65716.29051302487,23.29399999919186,309.5860000010307,21239.339588238003,65749.01942332061,-213.29359967252697,34.157601099010755,-3.5911880134679324,0.24615227388442107,0.7552028187272306
24.277662221064304,21215.322047571004,65714.34066276283,23.322999990758408,309.58699999960544,21237.96876389355,65747.13642493045,-213.26860068954707,34.25518506228302,-3.4367840291012257,0.6149428230878627,0.7281592109481442
24.300297775692965,21213.88931744124,65712.37233326929,23.39299999490187,309.58500000097945,21236.582404651737,65745.24222876327,-213.24643548445545,34.342536686195594,-3.266272010847938,0.5410119025136662,0.6977121395987933
24.308528885030285,21212.4565232627,65710.42252742416,23.39899999672613,309.57600000123807,21235.195983368307,65743.35907517263,-213.2313853561812,34.423733252679355,-3.2743039978949597,0.368744416280722,0.6991614413595232
24.333736669713023,21211.01082352152,65708.45415483383,23.441999996994767,309.56900000098875,21233.81738682829,65741.46485428585,-213.2142477163721,34.522881354373965,-3.2102520217857218,0.4191167900658477,0.6876583865109541
24.28537889058246,21209.59105844963,65706.48587006767,23.43499999971559,309.55900000216394,21232.438779478733,65739.57060273491,-213.2001107589424,34.607187067565924,-3.0613640071207358,0.34572970754874677,0.6613551739791012
24.313158887975263,21208.15826155168,65704.53606520258,23.455999998081086,309.54200000204446,21231.052367009383,65737.67625295548,-213.19294812472663,34.67917711430901,-3.0857720036190344,0.17481981195250432,0.6656295163172269
24.29309555417634,21206.7125590669,65702.5676936001,23.46599999452856,309.53100000178864,21229.665935719386,65735.79307996285,-213.17990131883064,34.78296421395218,-2.97754401473201,0.31965900188837904,0.6468204395860851
24.35534332149848,21205.266855658607,65700.5993223242,23.512999999108896,309.51500000249666,21228.263962840385,65733.89868859175,-213.17168822083232,34.868688297882535,-3.0324359606025055,0.19967114087751767,0.6563065046925882
24.37129112596667,21203.834056029747,65698.64951844195,23.49199999777701,309.501000001208,21226.877557805143,65732.00437072647,-213.1615283570871,34.94070972485557,-3.1654480614827762,0.24797618382531084,0.6796826775382646
24.22879000721843,21202.38828767875,65696.69967115621,23.5519999928944,309.4960000008967,21225.48340079784,65730.11011980353,-213.14234376860688,35.01578915642133,-2.4364440515664967,0.4673366984385822,0.5552184749786767
24.29875443212828,21200.96851716247,65694.73138834046,23.56200000033117,309.4870000012698,21224.089267555093,65728.20471337081,-213.12704521422089,35.082091727266715,-2.6523159544695942,0.37125850279483685,0.5916571772223855
24.3301355537126,21199.522810095783,65692.76301838747,23.57899999408353,309.481000000526,21222.6951055195,65726.31045274968,-213.10886230503849,35.1723635259274,-2.7040880146646518,0.4429347511042697,0.6003949076782038
24.339910001865903,21198.090069933703,65690.79469249093,23.625999995597248,309.47700000095983,21221.29320613921,65724.4050722869,-213.0885396732908,35.24168409603511,-2.5700760225671586,0.4922219045471129,0.5777850215209455
24.31778888861876,21196.644297936746,65688.84484652232,23.633999999711666,309.4670000016976,21219.891285968777,65722.4996302132,-213.07421756808185,35.30314068432828,-2.461640000065543,0.3468820713218314,0.5594788991608285
24.338366666549987,21195.19858811244,65686.87647756403,23.64999999516173,309.45600000134743,21218.4971426576,65720.59420440186,-213.0609223953708,35.38423778727894,-2.4781200169977327,0.32263948434068795,0.562263749698223
24.31418778007492,21193.76578212615,65684.92667597643,23.685999997107768,309.44700000157934,21217.10304302744,65718.67768501112,-213.04551363353644,35.4336247147965,-2.261476018681751,0.37251952487406603,0.525494721597101
24.319846665619163,21192.32007047034,65682.95830767977,23.689999999063268,309.43600000100736,21215.70111696092,65716.77223357071,-213.0321941048133,35.51027753679575,-2.267447999601224,0.3225986481796995,0.5265144702595193
24.322933331435948,21190.887262667293,65681.00850674903,23.70899999666868,309.43300000046145,21214.29925448212,65714.85575046907,-213.01076134993667,35.55528238490598,-2.2101600051621633,0.5171558609499171,0.5167127013369184
24.3383666672758,21189.441549178853,65679.04013911588,23.73899999303345,309.425000001914,21212.89737453674,65712.9392160904,-212.9943291851393,35.62284758412178,-2.1577200272724624,0.396491281253043,0.5076982003236232
24.31881777902273,21188.008802624736,65677.07181551514,23.781999999555268,309.41100000141984,21211.49551168785,65711.01150558023,-212.9837829863993,35.67381814576464,-1.932544006082864,0.25350841225865645,0.4683207182117853
24.33116444197768,21186.57605515993,65675.10349224419,23.75999999964157,309.40500000107835,21210.10141770349,65709.09501872309,-212.96537881521232,35.738439196126826,-2.056191992410004,0.4449389045844691,0.4901081347578725
24.342482220585808,21185.143306782225,65673.13516929584,23.80299999276621,309.3950000012084,21208.69956640129,65707.16735012282,-212.95083462944405,35.789451543612536,-1.9421360201505509,0.34961551254862544,0.4700272780350217
24.33991000522389,21183.710494438103,65671.18536999908,23.857999986787643,309.3900000005964,21207.289949764763,65705.23970718507,-212.93126553061109,35.820871486239135,-1.7348760663704839,0.4695033162401477,0.4326460092614425
24.29721111148777,21182.277744239487,65669.21704770776,23.92000000938763,309.37500000507924,21205.87251799929,65703.31193514481,-212.92167063608773,35.862931615136965,-1.3579599675605067,0.22975073836603543,0.36421739091508387
24.328592220400463,21180.84499312832,65667.24872573992,23.780000009505315,309.32900000554287,21204.46268780145,65701.40609891487,-212.9433300218816,35.927360184416216,-1.974931959222532,-0.5234738399243272,0.47584749889364997
24.31367333310372,21179.41224110508,65665.28040409969,23.843999985539305,309.3120000000735,21203.05302872468,65699.47833315154,-212.9357629029904,35.97385224766123,-1.690824051231887,0.18154490975130702,0.42454269209577483
24.34351110738071,21177.97948816749,65663.3120827855,23.907999992755904,309.31200000153814,21201.651244121866,65697.53965479626,-212.9111092191975,36.015846930167164,-1.5678400126493004,0.5904175118955538,0.4015619099596769
24.34351111332221,21176.55970220868,65661.34380547816,23.947999998287425,309.2940000015863,21200.23379890933,65695.61185312048,-212.9045177371861,36.05047351241726,-1.4238400141252299,0.15783206256878854,0.37680629427962237
24.328077779362765,21175.12694745232,65659.37548481407,23.938000001079537,309.2930000003553,21198.824228156493,65693.67313884912,-212.88083970504417,36.08801008779911,-1.4042800018196204,0.5659656777249306,0.37389351259378445
24.32859222014508,21173.69419178419,65657.40716447553,23.95699999349071,309.2810000026324,21197.406801093937,65691.7453997204,-212.8682503706055,36.13011190984973,-1.3377320159557244,0.3014554364176665,0.36297157517683565
24.335280003598264,21172.248467298683,65655.43880079151,23.99899999848589,309.2630000021364,21195.989391102445,65689.80648449593,-212.8615470574823,36.17043387688207,-1.2106080184045496,0.159912236020328,0.3405179682769355
24.301841110403505,21170.828677704,65653.47052477773,23.985000000409777,309.2500000022857,21194.571996815488,65687.86762117415,-212.84984494131044,36.19599792964572,-1.140627995977421,0.2791666520146862,0.3274382975139582
24.341967774106024,21169.3959192988,65651.50220541994,24.011999994236827,309.2320000021836,21193.154585059863,65685.92870660593,-212.8431434380884,36.22891562849018,-1.1878840075291082,0.15986902574779996,0.336747732752097
24.32859222600307,21167.96315997853,65649.53388638486,24.03999999878772,309.22100000156286,21191.73719564187,65683.98986456972,-212.82944324924324,36.261906363632605,-1.0389320179752601,0.3268346098757697,0.30763251946423664
24.31881777637687,21166.53033674323,65647.58409100253,24.039999998461752,309.2090000015478,21190.31202093329,65682.05098631889,-212.8167178307677,36.27523582817101,-1.0037440004944287,0.302996373649749,0.3004019845714711
24.34248221801456,21165.09757560404,65645.61577262577,24.06999999433493,309.2020000004948,21188.89464300841,65680.11218619328,-212.79901969094936,36.30826846899232,-0.980936005246673,0.4222146533712173,0.2958191602649453
24.34711222816964,21163.65184562428,65643.64741091711,24.105999995516928,309.197000001686,21187.46952757649,65678.16226626227,-212.7791819862353,36.335154859301326,-0.8680040375497583,0.4706011922519551,0.271011422312013
24.2925811131951,21162.21908265276,65641.67909319195,24.119000002298804,309.18000000231893,21186.044333619568,65676.22333743064,-212.771458999146,36.363643712782434,-0.6248919992266693,0.18388394441529232,0.2108471097770136
24.31830333156084,21160.786318770613,65639.7107757933,24.101999997013845,309.16900000119244,21184.619196504827,65674.27335627933,-212.75762277217515,36.38306838414064,-0.7786920043691865,0.32822609546186354,0.25026958006639166
24.305956665862627,21159.35349099467,65637.76098204477,24.150999995743533,309.16100000116256,21183.194068442088,65672.32340639063,-212.74078763554368,36.38731129388516,-0.5578440124287412,0.39936986411153197,0.192567854983521
24.33630888605638,21157.920725291056,65635.792665303,24.15299999785677,309.15300000110875,21181.76893948332,65670.37345683259,-212.72395341582376,36.40676687121953,-0.65991199751859,0.39934807019500873,0.2204194923868884
24.327048891861025,21156.487958676884,65633.82434888117,24.190999995441214,309.1480000000543,21180.34381957504,65668.42353853863,-212.7041202868677,36.42625398658226,-0.4897760271113228,0.4704923913607078,0.17319339536786693
24.31470222255175,21155.042160229,65631.8745124758,24.20599999733739,309.14700000128107,21178.910968742843,65666.46252106952,-212.680147752388,36.42440193923043,-0.39132801077170287,0.5655176052363758,0.1431553387721645
24.318303332842326,21153.609391788348,65629.90619671326,24.23499999609556,309.13100000220413,21177.48581057473,65664.51249000304,-212.6713158124119,36.44377372835033,-0.299892012288359,0.20951005591616356,0.11340042361123528
24.319846666065374,21152.163591516368,65627.95636096987,24.25599999655345,309.1220000007652,21176.05293142118,65662.55139070429,-212.655344656692,36.4418439582927,-0.2298480102429295,0.37675720219686687,0.08915692831487021
24.326019999542552,21150.730821250847,65625.98804586599,24.275999999872223,309.1140000021255,21174.62005467577,65660.59030204963,-212.63837448389,36.44773010078984,-0.180071998813186,0.40032477374841186,0.07116777441711108
24.325505555527336,21149.285082105125,65624.01968745631,24.26999999787072,309.0970000016085,21173.187147199784,65658.62912093257,-212.63040471043868,36.460927252462895,-0.1998200075638181,0.18800140549362448,0.07842686516026154
24.3224188910253,21147.852247064064,65622.06989632986,24.313999992125662,309.0949999997072,21171.76210745595,65656.65700647175,-212.60734832409932,36.446992899928645,-0.03030803603869714,0.5429264311305794,0.012687885618056895
24.30852888775312,21146.406506085248,65620.10153858685,24.35299999756789,309.0950000004348,21170.33707343268,65654.68491295254,-212.5822929852149,36.455699210536345,0.16009599533316674,0.589999034869421,-0.14295821302105705
24.328077777723927,21144.973669227384,65618.15174811294,24.36599999500053,309.0900000007282,21168.90424081001,65652.71274201325,-212.5622122274713,36.43729957606808,0.13651998219576741,0.47196467812846277,-0.12348482211900624
24.311615555564675,21143.52792641749,65616.18339103204,24.416999994596647,309.0830000018718,21167.463619521102,65650.74052458526,-212.5441062367931,36.437041805593815,0.3793839805151009,0.4247472798749836,-0.3008954571160476
24.3301355546782,21142.082119753868,65614.23355760548,24.41700000442023,309.06400000310026,21166.02291976317,65648.77929831942,-212.53811493638352,36.4305853701886,0.31271201907131,0.1410612603967814,-0.2566809556283918
24.32036111080861,21140.649343096968,65612.26524479473,24.40699999208679,309.05199999922155,21164.582317880828,65646.79591549218,-212.52489607059488,36.41374180932621,0.3118999726014479,0.3089629554377155,-0.2559924995913028
24.33630888829111,21139.203534612832,65610.31541203022,24.48099999942475,309.0620000008885,21163.14956908587,65644.81278596759,-212.4897054735488,36.39382544563392,0.5208880000811007,0.8240745389937326,-0.38477808776793787
24.316245560039555,21137.757788128743,65608.34705627576,24.42800000108656,309.0380000033152,21161.70106889852,65642.85148298652,-212.48869063817128,36.39804943873403,0.40231598776921657,0.023847744523972085,-0.3150347534580802
24.29875444344352,21136.324945818706,65606.39726777152,24.49199999143512,309.0290000002072,21160.26047419907,65640.86813208988,-212.4724747686041,36.366057781280645,0.6956839727697528,0.3790143555761381,-0.47378667569237976
24.31367333397209,21134.879134597468,65604.44743600304,24.5079999983346,309.02800000020784,21158.81212393018,65638.88483779438,-212.44823426855143,36.33712699431886,0.6995759917050365,0.5655215343347151,-0.4752649467013073
24.292581112243127,21133.433385365533,65602.47908124106,24.53199999781121,309.02300000157175,21157.363721700167,65636.91261714224,-212.4281089187593,36.33243841879661,0.861907988045094,0.4712297148778127,-0.5460418892307852
24.298754445770697,21131.98757231456,65600.52925013329,24.53599999824157,309.0100000013333,21155.915329843097,65634.92919984268,-212.41586960535176,36.303390320510594,0.8540839888951467,0.2855309779823911,-0.5424778223457005
24.287951106689302,21130.541758351632,65598.57941936227,24.558999997473013,309.0060000004925,21154.4669668598,65632.94587563895,-212.39463176521213,36.27444231480821,0.9757760068213571,0.49546798823090377,-0.5893446211604689
24.36357443259269,21129.096006364976,65596.61106559991,24.566999998372086,308.9980000019211,21153.01858970745,65630.96251054763,-212.37739463763864,36.26062306958752,0.7323320368058319,0.4021300487026437,-0.48945967408778474
24.37334890354852,21127.663221486924,65594.64275574479,24.591999994663624,308.98200000227934,21151.562403991305,65628.9790371721,-212.3681319561842,36.234807835502025,0.787143928014369,0.21568156319315177,-0.5134555967936137
24.235992230969693,21126.230372816368,65592.69296954165,24.61900000031736,308.97100000072487,21150.10623389685,65626.99561566673,-212.3538705222229,36.1938784215743,1.3788279696516028,0.33208226970522275,-0.7153159533561172
24.26017111073939,21124.797523241377,65590.74318366627,24.603999998837395,308.9640000026581,21148.65785727364,65625.01226190495,-212.33563629428392,36.157457578973606,1.2377839971528217,0.42539250546685226,-0.6748021422611341
24.20512556173637,21123.36467276354,65588.79339811564,24.64299999388156,308.93900000257673,21147.201676755965,65623.0175822889,-212.335261521182,36.107284036008174,1.5763479557226832,0.008694694027949899,-0.7663903642492547
24.22313110288918,21121.918853336683,65586.84356932508,24.662999999943853,308.93300000053506,21145.737739259388,65621.03418717152,-212.31597720750847,36.06938534848128,1.5835280293968226,0.4482026743294042,-0.7684778097904225
24.28023443844396,21120.47303299676,65584.89374086639,24.667999995451627,308.9240000018192,21144.281609826743,65619.0396731208,-212.2996052844796,36.026830532626136,1.395956005227606,0.3798464205449743,-0.717585695248507
24.27303223272112,21119.02721174313,65582.94391274075,24.709999997765607,308.90900000264674,21142.81764067764,65617.05618595758,-212.2893223509253,35.988840966146384,1.5730839541601485,0.23898864553491242,-0.7654394423746896
24.17940334127176,21117.594357636804,65580.99412850347,24.70099999911509,308.89200000152647,21141.35370173288,65615.06156400479,-212.2809258547544,35.93428214754963,1.8777479682359839,0.19443989610795903,-0.8493902443201281
24.17220111278904,21116.14847171374,65579.0628243643,24.73299999575556,308.8840000021372,21139.88979162969,65613.06703512848,-212.2635308461948,35.872118598476625,2.0188759786794708,0.40283074615255404,-0.8853811852564042
24.13258889463508,21114.715615797948,65577.11304078494,24.737000002180228,308.86300000256256,21138.41801864971,65611.08346103535,-212.2592244153784,35.822136025759455,2.1758799871625287,0.09989654705616877,-0.9231334845412984
24.110982224231662,21113.2826961378,65575.18178085594,24.732999995527763,308.8510000020024,21136.94631225469,65609.08886549211,-212.24580507979,35.7480001481578,2.239263976665961,0.3101787906778304,-0.9379929286326782
24.08783222794091,21111.84983841841,65573.23199793068,24.77899999739556,308.83700000076595,21135.47459830028,65607.09424969034,-212.2343865919601,35.68899821636597,2.4882039700367318,0.2639290572442262,-0.9946807276957376
24.030728898986297,21110.42988504036,65571.3007821936,24.76600000051341,308.8360000014704,21134.002888659616,65605.11088270509,-212.21008421312052,35.61661553585465,2.6469759654976133,0.5637727692188921,-1.027799164646089
23.98082777831296,21108.996899865768,65569.38804656669,24.777000001425208,308.818000001634,21132.531159588685,65603.11622640248,-212.20266741336133,35.52725976455189,2.86622000320409,0.17143111927164906,-1.0743726136235705
24.00809333096204,21107.56397662577,65567.4567879423,24.77699998897978,308.81899999940333,21131.059492413584,65601.12176618174,-212.17625269482448,35.453258360296346,2.768063968863868,0.6105736150322271,-1.0535334156019263
23.998833334434643,21106.1440205824,65565.52557318032,24.87799999858397,308.81200000336946,21129.587835566595,65599.11610936097,-212.15772409218164,35.362624206913225,3.164999990937578,0.4267435022634153,-1.1377146576399915
24.0019200006574,21104.71109555929,65563.59431520017,24.785000013173804,308.78000000413016,21128.12383856093,65597.12133605362,-212.1643353715916,35.29275806506612,2.819088045059054,-0.15308970450292314,-1.0643830564633874
23.977226672358388,21103.27810682681,65561.68158087459,24.7629999988212,308.76100000233686,21126.65992134205,65595.11558247817,-212.15783400998004,35.19879548777958,2.828783975266127,0.15001014972779939,-1.0664404659728088
23.932984451084423,21101.845180014938,65559.75032355357,24.755000004611823,308.7490000000372,21125.188169671368,65593.13210427543,-212.14453675300132,35.13375075121916,2.9592559926986413,0.30846584355013457,-1.0940197516804038
23.89182889388104,21100.4251576098,65557.83763340398,24.73099999668411,308.7589999983854,21123.72430872217,65591.13776463628,-212.1091533755925,35.041717269889325,3.0210159700910437,0.819420225295877,-1.1070771322659672
23.87022222298555,21099.00519712529,65555.90642025201,24.79299999205796,308.76399999987325,21122.244867884816,65589.14332154773,-212.0787186754488,34.95581221912107,3.32199996866068,0.7021806265839133,-1.1711813185260018
23.89388665771925,21097.598141073464,65553.99377426249,24.79600000669781,308.76300000037486,21120.781006387868,65587.13775475233,-212.0542222263667,34.84710974713382,3.2476080563228154,0.5652472948061648,-1.155306117815207
23.94944666712389,21096.178178825507,65552.06256175037,24.744000002500616,308.76000000037044,21119.31706190012,65585.15439676956,-212.03195532526868,34.779171052390225,2.860392007356214,0.517525336708318,-1.0731388883086348
23.87793890296608,21094.758215688624,65550.13134955446,24.75899999943757,308.75800000032484,21117.85319520772,65583.14882036287,-212.00846074442487,34.69306959728486,3.1718199472973683,0.542128568890231,-1.1391660383340187
23.80643111674844,21093.3381888808,65548.21866100392,24.73800000236953,308.7550000005129,21116.38150533527,65581.15432239577,-211.98605542888723,34.59642054386741,3.353647988235936,0.5178929981793469,-1.177948962324608
23.796142221286807,21091.931129324435,65546.30601628197,24.74499999719974,308.7510000006804,21114.91759242616,65579.15984061282,-211.96467700324,34.49677367430889,3.4158879932865633,0.495081164298083,-1.1912894831255936
23.79562778059744,21090.52406889866,65544.3933718767,24.749000004020942,308.7460000006947,21113.4536752691,65577.16534887107,-211.9442994796957,34.397116451357,3.432140004324613,0.47190135622775997,-1.194780673899011
23.77453555464532,21089.117070371703,65542.46220446062,24.70300000503443,308.7439999995937,21111.99751060233,65575.1820290302,-211.92106340690583,34.32620023256829,3.3424720214007992,0.5410684442407409,-1.1755579811197336
23.790997780620327,21087.710008200047,65540.54956068036,24.69000000159428,308.7440000018025,21110.53360808708,65573.18758945969,-211.8956880891801,34.22659456197193,3.236407995506238,0.5876446764502673,-1.1529192457753128
23.735437784386228,21086.30294515772,65538.63691721918,24.684999996442947,308.7299999993073,21109.069620675407,65571.20412061186,-211.8844272427436,34.13593148458928,3.4184239634041886,0.2617167135289373,-1.1918340236900458
23.72206222304016,21084.89588124469,65536.7242740681,24.716000001270512,308.74699999965554,21107.60577243655,65569.20985676612,-211.8420548402192,34.036501374061146,3.5781760016292607,0.9812726098944953,-1.226331224133508
23.70560000314724,21083.48875370805,65534.830154559335,24.66800000589509,308.7290000025038,21106.13398870541,65567.22632129786,-211.83476969183403,33.92617218294454,3.4646400098922685,0.16899541139304186,-1.201772991829882
23.683993336553588,21082.081688056573,65532.91751204253,24.65800000045921,308.72200000123854,21104.66220268073,65565.25401397826,-211.8166004620094,33.8401952090979,3.506423990060243,0.42301224454358544,-1.2107857937931417
23.669588888589416,21080.687589696,65531.00491332226,24.639000004928665,308.7100000008376,21103.198218129768,65563.27056711006,-211.803343549774,33.742099674989106,3.4898800188212946,0.30810947362662044,-1.2072139961064674
23.66650222783957,21079.29349047469,65529.092314908026,24.60100000472707,308.7119999997778,21101.742060120192,65561.287290839,-211.7761143767496,33.648627419628035,3.3641919967950016,0.6340536473135286,-1.1802059111461096
23.611971114107263,21077.899327653693,65527.19824012867,24.58499999976762,308.7109999996126,21100.293672510936,65559.30401013387,-211.75191194639208,33.54443956951891,3.502903988377291,0.5646309009348942,-1.2100254649679154
23.62843333235845,21076.50522671083,65525.28564233901,24.594999998827475,308.7189999987133,21098.837532449408,65557.32079629817,-211.71868502468843,33.451030316609376,3.479639999288487,0.773719867548035,-1.205005375848483
23.59602334120429,21075.11112490471,65523.37304485028,24.591000002305087,308.7220000007322,21097.373593692948,65555.3375052149,-211.69043279424503,33.35310312349054,3.581915979962868,0.6566401822837542,-1.2271441069803763
23.55692555629508,21073.716959512672,65521.47897099987,24.56100000681117,308.7100000022914,21095.91734804278,65553.36520070297,-211.6773208955096,33.25342836310231,3.614668021857922,0.3064247544459537,-1.2342746191848235
23.57493110949923,21072.322855984658,65519.56637413352,24.511000005415177,308.6970000010274,21094.468879421514,65551.39291235256,-211.6652358438884,33.173378613084694,3.3698480252974137,0.28296149641395,-1.181417070690058
23.55229556328684,21070.94165706741,65517.67234436174,24.499999998204625,308.6959999997206,21093.01270591148,65549.40960722305,-211.64101218813028,33.057276818280265,3.4117359657040267,0.5640650775394355,-1.1903981085756392
23.502394446830515,21069.56045730768,65515.77831489662,24.50300000525793,308.69600000052674,21091.564278357564,65547.4374533571,-211.6159297797758,32.95475572293064,3.6021800103386994,0.5872999179983462,-1.2315532755096859
23.514741110251,21068.166351208714,65513.86571895117,24.453000001290743,308.69299999948174,21090.11583997751,65545.4652689521,-211.59384813650044,32.87481796542669,3.3777320077430804,0.5170350816745851,-1.1831058975680206
23.505481110816003,21066.785149745803,65511.971690091086,24.469000004439103,308.69999999979683,21088.675214942257,65543.49321390197,-211.5617939693204,32.77683438827192,3.4686680170431585,0.7519669518976668,-1.202640665675384
23.5085677825174,21065.390979231222,65510.077618085576,24.391000008068065,308.695000000457,21087.22673045858,65541.53212410872,-211.54182835832367,32.69080804609939,3.176756011982397,0.46919874551982466,-1.1402165769374617
23.443747786104908,21064.00977606984,65508.18358983711,24.39299999654551,308.69699999968816,21085.78608707945,65539.56001825862,-211.5147757702509,32.592773945836704,3.417307957586165,0.63463063498765,-1.1915943772666306
23.429343329921352,21062.628572064285,65506.28956189162,24.39300000486729,308.69600000035183,21084.34539522888,65537.59899639439,-211.49083820558252,32.50381998232168,3.4691640298053756,0.5636165431422244,-1.2027475285420326
23.45866666545732,21061.24736721209,65504.39553425168,24.34400000539823,308.6949999997778,21082.904740114653,65535.626860329714,-211.4667873119925,32.40575653283624,3.187200023787277,0.5642110446352886,-1.14243960304969
23.420597789852728,21059.866161511392,65502.501506909786,24.32800000196793,308.69700000009897,21081.471837605284,65533.66589608984,-211.4398777303986,32.3212920723925,3.2666479636147243,0.6348011264975753,-1.1593654694141935
23.35680666413291,21058.49786051458,65500.62604663796,24.30500000379368,308.6940000002635,21080.038917690847,65531.704880723766,-211.4179687807633,32.21416497034105,3.413496022778767,0.5168316177006239,-1.1907759382929335
23.415967777863163,21057.10368490516,65498.73197646935,24.27800000474875,308.6940000001605,21078.606006764723,65529.74389655847,-211.39306093512465,32.13710419423099,3.1033160167881193,0.5875782211586856,-1.1245907873823735
23.34909000557045,21055.70944576472,65496.85642993173,24.24300000435255,308.6900000008444,21077.180863015004,65527.78289764254,-211.37217971776,32.04927839685005,3.2180759956155582,0.49352190563313975,-1.149013894736383
23.3640088892614,21054.341142255333,65494.98097056513,24.22400000145908,308.6859999999597,21075.755718365348,65525.82189905178,-211.3512994248248,31.94659691490445,3.0959680039116466,0.4935000039223609,-1.1230275501833271
23.32285333775528,21052.95993233824,65493.08694474379,24.21600000162332,308.68899999975326,21074.322776978617,65523.87206126343,-211.3235087672292,31.871249382116822,3.2153279899249485,0.6580091371686908,-1.1484286138389415
23.31822333531102,21051.57865891553,65491.21144254796,24.18700000824888,308.6870000005905,21072.89759948413,65521.922198436056,-211.3007446719978,31.785127446430373,3.1275960225762915,0.5400209472807376,-1.1297561675846708
23.294558888939186,21050.197384655512,65489.335940656594,24.129000003492983,308.68300000051374,21071.47241449653,65519.97231535582,-211.2799813743472,31.69898590374405,3.003988012393671,0.4925552681996519,-1.1034510544122498
23.29661667394755,21048.81610955577,65487.46043907062,24.13799999924651,308.6809999999836,21070.047235206483,65518.02245317539,-211.25721911066256,31.612866088712835,3.028979971076255,0.5399773809004059,-1.1087726526278052
23.18704001790511,21047.44780187519,65485.58498119961,24.12300000215296,308.68000000086613,21068.62202069152,65516.08371614256,-211.2335720473867,31.52843082601251,3.369455943292253,0.5630525375519094,-1.1813331006641663
23.11038778041993,21046.079430723275,65483.72804695287,24.112000003526987,308.67100000093103,21067.1968165266,65514.13378259843,-211.21781120161145,31.41962646102929,3.605804003185402,0.3738809449834756,-1.2323426739674774
23.13919665914193,21044.72408965116,65481.85263309068,24.06200001045941,308.66700000110336,21065.779371632827,65512.19504142298,-211.19719170761283,31.3321897906386,3.3220920647429284,0.4919062408480966,-1.1712009988583525
23.17469333263285,21043.355779490463,65479.977176106746,24.008000000215425,308.65999999947627,21064.361915961028,65510.25626970991,-211.17957294706173,31.2521543311834,2.9999040032972744,0.4203169984662321,-1.102581418370578
23.14074000965571,21041.987405866887,65478.12024275206,24.041999997448823,308.6709999992395,21062.952337661434,65508.306595014365,-211.1438678455661,31.152472407361326,3.2445359560552123,0.8502593549656993,-1.1546513447363387
23.08209333597805,21040.63206232584,65476.24482976791,24.00600001087575,308.66600000094,21061.53488680802,65506.36784451437,-211.1242510113468,31.06502541590015,3.3260640296317106,0.4679853589406882,-1.1720498542685502
23.09392555582972,21039.250718780408,65474.38785360546,23.94600000110692,308.6630000005058,21060.11740404973,65504.44022944014,-211.1027494071004,30.98638882750803,3.06746800299792,0.5148677417321169,-1.116963911692939
23.037851126751608,21037.89531096936,65472.53096453368,23.97000000046814,308.6570000009804,21058.69212920749,65502.51255776874,-211.0842226125376,30.88840338714188,3.3557359453795144,0.44277321395057073,-1.1783957986201143
22.945765557626125,21036.53983973676,65470.69259908456,23.937000000966112,308.65599999864133,21057.282432586293,65500.58498997293,-211.060748838572,30.78420249427414,3.5684439960239547,0.5631822177523029,-1.2242172376147427
22.98949333059406,21035.184492910827,65468.81718727622,23.946000006182707,308.66600000050704,21055.87280894029,65498.646421098165,-211.02616240081173,30.701372020069872,3.443424032119137,0.8267038879237747,-1.1972067359634577
22.965828888980543,21033.842050954667,65466.96034246673,23.86400000627505,308.6510000015193,21054.463064425603,65496.71870994381,-211.0166896031085,30.60478741091344,3.233416022260222,0.22726355842358065,-1.1522817354914199
22.988978891487022,21032.499608194183,65465.10349794961,23.87799999851559,308.6490000008665,21053.05336187376,65494.79113281122,-210.99421845994465,30.50834327405241,3.2004759853028477,0.5391260836769225,-1.1452659401867666
22.924158896668786,21031.15722721925,65463.2281303904,23.85700000273345,308.63700000115244,21051.64358790093,65492.87456769028,-210.9818618149177,30.436123800363287,3.358227981832792,0.29756703851508076,-1.1789291692966934
22.90306667060459,21029.84071945302,65461.371373200505,23.83800000810169,308.63500000066546,21050.233883597502,65490.94699119686,-210.95939245746823,30.3248983810733,3.365760014989559,0.5390831265306085,-1.1805416459211404
22.85162223048788,21028.524273486742,65459.496092962414,23.7490000122254,308.6260000010102,21048.824080174603,65489.041572101865,-210.9441519493676,30.24714059927617,3.230560014255077,0.36839925853781524,-1.1516732395890874
22.81149555870907,21027.2077641373,65457.639336320666,23.71399999732872,308.62499999967457,21047.42990249012,65487.12517316205,-210.9208504171748,30.15401311457648,3.2490159790307445,0.5633357812318147,-1.1556062142016656
22.813553329147712,21025.89131657417,65455.76405663516,23.75699999493937,308.62799999941336,21046.035774705484,65485.19770112867,-210.89343582241847,30.067052325291964,3.396407996849969,0.6602757384624782,-1.1871092923991886
22.82744333992885,21024.60080485705,65453.88886395528,23.754000005378263,308.63199999960176,21044.62604908662,65483.28130212644,-210.86508454881832,29.96579576080089,3.335603995617892,0.6827627663820377,-1.1740892469473132
22.777027771598547,21023.310292362883,65452.01367154117,23.706000005939497,308.63000000130216,21043.2318279276,65481.37600836582,-210.8428997736979,29.88259295852529,3.3443000436274204,0.5383708262716118,-1.175948982487154
22.85779556036921,21022.006810747785,65450.13843603211,23.68899999939695,308.6180000013327,21041.8376105592,65479.45949755874,-210.83060112784432,29.7975319790644,2.992335980499864,0.2973236084318804,-1.10098815792659
22.71375112580081,21020.755264244668,65448.24485090452,23.68700000481412,308.61000000213744,21040.4278052386,65477.5540906485,-210.8143659687286,29.69929749340323,3.5036959644479224,0.3924430405697521,-1.2101965160559223
22.720438885580336,21019.49074864268,65446.35122266697,23.62200001074277,308.5910000019623,21039.041306868912,65475.64864907656,-210.8092087294296,29.621634277565427,3.245620050584763,0.12539264102414155,-1.154882397361424
22.707577779030785,21018.22623226081,65444.457594684674,23.583999997402447,308.58600000054395,21037.654891321003,65473.73223722942,-210.7899390206304,29.535131834104533,3.155119986137983,0.4667631638305088,-1.1356122473287922
22.713236668123148,21016.974683451568,65442.56401030665,23.61000000490688,308.5819999998124,21036.276259558137,65471.81586200245,-210.76969613669,29.445993605985752,3.2283480124214337,0.4912869115900211,-1.1512019832385738
22.683398892419987,21015.723133873573,65440.67042617876,23.52900000711415,308.58699999976733,21034.897619007617,65469.91069414082,-210.7405687987728,29.366471807269978,3.044164012898983,0.7096207578290157,-1.1120047011035843
22.66848000406472,21014.497520236644,65438.776928994776,23.547999993826075,308.57900000243615,21033.518934810163,65468.00539293567,-210.7244415696596,29.27287365162224,3.1662719631408804,0.3928945435631678,-1.1379853421320107
22.636584445204072,21013.271968394503,65436.86490872449,23.5470000096732,308.56300000102374,21032.148042348083,65466.08892129077,-210.7162264865217,29.190071548863465,3.277496032088867,0.19975603320743954,-1.161679358184548
22.65407555477528,21012.046415788467,65434.95288868925,23.45700000743372,308.5610000013716,21030.792757847023,65464.17264592704,-210.69406485256823,29.116272173317377,2.890528029570389,0.5409769609163817,-1.0795141835680906
22.59851557462769,21010.859767522248,65433.040998912096,23.447000004521826,308.5509999987615,21029.4374461739,65462.25628862103,-210.67990361954463,29.02171712756128,3.0545439476188876,0.34567694579595154,-1.114213764973753
22.470933338219343,21009.68608689492,65431.12915269657,23.38100000786128,308.5670000009447,21028.10556333125,65460.34027694675,-210.63982239438096,28.93356182249205,3.2762400107109797,0.9840597488613726,-1.161411407692564
22.525978882119645,21008.52543644181,65429.19882671063,23.372999996503104,308.54300000096873,21026.75798528545,65458.42380234218,-210.63968794367,28.84597273993632,3.0492760117804525,0.003288102823333338,-1.113092675380779
22.52494999846807,21007.37781616784,65427.25002093984,23.385000004361768,308.5649999960578,21025.441720807896,65456.49679041104,-210.59354641152947,28.77554618252325,3.0961800212173105,1.132718893699678,-1.1230726557261304
22.54501333787081,21006.230132645924,65425.31973870463,23.37199998647557,308.57300000162644,21024.133228359613,65454.55854633397,-210.5613166606548,28.684525776489984,2.9771519349771327,0.789587755302222,-1.097790491049942
22.46424556559753,21005.10844769736,65423.37102001195,23.48100000752872,308.5599999996384,21022.80910323496,65452.62003464581,-210.55003480837848,28.58798127284686,3.6603159909522875,0.27534625666506257,-1.2442502486922846
22.431835560557733,21003.98676204172,65421.4223015139,23.288000020306765,308.57899999718626,21021.53180837084,65450.670893697,-210.5067967894474,28.50731293116724,3.082192055096513,1.0629513297229203,-1.120096713609233
22.391194446487034,21002.891012463017,65419.47366986537,23.292999993773485,308.59199999756686,21020.25449295711,65448.721691332205,-210.46955926989745,28.413779775158623,3.246499970231221,0.9154392633550898,-1.1550699392441992
22.409199996773413,21001.82126150084,65417.50660171997,23.27900000853368,308.6099999989274,21019.000574863097,65446.76150410957,-210.427286384081,28.32606846399316,3.131280042336955,1.0407628544230274,-1.1305399376248566
22.41434444513618,21000.75150985875,65415.539533755655,23.21500000637092,308.60600000057235,21017.73872714756,65444.8232940933,-210.4072154135487,28.25416031642141,2.8823600204450686,0.4972183459618669,-1.077787237762087
22.40045444874688,20999.681757531143,65413.572465978046,23.208999996762373,308.61299999746444,21016.500371575115,65442.85193180692,-210.3758812133966,28.166150174167804,2.9107639728557686,0.7711229721059569,-1.083789645529353
22.35106778768472,20998.638003841403,65411.58696167985,23.20900000920485,308.6279999998934,21015.277604305244,65440.88070398054,-210.3366000487512,28.089755736356487,3.0885559974724686,0.9701481574425248,-1.121450665518214
22.282646674524173,20997.607155399284,65409.62002419048,23.130000001109465,308.6150000020817,21014.0469252418,65438.92027718591,-210.3254063304581,27.997185270061003,3.050471975707052,0.2770757903303062,-1.1133471992619979
22.287276653373127,20996.60230563224,65407.63465017043,23.154000010526914,308.60500000189074,21012.831818053444,65436.95993348255,-210.31126534998424,27.91670202698656,3.120204085753636,0.3512885908516449,-1.128183572242169
22.38707888829579,20995.59751770661,65405.63075298298,22.998000014826538,308.5930000000272,21011.64786663098,65434.98855895316,-210.2991144327616,27.85884743945879,2.1993160555106925,0.30274677610441,-0.9286510727594407
22.289848903424023,20994.618665980703,65403.62694256324,23.014999991323428,308.60599999755965,21010.48741590857,65432.99529046522,-210.26181520078305,27.7813882689897,2.6105439164378597,0.926485095654745,-1.02029940871703
22.249207780841857,20993.65278205504,65401.623175600536,23.03800000227437,308.6169999991748,21009.31913893521,65431.013090165965,-210.22660490758952,27.70468159373653,2.8396519971570444,0.8767319910963626,-1.0687450786567607
22.228115555909184,20992.686897497148,65399.61940878707,22.99400000880224,308.6199999995859,21008.166397711724,65429.030859884864,-210.19944668921863,27.63625103063109,2.757184030414996,0.6785647254242229,-1.0512146042148194
22.24663555220832,20991.75998010756,65397.59724869558,22.948000002099285,308.62299999984367,21007.021474667425,65427.037541275895,-210.17220107356584,27.56088122193611,2.5249120196074686,0.6790638641692687,-1.00252512658881
22.246635560445213,20990.846030559744,65395.57513203949,22.93700000787885,308.6220000001598,21005.899881960537,65425.04425977223,-210.1490336055444,27.491508447417445,2.485312010761095,0.5803475084211964,-0.9940350263486758
22.20239333658108,20989.932142879574,65393.53449218973,22.85100000908926,308.6249999986369,21004.793902013967,65423.039957019726,-210.1218048234045,27.437014686606545,2.3349840210294603,0.6814708344180604,-0.9600785977755258
22.197248892731967,20989.057159951524,65391.49398234883,22.84199999759317,308.6369999986903,21003.70351376284,65421.03579890676,-210.0856290847705,27.373240749253767,2.321103977500333,0.9083817663208171,-0.9569005030120202
22.15712222352212,20988.195082437804,65389.47203925293,22.84900000143221,308.64199999912546,21002.62092071353,65419.02048052418,-210.0563655389648,27.281836802680672,2.490760000476324,0.7328736720014771,-0.9952512099747026
22.181815553304386,20987.34609774465,65387.41309291574,22.811000010321933,308.6489999995289,21001.553896366928,65417.00523485312,-210.0251546223217,27.226154300091977,2.265064045263172,0.7841705947309107,-0.9439858761888789
22.155578897272854,20986.523049415388,65385.35423326711,22.72400001229849,308.6460000009998,21000.50240129837,65414.98993861959,-210.0039956271472,27.16732077554597,2.0463160140922896,0.5333144411774529,-0.8920857188368926
22.12265443919361,20985.71296900693,65383.29541701586,22.668000003463465,308.64199999955554,20999.46646510617,65412.9746842701,-209.98388907123143,27.111122874339262,1.963244031371478,0.5083975898762558,-0.8714357990371436
22.18233000084796,20984.91591898489,65381.21812082709,22.684999991040016,308.65199999813814,20998.44617460127,65410.948511337614,-209.9497217733,27.064413923300773,1.8096119646914062,0.8628791018600345,-0.8313883331081143
22.09693223540846,20984.144742929508,65379.15943463022,22.72600000687821,308.6599999999744,20997.441477206496,65408.91125546068,-209.91749279975468,26.98794232780344,2.2646439772910982,0.8128723273353876,-0.9438885466074899
22.074296660637344,20983.373628808484,65377.0822252056,22.60500001667748,308.6520000019668,20996.452289432284,65406.87388737324,-209.9013153844072,26.93604921350834,1.9105320817444864,0.40925382033804303,-0.8579125076854108
22.1164811134354,20982.64141962452,65375.00514571707,22.55400000214012,308.6400000009647,20995.478613239266,65404.84764487117,-209.88930425556623,26.886432485964136,1.575067999337003,0.3061240317953352,-0.7660176150520819
22.05989222529617,20981.935209381987,65372.90962954622,22.55099999854355,308.63800000034223,20994.52060712555,65402.79932812903,-209.8671181094562,26.83125525992604,1.7679879836905628,0.5621298549691146,-0.8201878055777748
22.091273329809624,20981.228998655588,65370.814113453496,22.55500000324017,308.6340000003101,20993.578156684005,65400.75104295366,-209.84698432043567,26.78396905737143,1.6694160243499667,0.5116197329795517,-0.7929983600699442
22.08304222304432,20980.548724448083,65368.71868399354,22.4930000140304,308.63100000149984,20992.65127178817,65398.70282015425,-209.82590305470828,26.73450283247125,1.47584804754989,0.5372478585137914,-0.7365179861793921
22.0923022220044,20979.868449777776,65366.62325460652,22.4140000027436,308.61700000117884,20991.739913027413,65396.65453649432,-209.81587360946943,26.692561550790984,1.1581120106611196,0.2563206786175925,-0.6325937925938842
22.081498889617905,20979.20120558689,65364.509345244376,22.43000000274858,308.616999999952,20990.844200038475,65394.59533415997,-209.79178341351923,26.66028593842759,1.2546040072704372,0.614636512621359,-0.6658718683138565
22.066065564414217,20978.559897966177,65362.39552249044,22.368000006541816,308.61400000033524,20989.964002011395,65392.54726763803,-209.7708595097072,26.636335469765573,1.0869639916593585,0.5377790642736294,-0.6069427355925652
21.98118223025068,20977.918527468544,65360.30022313173,22.350000006348576,308.6140000000304,20989.10723257715,65390.47708090838,-209.7467860295576,26.58431088712971,1.327743993952423,0.6156087024346062,-0.690041806300809
21.9924999914438,20977.29018748605,65358.186443783,22.275000009027508,308.6110000008661,20988.258196687013,65388.41800399617,-209.7258529965456,26.559671309809488,1.0170000633013474,0.5384833595292695,-0.5807060915723397
22.061949990601622,20976.67481559724,65356.072707764775,22.25899999763924,308.605000000472,20987.432494749693,65386.35897432545,-209.70799805401745,26.540093387096185,0.7093800253354232,0.4611348641729777,-0.4543057459491672
22.07275334411501,20976.072411814464,65353.95901507166,22.26600000438624,308.6040000003313,20986.61466509864,65384.27779300819,-209.68494199936848,26.49933643974457,0.6956879769764214,0.5907452534562934,-0.4483596623438226
21.96369112068592,20975.48297615304,65351.84536570662,22.19900001128661,308.5930000034965,20985.820108963788,65382.20770157573,-209.67207761989224,26.473786090447568,0.8471120061624902,0.33241013183317686,-0.5131287718357828
21.962662221658693,20974.893602510307,65349.71319306613,22.145000003839737,308.56700000200266,20985.03328449721,65380.13748222397,-209.67423896894408,26.469464004805825,0.6564160158517581,-0.05591550937844828,-0.43036728282740416
21.939512225557767,20974.317134574125,65347.5995870694,22.13500000156389,308.56699999995084,20984.269926774152,65378.05649329063,-209.65036608345244,26.44186650533031,0.7037559936220376,0.6170597382186672,-0.45236300771425314
21.94877221556796,20973.766603337743,65345.486067656384,22.11200000445133,308.56000000127864,20983.52210848769,65375.97548452657,-209.6335452037876,26.412098053935,0.5876200399801264,0.43582896959351286,-0.397301720522224
21.97449445230148,20973.229102696987,65343.35406822147,22.08000000488635,308.55300000110884,20982.78985264451,65373.89452779244,-209.6167767376988,26.40199384983832,0.3798199893055298,0.43550755357064724,-0.28266895468284153
21.86954778793583,20972.704507818053,65341.24063542003,22.0709999940946,308.54500000090525,20982.06537449868,65371.81358685224,-209.60103479832816,26.373914122119487,0.7252279421715713,0.4093272354905111,-0.46239884309112816
21.858230002775866,20972.192943558748,65339.10872259487,22.12100000063861,308.54100000056576,20981.35654688961,65369.71050992551,-209.58111754459424,26.34434243860232,0.9459719923058785,0.5141869342846426,-0.5529517576813315
21.80524222932355,20971.68131652166,65336.99533313696,22.06500000599239,308.5370000003595,20980.66324429309,65367.61859954432,-209.56136667390064,26.313311829821448,0.9351279960078174,0.5134805996882038,-0.5486089756252771
21.782606668846125,20971.208657259143,65334.86355017126,22.043000009800267,308.5330000015251,20979.985504192453,65365.526741174326,-209.54166820035465,26.294581429783,0.9374160274349109,0.5132585929205008,-0.5495276844854496
21.758427782610426,20970.735997667827,65332.73176723281,21.94900000598491,308.51900000148225,20979.32329377033,65363.434832169725,-209.53202154264235,26.28134016744461,0.6860600041481447,0.25189313424461696,-0.4452983863141677
21.72241667170897,20970.28921249113,65330.61859416957,21.97799999495297,308.51400000093463,20978.66893140013,65361.3319270467,-209.5132880203886,26.235962454664968,0.9200999636784005,0.4873520737208446,-0.5431367721251064
21.69463666980725,20969.85545800136,65328.48694106549,21.98399999874981,308.50200000228284,20978.03789007414,65359.2290280374,-209.5016322998888,26.21238919060309,1.0417079841932164,0.3041699143154262,-0.590091715375316
21.66119778719016,20969.434609386863,65326.37385457244,21.98700000607799,308.4890000009597,20977.42244548397,65357.11505622688,-209.4909149600452,26.16203716188234,1.172887987996188,0.27889493529993586,-0.6377986534895033
21.57682890009432,20969.026791479835,65324.24228803388,21.89900001445501,308.48000000358667,20976.822539140965,65355.0122919944,-209.47636418610145,26.142193139838408,1.1598160116984801,0.381258914648858,-0.6331961145658317
21.556765547413587,20968.64484807416,65322.129331348566,21.86399999037968,308.4500000019092,20976.22260090125,65352.898197781935,-209.4826990042239,26.08825459855673,1.1060439946779297,-0.16516292966347917,-0.6139199489641014
21.616441114990312,20968.288904012887,65319.9979378665,21.917000016059628,308.4470000033525,20975.653876900284,65350.78448455352,-209.4621393970493,26.055240996456703,1.0820120438495366,0.5381472642627454,-0.6051197642600539
21.513552233925783,20967.94592831137,65317.8665876505,21.74899999619398,308.4120000014669,20975.084972543937,65348.69267207773,-209.4738065630661,26.041956855878468,0.8476119441655116,-0.30836549146790465,-0.5163292350093033
21.520754436002207,20967.60288995952,65315.75376078169,21.92499999565485,308.4240000009325,20974.555279451208,65346.55701361871,-209.4381505157852,25.978095334983912,1.4552840147495176,0.9283737164622918,-0.7302476305320029
21.554193337452546,20967.298819618394,65313.622540354416,21.779000007942987,308.3960000018672,20974.017598263134,65344.44314786165,-209.44269495553533,25.94444219814633,0.8093040137655877,-0.11937451195773915,-0.5014251299032568
21.48320000854861,20966.994749063662,65311.49131993825,21.8340000127694,308.395000004409,20973.51116884103,65342.318548502415,-209.42023102457009,25.90843930857389,1.2628800151948454,0.5892722458323685,-0.6686505539573593
21.46776666651712,20966.7166155382,65309.36018603582,21.625000009041774,308.3410000048059,20972.99667122357,65340.22672302755,-209.45108072575297,25.89892387484224,0.566040033088747,-0.8204729181791511,-0.3894619619268352
21.47033888661653,20966.464419076867,65307.22913863624,21.75299998688613,308.3419999997949,20972.52137373501,65338.1022481172,-209.42672164162545,25.86165267041475,1.0175799609705594,0.6410742042734856,-0.5814831605304335
21.47754111603184,20966.212222434937,65305.098091249456,21.69800001121889,308.3270000022028,20972.05380492139,65335.97763503766,-209.4183881757856,25.827222443509783,0.793652022673382,0.21948063437272788,-0.49577399447064957
21.4250677803678,20965.98596288772,65302.96713036438,21.673000003594947,308.31900000155537,20971.60960332888,65333.85317168296,-209.40313328663933,25.793835065895323,0.8925560036177246,0.4027018973527018,-0.5359703937465747
21.46056443666386,20965.77267182097,65300.836212734735,21.625000006659025,308.3010000030652,20971.17311268331,65331.73974626218,-209.3980182704304,25.771852766287108,0.5919680519826003,0.13580365761161303,-0.4034659968869269
21.479084449112417,20965.585380290617,65298.68685827604,21.602000001163937,308.2850000012182,20970.760010334085,65329.61530473088,-209.3908676220801,25.75834173225151,0.4424959873854718,0.1893051447763655,-0.32307420859054514
21.41940889618356,20965.41099488144,65296.55607039043,21.5710000125472,308.2750000035548,20970.362453006685,65327.50209122335,-209.3778835660025,25.73964171712737,0.5457280189091052,0.3459647292899987,-0.3799653098880147
21.387513339960112,20965.23660934447,65294.42528251367,21.490999997661813,308.24400000267104,20969.98038954989,65325.38871423902,-209.3859506364731,25.72471156847019,0.37255196772612464,-0.2152167308836255,-0.2814810899195257
21.344814443614467,20965.088160996977,65292.29458112992,21.56200000077128,308.2449999990178,20969.61406881583,65323.25348837874,-209.36184411317387,25.68798139262997,0.7818680057645295,0.6375238157878809,-0.49187165715828507
21.37053667086372,20964.965649875587,65290.16396623621,21.44700001872017,308.2360000047982,20969.27098473434,65321.140466886594,-209.3480429336617,25.67426259384871,0.2752680522832193,0.3693842991504078,-0.21854145832785368
21.28205223400578,20964.830107596223,65288.05183142728,21.4279999836357,308.1980000025849,20968.92780523857,65319.02714797096,-209.36324079870928,25.645181403685303,0.5254118986677199,-0.40670627709890605,-0.36983765978648575
21.246555559027428,20964.733533631334,65285.92130302803,21.52500001220775,308.1980000016722,20968.623732824835,65316.89211953616,-209.3403428454708,25.614181471656465,1.002400031449166,0.6083294531692593,-0.5782323030628685
21.20334223135352,20964.63689720124,65283.80929795279,21.325000013026926,308.16600000487193,20968.31944285221,65314.79010651312,-209.3497853983721,25.598904492364827,0.4379680140242613,-0.25472426785517693,-0.32139685483246544
21.149840002773768,20964.566198059543,65281.69737936756,21.397999991836084,308.1480000009502,20968.038618146213,65312.66608590079,-209.3450791405823,25.5627740356952,0.8933759606243371,0.1258565659796091,-0.538208257489576
21.1405800075366,20964.508467553907,65279.585504028495,21.35400000681071,308.1460000001726,20967.773408855533,65310.542281297305,-209.3244261351896,25.52847411251884,0.7683119973868046,0.5528634265285141,-0.487348709349132
21.046951123733944,20964.45073699793,65277.47362868631,21.347000003505265,308.13700000322774,20967.52370207356,65308.429571356086,-209.3109389128645,25.50809381705039,1.0801759671767557,0.36323443093157504,-0.6059799519657468
20.9888188980274,20964.431850088804,65275.38040639966,21.29200000660393,308.1110000024065,20967.289539885853,65306.30562445718,-209.3143891633428,25.45697188847204,1.0914519908755125,-0.09251363920193253,-0.6102058097922851
20.90136334854208,20964.41296316182,65273.28718411348,21.28299999837148,308.1099999990852,20967.07876680948,65304.19312633352,-209.2930328498149,25.42069911520629,1.3738919393858382,0.5763508606246599,-0.7048615499005255
20.79538779337906,20964.419951227286,65271.21257163622,21.28400000344324,308.1080000025778,20966.89137243499,65302.06958127709,-209.2726407305212,25.35582282483176,1.759003956231045,0.5480571103335542,-0.8177491652882299
20.68735446153585,20964.439845608027,65269.15652573084,21.27299999227248,308.08999999945115,20966.70388797869,65299.95698669616,-209.26836225799696,25.28356008514033,2.108323910651872,0.11558223993225479,-0.9070650010466069
20.565945573190344,20964.47270870501,65267.10052306987,21.3020000194915,308.1010000027141,20966.547699709216,65297.82256421572,-209.23496167749505,25.19203468162966,2.649796006684166,0.894131397086217,-1.028378263159842
20.44608001919844,20964.5315092528,65265.044606890624,21.085000013005107,308.0560000047434,20966.36005151945,65295.731921880026,-209.2579107421819,25.14174471430821,2.300111977704,-0.6263948954782965,-0.9520787382141284
20.31644001595276,20964.59018504556,65263.02573736447,21.152999994404063,308.0500000008707,20966.22707706269,65293.61963202607,-209.2418156963113,25.03765340297556,3.011615922424686,0.4357065634257574,-1.1050755602569609
20.20326224668176,20964.674798316864,65261.006954329336,21.09300000582445,308.02500000549173,20966.094002730973,65291.51826190515,-209.2448340804573,24.94429621312089,3.203055932913685,-0.0821344202283143,-1.145815264521075
20.00931668885169,20964.78528670436,65259.0067811054,21.1159999986756,307.9880000046122,20965.96870793899,65289.405680191725,-209.259764440078,24.82192550577536,3.984059915366079,-0.404212459168087,-1.3138321540744022
19.89819668861923,20964.895712763137,65257.02513120987,21.054000016748542,307.9610000044125,20965.87453475748,65287.304419345215,-209.26491311618724,24.69510492604164,4.160891981265526,-0.14024960392386143,-1.349263135404427
19.71968446275978,20965.01904522693,65255.06204788466,20.96600000079492,307.92700000476015,20965.78808268388,65285.21422723928,-209.27720171051504,24.56198498844064,4.486735936926507,-0.3365599862548106,-1.4117884711161581
19.647662237889968,20965.155346503565,65253.09900780947,21.00100000354996,307.90000000354684,20965.7172541256,65283.11304427843,-209.28242917889327,24.41929588340855,4.872015956375978,-0.1424631948066157,-1.4786082851464915
19.47738113735798,20965.317522955705,65251.15457754813,20.90200001334924,307.8760000036352,20965.661961096248,65281.02305851644,-209.28482293463955,24.27046690272875,5.128627953568539,-0.06560047959769875,-1.5
19.31378780500273,20965.492543461587,65249.24723719115,20.8700000010724,307.85000000406035,20965.630006235337,65278.93313011117,-209.2892946649033,24.08621118420669,5.60236390585081,-0.12257880997097353,-1.4999999999999996
19.13321779518113,20965.680532824463,65247.339940085374,20.84200000894745,307.8230000036158,20965.61357381724,65276.854357898665,-209.29493243810475,23.91449376774277,6.15161596955875,-0.15538485873894234,-1.4999999999999991
19.036502248272644,20965.86845989753,65245.45116630742,20.75400001454185,307.79800000452263,20965.60492953963,65274.77563215156,-209.298596805342,23.72564995517856,6.182991958569149,-0.1009997325541702,-1.4999999999999991
18.80243002485017,20966.082262203377,65243.58100235506,20.683000003286,307.7670000030921,20965.619572919808,65272.70803729844,-209.30845271570325,23.53070967150969,6.770051922368987,-0.2731113531590413,-1.4999999999999993
18.71857557085587,20966.30897100029,65241.729404984384,20.65700001528108,307.7510000039308,20965.65761033009,65270.640674046575,-209.3033875674199,23.31860559413445,6.978327999930765,0.14035362648077504,-1.4999999999999993
18.564242241707863,20966.54864869731,65239.87785086709,20.49100002068636,307.7110000060044,20965.70327573482,65268.595319838,-209.32257509807843,23.129909146064023,6.9363280043225926,-0.5373438013838269,-1.5000000000000002
18.481416678598748,20966.78820173071,65238.06334341121,20.42900000308611,307.6810000030956,20965.77231879508,65266.55014598985,-209.3318412716989,22.904910792588293,7.011299968154501,-0.25944334268171293,-1.5
18.340973365101608,20967.053692450067,65236.24892246199,20.35600002680779,307.66400000245613,20965.856930332444,65264.51627181497,-209.32827424893884,22.69267182522005,7.254095982142262,0.10039879580880798,-1.4999999999999993
18.10587224955857,20967.332089701827,65234.45306809657,20.15200001237933,307.64400000347547,20965.95702042045,65262.50464786862,-209.3279868788857,22.48526202897745,7.366059946154735,0.008174861915399094,-1.4999999999999998
17.991665569159316,20967.610424705614,65232.675737068486,20.16400000876672,307.61600000491933,20966.072647542616,65260.49299385012,-209.3357512867933,22.25972960131033,7.8204039825866545,-0.2207797869498672,-1.5000000000000002
17.891863346443184,20967.91463503222,65230.91701588175,20.00300001862744,307.5810000047817,20966.21152173608,65258.50357502692,-209.3508208953752,22.03908175699055,7.600092019863318,-0.43294680704448335,-1.4999999999999996
17.836817780436572,20968.24478311424,65229.158381213085,19.960000007242105,307.55300000390565,20966.35820059937,65256.51425391108,-209.35891733570472,21.82084908703664,7.6434560164999175,-0.23255845571022082,-1.4999999999999991
17.797720018005474,20968.561900179127,65227.418226631125,19.840000024700643,307.5300000022238,20966.535985001738,65254.53620237003,-209.36223167540768,21.59354593431581,7.352208024102608,-0.0956168744908978,-1.5000000000000004
17.62332335325718,20968.891923804007,65225.69663864572,19.656000028698468,307.51500000404684,20966.72928413315,65252.58051378439,-209.3578262386212,21.370720287335075,7.317636031588634,0.12843994509118828,-1.5000000000000002
17.569821114396785,20969.247885214667,65223.975137186535,19.49300001439035,307.47700000509445,20966.930214648688,65250.646844563176,-209.37667341560325,21.172216405026795,6.923444039976838,-0.5554449841116748,-1.5000000000000002
17.54667111202435,20969.603846816808,65222.25363574671,19.41000002287404,307.4520000035223,20967.15449538656,65248.72450094874,-209.3827131137092,20.983943029068406,6.707984079058891,-0.17880084324083834,-1.4999999999999993
17.545642226015286,20969.985746229733,65220.53222083343,19.193000027293014,307.4250000038985,20967.39425807261,65246.82441782702,-209.39103241072905,20.819603207057,5.930488084599822,-0.24888778824613544,-1.4999999999999993
17.498827782926135,20970.367583441486,65218.82932926928,19.07500001666225,307.39600000573824,20967.657321794188,65244.93550662332,-209.4015433329374,20.64648575023956,5.6742200414500195,-0.31577386217125,-1.5
17.481336670793947,20970.762389671603,65217.12648098308,18.937000019608465,307.3530000050785,20967.928083917675,65243.05759249883,-209.4261935750181,20.485548365890907,5.240388055732265,-0.7443475485466888,-1.4999999999999998
17.43400778486352,20971.170102522952,65215.44219930668,18.818000018933965,307.3220000067805,20968.22215560517,65241.20210826098,-209.4391499913559,20.32804081229219,4.982372042653599,-0.3951448801257754,-1.4970316987542351
17.405198890202804,20971.577815590263,65213.757917659335,18.636000038265244,307.26000000907817,20968.52383248092,65239.368561489726,-209.4833584671576,20.19208968345252,4.430884133024785,-1.3628689124292852,-1.4015994506507585
17.401597779825803,20971.99856011436,65212.055155967726,18.36600002876356,307.2080000075383,20968.84103073804,65237.55739817648,-209.5178471638804,20.09697160048381,3.4718480961759197,-1.074559771392388,-1.2033258577292043
17.368158895825687,20972.43214886293,65210.38948421519,18.27000000924304,307.1580000060675,20969.17372413577,65235.76853636489,-209.55061560273373,19.98737227070656,3.246628008302477,-1.0317411948429076,-1.1620699782010568
17.333176667222162,20972.878769090683,65208.70533243008,18.168000022149844,307.1220000063545,20969.51424530733,65233.97984396375,-209.5694111745244,19.897469551987,3.0053640777396553,-0.591420547735318,-1.161409604142354
17.339864447838828,20973.338295973983,65207.03974726045,17.997000023354737,307.0740000058035,20969.87017824511,65232.22442417505,-209.60059939122849,19.82234827615433,2.365688071857272,-0.9975609944230316,-1.0973875224589116
17.29510778054871,20973.81079194245,65205.37420539006,17.857000022530798,307.04300000551143,20970.22612972345,65230.48029310274,-209.61490282796103,19.760706682998105,2.0228120711355104,-0.46037686343743167,-1.102350847378727
17.30488222328738,20974.283288156697,65203.70866355088,17.664000034489465,306.99100000903167,20970.58975667228,65228.74708744508,-209.6503450789376,19.70938256718161,1.2928241203275108,-1.1465216304284092,-1.0326404382084218
17.286876663298088,20974.78165989476,65202.06173160537,17.451000019914627,306.93600000590567,20970.976569146933,65227.05838709964,-209.68931998287965,19.68460997323424,0.5908440838195403,-1.2887757621962286,-0.87756211797991
17.357355544680697,20975.26712546489,65200.39623311003,17.36900001682879,306.9050000055272,20971.35571638316,65225.35879213801,-209.7041572107484,19.66714218565647,0.041920099733130205,-0.48817258751120324,-0.38723655586252637
17.373303341856985,20975.77852899825,65198.73082117968,17.201000023799928,306.8590000061833,20971.750265557606,65223.69243908519,-209.73438682628407,19.684565940671177,-0.6202919450054069,-1.0113428977687062,-0.04172156044526817
17.298708891733316,20976.28987037684,65197.08393262088,17.085000014137403,306.82500000528086,20972.13707265985,65222.02618303129,-209.752591786804,19.685600337220787,-0.7693519593452862,-0.6097568203113324,0.007347080723140422
17.364557761756622,20976.801274449463,65195.41852077648,16.97200002144822,306.78200000692414,20972.539338845785,65220.382115816414,-209.78007573380245,19.72479363010859,-1.4132078651102447,-0.930289892477796,0.2001313174897265
17.467961097116696,20977.32558522316,65193.77167556956,16.80600002408701,306.73800000569787,20972.933782837543,65218.74912698103,-209.808647976264,19.76061921969953,-2.3830598629068733,-0.9743796958606072,0.38144586730177554
17.544613325367667,20977.875958874203,65192.087870300136,16.684000010111177,306.7040000049298,20973.335966614686,65217.13849562313,-209.82747446726103,19.85869907888713,-3.0982079349233644,-0.6497448379526592,0.5589060958164415
17.565705558018582,20978.41330151449,65190.422545125126,16.626000015439374,306.6670000061308,20973.73814074537,65215.527833587774,-209.8493012166926,19.93688777063289,-3.38293995328515,-0.7532669957996333,0.6674271475605285
17.549757773608803,20978.96361330959,65188.757263273874,16.47200002236933,306.6270000047722,20974.14026777368,65213.9282554013,-209.8742419310477,20.028958364271524,-3.8799279044621073,-0.8663343003271142,0.806144086906755
17.643386646320526,20979.52689427667,65187.092024744656,16.339000022740677,306.59900000502466,20974.55014115824,65212.35105516463,-209.8874369780144,20.14464389653073,-4.695791844887454,-0.46392340788275965,0.9472997797191801
17.76119443595248,20980.090237978224,65185.40826294103,16.200000007656428,306.55600000670404,20974.959928049,65210.78481590068,-209.91574527111248,20.2899501753895,-5.6202999418657855,-1.0017422816125727,1.0000000000000007
17.777656661308374,20980.66655086663,65183.72454446077,16.197000009752678,306.51900000370614,20975.36973482993,65209.21863812192,-209.9380543277673,20.438530521714497,-5.690363945600505,-0.7895050287102123,1.0000000000000009
17.836303329891926,20981.242864062275,65182.04082603567,16.065000013350893,306.4980000042538,20975.802864462265,65207.6749311609,-209.94466954372533,20.604979321104462,-6.376691939547719,-0.23639821939933175,1.0000000000000007
17.83218777265556,20981.832146456847,65180.35715094374,16.047000003542294,306.45700000685247,20976.22814696462,65206.13099349557,-209.9712581894092,20.776045385826663,-6.426675968807752,-0.9511924421063487,1.0000000000000007
17.9098688800807,20982.43439806444,65178.67351918356,15.980000010297797,306.4130000061627,20976.65341981821,65204.58702515957,-210.0008470708597,20.950508497051874,-6.947527931218455,-1.058483002173633,1.0000000000000007
17.93867777074756,20983.03664999289,65176.98988748549,15.941000002440386,306.3830000014298,20977.08648306047,65203.054340708506,-210.01657666575,21.13499968839295,-7.191639965905826,-0.565841059451201,1.0000000000000004
18.013272213184255,20983.65193359498,65175.28777579838,15.913000009741216,306.3730000059097,20977.542919776253,65201.53305348996,-210.0124989367792,21.34688573742136,-7.56097993239494,0.14709963579914057,1.0000000000000009
18.0307633355934,20984.26715507837,65173.60418749992,15.817000013754,306.31000000740426,20977.97583763445,65200.01114578957,-210.0613410954824,21.54605167038743,-7.969547958621833,-1.7680531475876162,1.0000000000000009
18.03436443505892,20984.89540825321,65171.90211921798,15.77499999662906,306.28400000406896,20978.424403089743,65198.500783415984,-210.07335110122085,21.77449259701232,-8.133711978347494,-0.43673809601634067,1.0000000000000004
18.124392215810165,20985.523599312965,65170.21857432688,15.836999990810492,306.2450000052564,20978.88070776616,65196.990313959,-210.09838655824777,21.983582998458857,-8.234612009998822,-0.9090032196332284,1.0000000000000004
18.13107999197922,20986.16482208175,65168.51654946183,15.85000000672242,306.21800000428885,20979.344871211222,65195.468878839216,-210.111335250534,22.20179470364647,-8.211887946924483,-0.46640204842219773,1.0000000000000007
18.21956444061341,20986.80604519713,65166.81452465901,15.802999997401296,306.1820000056136,20979.816749557584,65193.95849212263,-210.13342330495,22.42936358897043,-8.699631995563616,-0.7997240831192779,1.0000000000000009
18.19589999451839,20987.460237583266,65165.11254321409,15.84200000722636,306.1450000057432,20980.288624840785,65192.44809522276,-210.1565116979756,22.66065167236595,-8.474039954251301,-0.835932843495086,1.0000000000000007
18.310106652116016,20988.114430321708,65163.41056183643,15.75899999326975,306.1060000052444,20980.76823801061,65190.948818396886,-210.1817398512157,22.90126516246856,-9.183983971846557,-0.9181899785373752,1.0000000000000004
18.33634333445444,20988.78159234722,65161.70862382264,15.906999990729616,306.07200000579536,20981.25568698725,65189.43850424965,-210.201880844836,23.13300401948093,-8.745636037409367,-0.7271028385717239,1.0000000000000007
18.34868999288756,20989.43584826364,65159.988119255526,15.85500000104158,306.0300000054245,20981.75089162416,65187.92813422785,-210.2300475933976,23.37762921987073,-8.977283970645532,-1.0152171636961396,1.0000000000000004
18.41505332564933,20990.10301100596,65158.28618137817,15.952999984612164,305.99900000499423,20982.25391432029,65186.417902837165,-210.2472411990477,23.60619918831344,-8.86339202773379,-0.6188478829266455,1.0000000000000007
18.43511666606745,20990.770236580312,65156.56572024927,15.997999996832448,305.96200000487306,20982.756955014287,65184.89649555081,-210.27032120317293,23.84224024498044,-8.773620009246011,-0.8251897058336097,1.0000000000000004
18.4387177773283,20991.43746251812,65154.84525918988,16.017999999113407,305.9320000053532,20983.27554488252,65183.38632644086,-210.28656731007308,24.08517170769639,-8.714584001573616,-0.5829422203540039,1.0000000000000004
18.4628966566822,20992.104688820506,65153.12479820041,16.036999989333758,305.8910000053563,20983.79413633765,65181.864930271535,-210.3136995389032,24.317561298270373,-8.733228002454394,-0.9670648918741319,1.0000000000000004
18.532346665323274,20992.77191548714,65151.40433728148,16.158999980732673,305.8620000044157,20984.328330870987,65180.34370892548,-210.328884515522,24.546000602399324,-8.544048064526164,-0.5396110455168006,1.0000000000000004
18.501994442386547,20993.43914251596,65149.68387643584,16.248999993358456,305.8280000050334,20984.86254670821,65178.8113219373,-210.34895597012124,24.76389430047308,-8.110780016501126,-0.7086058331510894,1.0000000000000007
18.5668144386732,20994.11940135092,65147.94493563617,16.262999999519685,305.7970000044045,20985.40455436684,65177.27899168576,-210.3660538397947,25.00123203853293,-8.293731980952659,-0.602695523666053,1.0000000000000007
18.55704000062232,20994.78662911533,65146.22447493103,16.297999986719955,305.76600000497467,20985.954381475163,65175.73557293914,-210.38306431619992,25.204439680373177,-8.132544050048512,-0.5948339433585612,1.0000000000000002
18.583791106828112,20995.46688869308,65144.48553428005,16.41099998760133,305.73000000557016,20986.51197414484,65174.19212905852,-210.40510075087363,25.42696033932792,-7.82204802921642,-0.7693240621599305,1.0000000000000004
18.60025333057635,20996.147086163128,65142.76511702468,16.447999995989107,305.6940000048453,20987.06956707985,65172.648685240994,-210.42713761288644,25.631858767076626,-7.748112004514076,-0.7693389649529022,1.0000000000000002
18.6264899962913,20996.827346491093,65141.02617652093,16.502999987445207,305.66200000534195,20987.64273686748,65171.10533437781,-210.4452267863201,25.85016361352325,-7.644564031845938,-0.6295101533459214,1.0000000000000004
18.642952220799263,20997.5076071945,65139.28723608831,16.591999990049576,305.6190000072121,20988.21594575353,65169.5396419566,-210.47408849918563,26.047164693749338,-7.383428030698872,-0.9917038421287582,1.0000000000000004
18.647582222225022,20998.18780578138,65137.56681905365,16.642999989945125,305.5700000068232,20988.78909772605,65167.98500273412,-210.50906392692409,26.23711060269457,-7.216496036207632,-1.2092549207937338,1.0000000000000004
18.64501000049504,20998.86806723307,65135.82787877072,16.716999994409456,305.5300000051964,20989.377880475364,65166.41939311343,-210.53497835043612,26.42974234170559,-6.940836021908109,-0.8876080145989947,1.0000000000000007
18.654269995040487,20999.548329060883,65134.08893855784,16.740999988709785,305.4950000058451,20989.966679936388,65164.853834730144,-210.55589350087112,26.62245857220537,-6.887772022790528,-0.7164133839275635,1.0000000000000004
18.68565111234895,21000.228591261537,65132.3499984184,16.842999994604067,305.4510000066324,20990.563269330665,65163.27709577653,-210.5857207899134,26.802219044784174,-6.633544023881576,-1.0136247008191572,1.0000000000000004
18.668159993814,21000.92176033688,65130.62962499966,16.832999991858212,305.41000000552447,20991.159868871546,65161.70038759918,-210.6125487038537,26.96818713862968,-6.606576007040839,-0.9117283302307553,1.0000000000000004
18.72217667389036,21001.602085792903,65128.87216168657,16.955999987559313,305.3740000056127,20991.764304348588,65160.1126421067,-210.63428957550545,27.15285576291885,-6.358236070791769,-0.7331735686541926,1.0000000000000007
18.6084844483797,21002.29525562373,65127.15178841329,16.962999999883102,305.335000005498,20992.37647452245,65158.5360065063,-210.65917017039868,27.31430333220723,-5.923744014587746,-0.8428080039499344,1.0000000000000004
18.705199984635925,21002.988488340045,65125.412891897424,17.021999983471492,305.3000000054198,20992.98869562402,65156.94829738452,-210.6799378432692,27.48289064757205,-6.05952000419196,-0.6992250877351571,1.0000000000000007
18.706228902848554,21003.6817214402,65123.67399545207,17.113999998925213,305.2610000058199,20993.60094136998,65155.349432883806,-210.7045921406985,27.64087037543025,-5.7320240541240315,-0.8250145187915373,1.0000000000000009
18.614657777660007,21004.36192339673,65121.95357908749,17.07699999630492,305.2230000056495,20994.22093496113,65153.761719203925,-210.72838639058853,27.78558707163815,-5.535568012878312,-0.7997908328211667,1.0000000000000007
18.703656654299948,21005.05515725343,65120.21468279947,17.177999987288338,305.185000005496,20994.841003837104,65152.15177655107,-210.75195391120369,27.930685756642927,-5.492364001241796,-0.7826431932183139,1.0000000000000007
18.714974449227928,21005.74839149299,65118.47578658259,17.212999993807973,305.1510000045165,20995.4610486734,65150.552989424825,-210.7716357239685,28.086441849351072,-5.407108039511837,-0.6575858571773116,1.0000000000000004
18.70417110412441,21006.454595141586,65116.73693377428,17.283999990154808,305.1200000054592,20996.09670466999,65148.94317051421,-210.78825625914897,28.230867266007422,-5.112616010290566,-0.550191851743073,1.0000000000000007
18.77516444077345,21007.14783015264,65114.99803771432,17.324999995613776,305.08000000532024,20996.72454965649,65147.33323362487,-210.8138509084987,28.3736614287514,-5.220592002574832,-0.8485723899661869,1.0000000000000007
18.740696672054263,21007.84106554232,65113.25914172914,17.35399999615313,305.05000000450144,20997.36802882028,65145.712336561286,-210.82938470434868,28.50123682499388,-4.992108033244072,-0.5103333111782071,0.9985843455817696
18.748927771607462,21008.547207830485,65111.53881248281,17.388999991196773,305.01500000569445,20998.00367262761,65144.10247697126,-210.85000642690903,28.62803499312629,-4.895740009478483,-0.6826192314162337,0.9815167750959597
18.79779999377365,21009.253475551108,65109.7814366645,17.454999993935047,304.9780000048871,20998.6471294325,65142.48150846659,-210.8725407719268,28.777162097086247,-4.834079999418975,-0.7402767342453028,0.9707998630940236
18.818377777821983,21009.97265018545,65108.04262758464,17.479999992413852,304.9480000046871,20999.29064706523,65140.84949712258,-210.8879624269008,28.90211413145317,-4.818160027469271,-0.5036606678635646,0.9680575460657036
18.82712332629077,21010.678856168608,65106.303775249646,17.55099999356284,304.9110000062705,20999.93414201645,65139.21741425747,-210.91038415855868,29.02306333860687,-4.594043997820551,-0.7322330639245256,0.9304454275498409
18.892457772847337,21011.39803159249,65104.56496633664,17.567999994041553,304.870000005061,21000.58540591205,65137.5853165528,-210.93683199334515,29.14559544033121,-4.7680480037008195,-0.8622818117969141,0.9594893844174259
18.881654446862186,21012.104300892177,65102.80759083652,17.618999999902172,304.8420000043052,21001.23671286476,65135.95335190466,-210.95028106244,29.281885647423053,-4.545556009056049,-0.43853295475640236,0.9225334987816884
18.9094344321222,21012.823477104343,65101.06878208464,17.624999980874602,304.81000000453525,21001.89578877106,65134.32137242164,-210.9677562353339,29.402130455587702,-4.623964024491355,-0.5688627488084245,0.9353654252933212
18.97579778260716,21013.55568531856,65099.31149343441,17.816999988104012,304.7820000043692,21002.547208897256,65132.656064358176,-210.98086559618267,29.514768448735325,-4.171672060211331,-0.4200339184978677,0.8570740210068043
18.898631108948933,21014.261955807484,65097.55411817795,17.74500001312856,304.7500000047819,21003.206322978123,65131.01297051139,-210.9982281933245,29.63807339694512,-4.153071944953342,-0.5619023171278148,0.8538857530972651
19.002548880755363,21014.99416482698,65095.7968296937,17.757999985755546,304.7180000050952,21003.857693126283,65129.358736233895,-211.015451880794,29.76131463270284,-4.48037602199934,-0.5550581098736828,0.9115877024842199
18.974768889565503,21015.71340518484,65094.0394979458,17.87299998664371,304.6860000034372,21004.52466466595,65127.69343950106,-211.0326142160448,29.86513353427576,-3.966368050518459,-0.5481361046638281,0.8218326015896769
19.047819985199176,21016.44561501725,65092.28220963256,17.894000006857066,304.661000006645,21005.1994038408,65126.03935496755,-211.04291685449908,29.981204687205967,-4.153751922031596,-0.3304339010909828,0.8540021361752647
19.094634449415647,21017.17782526234,65090.52492140433,17.865999989074822,304.6030000070945,21005.850727038607,65124.37374052631,-211.08602699910656,30.093776910305408,-4.423084057226968,-1.3808461387875797,0.9012225718718124
19.035987777990425,21017.897066830184,65088.767589905125,17.991999993080302,304.57200000473824,21006.517702898727,65122.70845428725,-211.10219090914464,30.197656326779025,-3.75835602567644,-0.5162522038372622,0.7844430916078112
19.099778880767328,21018.62927788464,65087.01030184616,17.960999996146285,304.53000000657914,21007.18464294282,65121.04305564994,-211.1293546863589,30.30554275345775,-4.099603984635756,-0.8674854188683149,0.8447743023316402
19.121899993867792,21019.36155190345,65085.23449054814,18.083999981189017,304.4890000060554,21007.84387985229,65119.355412280274,-211.1552661056261,30.41241548867145,-3.7364400456435933,-0.819344265722735,0.7805724379884617
19.1712866673506,21020.093826334232,65083.458679330135,18.134000001688847,304.44800000588583,21008.518680685345,65117.667820998126,-211.18122974857627,30.5143928434854,-3.7342319963823116,-0.8184334379589139,0.7801831285372026
19.140934439329406,21020.826038620227,65081.70139152504,18.118999996399367,304.41000000574337,21009.18567242968,65115.99134901072,-211.2042817616811,30.61186696954649,-3.678963994548141,-0.7319868174126775,0.7704767730696243
19.234563324808573,21021.55831387502,65079.925580482166,18.18499998991868,304.3680000069013,21009.86825247032,65114.30377369653,-211.23127224039416,30.71139909628405,-3.778428005603614,-0.8494475174573073,0.787998726991044
19.22684666745625,21022.29058954096,65078.14976952241,18.231999993389863,304.3220000060038,21010.53529363957,65112.60499104481,-211.2620977735136,30.80534674861848,-3.581448026638995,-0.9676476334598129,0.7535179370445315
19.256169995702766,21023.03583472907,65076.37400201207,18.273999996713133,304.28500000621153,21011.2257101441,65110.90637851968,-211.28400191875008,30.89608294017179,-3.5358119963626793,-0.6844347452025866,0.7456482940839848
19.269545552857693,21023.781080339584,65074.59823459131,18.305999986635022,304.24200000495955,21011.916107284604,65109.20770474345,-211.311906251578,30.9867873665824,-3.4687640384016136,-0.8718721460228255,0.7338793796486265
19.308128880734817,21024.526388936298,65072.803943932966,18.41599999318484,304.2160000048338,21012.6065606955,65107.509204873255,-211.3228120937556,31.09519644617847,-3.2116639951799146,-0.3408018243271873,0.6879106520764922
19.354943330435702,21025.284604508208,65071.02822005418,18.383000006190425,304.17200000701166,21013.28921099272,65105.79938053626,-211.3515780502381,31.182102534547376,-3.4989959672829984,-0.8951536972750578,0.7393188044047967
19.3508277784158,21026.04282050796,65069.25249626844,18.41399998295509,304.1300000055972,21013.97965003084,65104.08960275086,-211.3783705221064,31.26657117263925,-3.3725800636585492,-0.8324582269384744,0.716774474095289
19.373463325391697,21026.814006063258,65067.47681594683,18.522999999342595,304.0910000068521,21014.68566291933,65102.37990774663,-211.40221542157383,31.350270967913858,-3.061667973776767,-0.73855882150051,0.661408321512645
19.46143331496903,21027.58525463073,65065.68261239555,18.46099999863947,304.04200000640554,21015.37611719856,65100.65894407518,-211.43589505675743,31.44600942883192,-3.601559938786426,-1.0405461384419503,0.7569991281225769
19.57049554878481,21028.369472774422,65063.88845231082,18.57699998193896,304.00800000469565,21016.074402990787,65098.93815985031,-211.454601964502,31.54365005742095,-3.576584040645052,-0.5771412974577168,0.7526772455045636
19.560721112117267,21029.140722225973,65062.09424894889,18.63099999756733,303.9730000056867,21016.78046768276,65097.21739151008,-211.4743352167824,31.634540896146927,-3.3469960123797775,-0.6078464450861951,0.7122728072852178
19.586443328939826,21029.92494125796,65060.30008905878,18.649999995128013,303.9350000052342,21017.48656041245,65095.48547807713,-211.4969553498531,31.71922987456262,-3.371196001722525,-0.6929167466476329,0.7165304461944518
19.600333332167207,21030.70916073984,65058.505929265964,18.691999994606302,303.90100000561563,21018.200410969337,65093.76474616933,-211.51571562176144,31.811936467468342,-3.270000015219256,-0.5769670334187132,0.6983845743657214
19.630685544806767,21031.480411518645,65056.71172619264,18.719999995082706,303.8610000054595,21018.906535412865,65092.0216979684,-211.540223249694,31.88194855031305,-3.2784679790066193,-0.7466074374692782,0.6999135928611753
19.735632205803658,21032.251725324088,65054.89899988975,18.75499999683556,303.8270000056991,21019.620424265617,65090.28985173053,-211.55887113290532,31.97741556368077,-3.530275952285146,-0.5703619644535067,0.7446963280172761
19.820001102743497,21033.036071327613,65053.06779373568,18.79099998578359,303.7870000048694,21020.334293764205,65088.557944273096,-211.58351922591515,32.09464071242986,-3.7044040210556672,-0.7538452668282023,0.7749356474218589
19.84057889177145,21033.807386028955,65051.255067621016,18.8919999986698,303.7640000030352,21021.05607647193,65086.80400763088,-211.5909677607989,32.16669208765393,-3.414884015165943,-0.22501169888415104,0.724261337883019
19.8220588848045,21034.591732939327,65049.42386166388,18.843999995794,303.7370000053905,21021.777808880903,65085.06114472798,-211.6025301056668,32.27099937902611,-3.5210120004377927,-0.3511814223171668,0.7431045798832894
19.9131155365208,21035.350141967087,65047.59256902612,18.9579999885648,303.6980000049906,21022.49953973792,65083.3070447584,-211.6259788482964,32.35605030141676,-3.438415972641593,-0.7082781532050628,0.7284502926805294
20.02063443572005,21036.121583207743,65045.74279654593,18.964999995703405,303.67100000423164,21023.221310470846,65081.55306752799,-211.63742884891948,32.463007559766844,-3.800283984059928,-0.345882953575593,0.7918822773278562
20.043784439829896,21036.893024905206,65043.8930241605,19.036999993230783,303.6390000045085,21023.950846982963,65079.79906532089,-211.65390500095444,32.56731273200728,-3.6244240077568066,-0.49692323051494536,0.760966800041098
20.089569996290766,21037.65156048173,65042.02468514883,19.035999999560687,303.61200000416926,21024.680437888408,65078.033999782696,-211.66526854491607,32.6742832948177,-3.7928519882282856,-0.3408931079712558,0.7905602889735661
20.095228885286783,21038.410033893662,65040.17486955051,19.07099999328364,303.5810000048104,21025.409978491192,65076.28000799495,-211.6807458951145,32.774242175707165,-3.687224011211319,-0.4668025703743581,0.7719228591786986
20.13484110894161,21039.194446132187,65038.32514084232,19.108999994560087,303.5530000030504,21026.13956690839,65074.51493244316,-211.69311052959907,32.87246921709126,-3.6930280117734884,-0.37092224209966784,0.7729399119137109
20.161592204754648,21039.95298306108,65036.45680211168,19.153999991258093,303.538000002273,21026.877017899384,65072.73890132624,-211.6923889098664,32.96645677691188,-3.627331968587596,0.021500100196756907,0.7614722154229874
20.32467109804269,21040.72455225001,65034.56998354464,19.203999997846235,303.5200000026458,21027.61445942908,65070.9628396468,-211.6946676977305,33.08222471686278,-4.034415960707233,-0.06789381979887846,0.8337679674645615
20.309752225536773,21041.48315270261,65032.68312166746,19.21299999091316,303.50300000283335,21028.35964896153,65069.19792883528,-211.69608645320287,33.20151405480025,-3.948308044645002,-0.04243109067218149,0.8185357659027486
20.3467922121146,21042.24175360729,65030.79625988411,19.317999987377583,303.485000001714,21029.104910716163,65067.41077885365,-211.6982788385281,33.29986684446105,-3.7036520090532634,-0.064872863907791,0.7748036251864903
20.40749665995947,21043.00035496745,65028.909398191936,19.337000003936485,303.47300000377135,21029.850155085827,65065.634804798974,-211.69458560152256,33.40875859828075,-3.853787961682748,0.10986849375908124,0.8014436269791189
20.446079992417587,21043.758956779107,65027.02253659287,19.326999992847902,303.43500000563137,21030.603133701872,65063.84747670122,-211.7168038910692,33.50437181215472,-4.028687998450866,-0.656345715429015,0.8328059888361691
20.509871102229848,21044.53059089177,65025.117195168175,19.40599999375088,303.4080000028397,21031.34836708792,65062.06023506991,-211.7279975301593,33.624472228393586,-3.9739359905242906,-0.33120456138391147,0.8232172083041572
20.54176666685265,21045.27628703036,65023.21176701656,19.412999993579128,303.3940000013955,21032.093681234823,65060.26201182827,-211.7260790746376,33.72558627876081,-4.063560023784676,0.05646849236258072,0.838675204762437
20.54588221420629,21046.035015471705,65021.287859041775,19.498999990206727,303.38200000324406,21032.84678424974,65058.46383514893,-211.7221872115218,33.84594582822802,-3.76877600639843,0.11438085252499625,0.786287642536992
20.630765547511672,21046.793744379967,65019.36395115668,19.524999995312303,303.35600000268886,21033.599841604067,65056.66551554369,-211.7322951426997,33.96622014014112,-3.980755987917728,-0.29704982160642485,0.8244665530884139
20.637453332448988,21047.53950451864,65017.43999994848,19.57199999577328,303.3490000008158,21034.36078135683,65054.8563016454,-211.72331723065585,34.0693632019846,-3.8356320120325536,0.2620811513410501,0.7981902558387511
20.699186647545755,21048.285265109007,65015.51604882957,19.580999996477,303.3380000021238,21035.113888948898,65053.058135473,-211.71842722680336,34.18559311476037,-4.025471943847515,0.1437164247647071,0.8322662237999225
20.80722000117992,21049.04405803821,65013.57361789098,19.64199998690817,303.32600000100985,21035.86706879656,65051.23773013666,-211.7143109310132,34.302611402383164,-4.1947920513782995,0.11971485814876326,0.8610509051732631
20.724394447532905,21049.7768503061,65011.64962352923,19.72799998990969,303.3230000005692,21036.62027870916,65049.41741682968,-211.7011957649692,34.393769351876976,-3.587020047443572,0.3814395331453679,0.7544815854527348
20.821109980232706,21050.50970565976,65009.707105933165,19.77099999551673,303.3140000021032,21037.373506864467,65047.58592780004,-211.6939674509097,34.49195511336506,-3.780395944977518,0.20913189467518323,0.7883478943808079
20.90187777410556,21051.25559336628,65007.74610851653,19.79299999882596,303.29700000269423,21038.126709114786,65045.75435715153,-211.69473929529968,34.611870958575764,-3.991959991006567,-0.02233060676057832,0.82652227586889
20.898276666484648,21051.98851228153,65005.785067763136,19.79399999885484,303.2810000019283,21038.87987752393,65043.93391134456,-211.6946252202144,34.738202386918644,-3.9753960034673086,0.003317612313218199,0.8234845394767336
20.93222999077214,21052.721431650407,65003.82402709579,19.831999988244867,303.27300000036587,21039.640929725007,65042.09134433662,-211.6863113082009,34.84115601007091,-3.9608280090981807,0.23894489084515413,0.8208201736939157
20.99087666218277,21053.454351475568,65001.86298651186,19.929999987089253,303.27300000019983,21040.40200871395,65040.248859127874,-211.66999848219024,34.9442828036128,-3.819156030336663,0.4688442516620422,0.7952458338887501
21.006824438115,21054.187271756306,64999.901946017664,19.98299999554471,303.27000000018256,21041.16307826962,65038.4063433744,-211.6566861083988,35.04748739816589,-3.6857679932530476,0.3826068730681081,0.7716678391702624
21.08193332224524,21054.920255149933,64997.92238228236,19.9970000006188,303.2690000008665,21041.9164105388,65036.55270757389,-211.6412351884597,35.16029939536175,-3.905759957855186,0.44243530155139926,0.8108087388364423
21.115886668358872,21055.653239003463,64995.94281863006,20.006999991194288,303.2600000008405,21042.66971690324,65034.698990166326,-211.63378443986213,35.273129049236886,-3.9919920377925027,0.21334755573523037,0.8265281617306888
21.10096777354644,21056.386223316924,64993.96325506332,20.095999990130924,303.26099999936434,21043.42309421748,65032.83426044584,-211.6162215127493,35.37557535284566,-3.6178840202958584,0.5003342940332889,0.7598307784561071
21.16475888216779,21057.11920808996,64991.98369158388,20.11699999886702,303.2659999990059,21044.18422947046,65030.98071223522,-211.594798732784,35.48626645934619,-3.77193197988277,0.6125490593462728,0.7868468622401454
21.17967777353561,21057.852255991093,64989.98560486538,20.13199999822308,303.27499999831736,21044.953197825787,65029.1161164809,-211.5692893352644,35.60173104184176,-3.7716399911251046,0.7246155063918085,0.7867951128284373
21.219804443406304,21058.572272392445,64988.00599811673,20.16399998712573,303.2849999991826,21045.70660613117,65027.25147893567,-211.5427288362328,35.700522188666305,-3.8008960426100615,0.7566609860947785,0.7919912144011407
21.205914441049547,21059.305321213327,64986.0079115674,20.265999993098767,303.2879999991121,21046.46784888673,65025.36456699574,-211.5229677287737,35.7974277249346,-3.3836920126228094,0.5564471284277541,0.7187357367149159
21.261988884547428,21060.0254011988,64984.00978166004,20.26299999599756,303.2989999980773,21047.229080871308,65023.48885135091,-211.4953211034685,35.901117546158645,-3.5963599987795223,0.7824620158009937,0.7560982785129466
21.271248880285995,21060.7454816383,64982.01165183992,20.34599998694344,303.3099999986901,21047.99809521834,65021.61316184824,-211.4677010241535,36.00258952852097,-3.3308960160331993,0.7805868206937628,0.7094318289682054
21.350473332318305,21061.465625208937,64979.99499877423,20.389999999098773,303.31999999771693,21048.7671819,65019.71523316866,-211.4408548095496,36.100689236735406,-3.4577039995903163,0.7510794536126928,0.731897244650062
21.284110006886124,21062.19867587673,64977.99691255737,20.396999993727103,303.3389999973997,21049.536261112364,65017.828510988926,-211.4051231357465,36.1958488522196,-3.1935960473724734,1.0047186575545712,0.6846868833424687
21.317034432951413,21062.918757691863,64975.99878298405,20.46799999094373,303.3529999978545,21050.305361902258,65015.93062332369,-211.37427846989863,36.2765999844265,-3.056523991227654,0.8629425207236721,0.6605091916693183
21.37670999744801,21063.63890264352,64973.98213016829,20.502999994840707,303.3689999976952,21051.08225166593,65014.032782213086,-211.3414604867598,36.37289855354668,-3.1453560093862936,0.9168450236149183,0.6761236934866034
21.36693555481828,21064.35904805603,64971.965477432284,20.538999997765828,303.38599999652286,21051.85136327684,65012.13492534457,-211.30761731776823,36.471685539251496,-2.9805680053888284,0.9468284905812929,0.6473379913383643
21.38442666869796,21065.079131241822,64969.96734810457,20.56799998484509,303.4119999968617,21052.628324520472,65010.226071970006,-211.2646878890116,36.5400929672205,-2.939136061870323,1.193311625026222,0.6402570485461468
21.356132219690853,21065.799277570928,64967.950695538224,20.69499999265036,303.4269999975805,21053.40528758924,65008.30599185672,-211.232645151456,36.615647911875655,-2.3800760173457762,0.8862775796341049,0.5456724007823994
21.41940888124452,21066.532393699665,64965.93408649993,20.65900000363626,303.4499999957292,21054.182239901267,65006.397108017765,-211.1927168932393,36.705820039288895,-2.7374719593897354,1.109896200638744,0.6060340030363447
21.413750007188167,21067.265447604943,64963.9360008764,20.69999999056236,303.48099999521185,21054.967038577142,65004.47721746013,-211.14470233916896,36.76556510544465,-2.5695000598529005,1.326136976044453,0.5776878642410334
21.382883328656884,21067.998564669448,64961.91939201402,20.75299999181836,303.5119999955272,21055.74405580604,65002.55730091924,-211.09666254805973,36.845407615806,-2.2675800126186885,1.3286958296265583,0.5265370071625758
21.44461666429822,21068.73168220324,64959.90278323508,20.81699998948724,303.5389999965668,21056.53662420121,65000.63739574808,-211.05267502895248,36.92091363384481,-2.2594200293195286,1.2132129106103067,0.525143545809509
21.397802229664432,21069.4647375038,64957.90469786635,20.86400000024808,303.55899999704565,21057.32142568129,64998.70627862827,-211.01554854855232,36.97028323479249,-1.9216880258988682,1.0203737416089884,0.4663868523351086
21.412206653854817,21070.21082533077,64955.88813272412,20.85999999016053,303.58199999590687,21058.106275133177,64996.764077689055,-210.9753096038864,37.03054083943349,-1.987943989299427,1.1004641724696538,0.4781506720675024
21.494517778052177,21070.95691363696,64953.87156766463,20.9639999941005,303.6089999968253,21058.891138257142,64994.8219176562,-210.9310715790388,37.09091355251155,-1.9098640222260357,1.2098198668957785,0.46427754666635046
21.41992334157436,21071.702939711093,64951.873526019954,20.927000003284547,303.627999996084,21059.68371984551,64992.89081664731,-210.89497302012344,37.14201418494902,-1.774524017843328,0.9907376113609475,0.440381695002243
21.4260966642239,21072.46193563232,64949.87552793175,20.989999981053323,303.66299999451303,21060.460865980367,64990.937597839016,-210.84259760799665,37.17989314923987,-1.569948059414071,1.4272408567254284,0.4110926712675001
21.42609666541756,21073.20802536849,64947.85896314096,21.080000003566308,303.6949999956852,21061.2380027146,64988.98434848519,-210.7932227153005,37.2319829338506,-1.245947982664508,1.3454911138992345,0.35697905953140996
21.439986667852267,21073.967022247383,64945.860965230335,21.024999988897587,303.73099999213935,21062.01515312255,64987.0311400304,-210.7398487549665,37.26992498996149,-1.4939520442368477,1.4544454846056787,0.40015795512901087
21.415807778917667,21074.726019609952,64943.86296741411,21.190999990855587,303.7889999934328,21062.80023371708,64985.05595316732,-210.6642760683503,37.28457116990538,-0.8093080370234873,2.0363160523815975,0.26477599165728904
21.435356663006424,21075.485017450806,64941.86496969032,21.1230000035532,303.8149999963,21063.561825848497,64983.09147614841,-210.62073778414364,37.316049826655615,-1.1244839740315997,1.1838049377239868,0.33449996332550125
21.44924666510989,21076.25704788741,64939.84849220593,21.2169999832211,303.85299999252584,21064.323533240145,64981.10489260332,-210.5649743068381,37.34763492424487,-0.8360880547996402,1.501348855459642,0.2717877209376626
21.444102228174227,21077.016046700068,64937.85049466405,21.260000001807608,303.9049999930397,21065.085249666183,64979.12956650112,-210.49532563480133,37.368659387901545,-0.6627680149198284,1.8842428728828586,0.22804616464376684
21.405004442126288,21077.77504598948,64935.852497215325,21.269999985655392,303.95099999118617,21065.83924006376,64977.13192411997,-210.4314248236928,37.37039153501377,-0.48601604329522274,1.7141978692443436,0.17761857326855424
21.46416554983709,21078.54701516682,64933.85454333563,21.3949999947479,304.0169999917627,21066.585514925097,64975.1344597867,-210.34749995522685,37.37800588952759,-0.24899599832109232,2.253910950802388,0.09920520717041853
21.45181889298971,21079.318984834368,64931.856589552335,21.341000003368823,304.05499999490263,21067.331735568143,64973.12559529963,-210.29146090958247,37.37470163178308,-0.39894800263519414,1.4979434090370063,0.15039318348795955
21.441529999513108,21080.090954991352,64929.85863586246,21.408999985468405,304.0959999930085,21068.07018461688,64971.1167354073,-210.23239683445468,37.37359303627564,-0.11710805056092966,1.580752860085568,0.049084900482434676
21.451304442522048,21080.862925635927,64927.860682267776,21.46100000064089,304.1429999933878,21068.80087195512,64969.10791071584,-210.1673078987564,37.3747250560751,0.03490400922783295,1.744101344825151,-0.03475678629750458
21.46159333246661,21081.64786619224,64925.86277225141,21.44699999483013,304.18799999199365,21069.531590794,64967.087951149646,-210.10410629635325,37.36882014574408,-0.05253601549132867,1.685302510206398,0.02259034688064417
21.476512216249247,21082.43280724805,64923.86486233604,21.525999990739493,304.24799999131614,21070.25461521836,64965.05700406028,-210.02576708728336,37.35463771169,0.17815598816488318,2.0811365537821356,-0.16258467513101907
21.528471105724908,21083.21781154057,64921.84842919285,21.547999996683387,304.3009999917998,21070.97761703728,64963.02598560436,-209.9544282057408,37.35827642610175,0.07030400745052674,1.8952577727027364,-0.06843685271093018
21.540817776310124,21084.0027535929,64919.85051947082,21.58799999456265,304.3599999909607,21071.692857135244,64960.995002326905,-209.87706447092305,37.3465018399976,0.1698559857090956,2.057690070542993,-0.1557104077389641
21.547505558233947,21084.78775888721,64917.834086523166,21.611999996195888,304.4199999906804,21072.415920616742,64958.95294084633,-209.7986142003376,37.33975504168855,0.23217997666298515,2.0740042881845864,-0.20533093652186793
21.52229777688445,21085.57270193712,64915.83617699408,21.63999999721574,304.482999990881,21073.13121248609,64956.910883928525,-209.7171389059101,37.31762120050939,0.4237279931926395,2.1564752287690188,-0.33784500377763005
21.56396777124889,21086.357645483225,64913.83826756933,21.652999996455307,304.543999989885,21073.838716241225,64954.868780568526,-209.63763830071247,37.29786225843441,0.3205160107430999,2.1067067434006104,-0.26959151651712077
21.595863327166835,21087.15562173005,64911.82187841418,21.693999992603835,304.6179999886881,21074.554045341283,64952.82683592986,-209.5451651139569,37.29762543946581,0.35329199557319985,2.4473386181057246,-0.2920061440167606
21.63547555450302,21087.953598488988,64909.80548935291,21.727999999277788,304.6919999885652,21075.26163055446,64950.77375071551,-209.45255348475888,37.28921180349765,0.33308800118916226,2.44200044601352,-0.27819904135572504
21.615412223783764,21088.751513002004,64907.807623722576,21.72999999404327,304.77199998755384,21075.9692360332,64948.72072672325,-209.3539429439251,37.26337132857235,0.4125159729342158,2.6000316907876244,-0.33019670233433596
21.64061999248581,21089.54949077748,64905.79123487037,21.79699999344032,304.858999985915,21076.68468471612,64946.65668570851,-209.2482462528876,37.242599211547216,0.5629680034362352,2.770060381424798,-0.41790045412589694
21.681775554108835,21090.36043853405,64903.774889616914,21.80299999926495,304.9539999866837,21077.40016027724,64944.59272630356,-209.13455076877307,37.22598048231804,0.4364080025620183,2.979418405200213,-0.34465150849398113
21.676631108164617,21091.158354573192,64901.777024291085,21.834999992347583,305.03699998702734,21078.11555910515,64942.53975907009,-209.0329685768544,37.19854039899711,0.5701279830586785,2.6751984640505837,-0.42118547343508767
21.717272219439483,21091.96930335925,64899.76067925041,21.868000001990207,305.12999998573565,21078.83102904284,64940.47577931543,-208.92127447941945,37.18239854563874,0.5426200171826082,2.9270403353178645,-0.40599457246753146
21.713671108475538,21092.78025266574,64897.7443343109,21.852999991574645,305.2229999860496,21079.55428148204,64938.41182566824,-208.8096070736638,37.16413412021483,0.5015839791567871,2.9229537214444274,-0.3826568880092613
21.76923110098324,21093.59120249135,64895.727989478575,21.95199999382716,305.31699998570167,21080.28535736925,64936.33679380067,-208.69685320538625,37.13313120850668,0.657968014238115,2.933872990296146,-0.46554665895582753
21.81913221776412,21094.40221560637,64893.69312142441,21.914000005589447,305.4129999853912,21081.02414709692,64934.28403749575,-208.58235258459905,37.13868487160253,0.34152403617117244,3.004319467650332,-0.282489194334743
21.831478888750567,21095.22613596446,64891.676820308094,21.936999990576936,305.5109999851477,21081.762981567383,64932.22018708595,-208.4657396167144,37.12026586999849,0.3798759665749287,3.0450721109259375,-0.30776048612264284
21.828906667265887,21096.05005685104,64889.66051930838,22.00399999143207,305.61099998456825,21082.50964280932,64930.14526865082,-208.34704026178505,37.08908223118971,0.6303359669982627,3.081125132097961,-0.4511350964303997
21.836623328750328,21096.87404104452,64887.625695085495,22.02600000347625,305.7139999848789,21083.26405884829,64928.08152144505,-208.22548099191607,37.08378499870963,0.6817560290133144,3.1664730799648804,-0.4764688897939891
21.87314888664075,21097.69796298807,64885.60939429538,22.008999992387253,305.8109999856435,21084.02623763509,64926.01773918909,-208.1099480832676,37.05853268897347,0.4890639806874134,3.006088815724275,-0.37416044663560627
21.87263444175672,21098.5218854566,64883.59309361727,22.110999988583806,305.9049999863024,21084.79622672429,64923.94283794311,-207.9973285186124,37.02036572809136,0.858115968577512,2.913052352962872,-0.5540929494577957
21.91584777149322,21099.358840756984,64881.55831324215,22.11700000450705,305.99399998648784,21085.56619984186,64921.86788575364,-207.8897094396,37.00397375214231,0.7241480388497976,2.7838634397558693,-0.4953914379789441
21.942084440905465,21100.182827078752,64879.523489454215,22.099999998371626,306.0859999859378,21086.34392777583,64919.80410480848,-207.7792304418772,36.99158493452031,0.5684960068781806,2.867743860391775,-0.4176540556599156
21.968321107852105,21101.01978345345,64877.48870930023,22.14799998801013,306.1799999856991,21087.129444882,64917.74037038942,-207.66677827465992,36.98095496895901,0.6468439685688921,2.915291324799708,-0.45797213015936955
21.98684110746514,21101.856740371164,64875.45392925621,22.219999995413,306.27399998636866,21087.92281987413,64915.654433044256,-207.5541264665393,36.94685235396691,0.8393719966123044,2.8896979731726127,-0.545243145208351
22.011534442761988,21102.693697828727,64873.41914932478,22.2199999978172,306.3629999861537,21088.716103604413,64913.590673831815,-207.4467015105604,36.93380445620957,0.7504759981987661,2.781653291197955,-0.5064515336651915
22.026453325810884,21103.530655827195,64871.38436950224,22.261999994335586,306.45999998496035,21089.51727164001,64911.50479324808,-207.33107739171652,36.89733330366982,0.8479680066889259,2.9621919139956017,-0.548095976952051
22.0840711101086,21104.36761436569,64869.349589795085,22.280999997253875,306.55599998672943,21090.31839927162,64909.43001703567,-207.2165671685225,36.871415005241815,0.7089439937229941,2.947368874843244,-0.48648344666864535
22.050632222830085,21105.204636249266,64867.296286871846,22.31299999359224,306.63699998808653,21091.135042049256,64907.35514018439,-207.11710877589985,36.85780505005664,0.944523974743754,2.553935334670261,-0.5858609174855824
22.10310554552247,21106.04159587184,64865.2615073849,22.3499999972088,306.7229999854709,21091.95170189182,64905.280314349344,-207.0126514573508,36.826760696823904,0.888820026070789,2.682166444314134,-0.5636812819254747
22.13448666828428,21106.878618842344,64863.20820468437,22.35199999994861,306.8259999846034,21092.768456074067,64903.19454728839,-206.891082737204,36.80288065914503,0.7830479939915946,3.106521940924221,-0.5191135278061296
22.108764445448926,21107.72854910545,64861.17346895884,22.377999990329872,306.92199998614336,21093.592932112693,64901.11984956518,-206.77665351723164,36.773682767870895,0.9692479615714049,2.9341677732618527,-0.5939308232388751
22.140659991573816,21108.56557317193,64859.12016648567,22.45499999212532,307.0119999866745,21094.425208640307,64899.03400231773,-206.6681375473664,36.74458879143278,1.131624001985412,2.7664005893473904,-0.6501285213084125
22.19416221631512,21109.40259778133,64857.06686412081,22.482999993666425,307.0999999866345,21095.25747913885,64896.94813473799,-206.56162225940773,36.71548330635633,1.0398159984646953,2.715454104858879,-0.6186062353130178
22.21679777540128,21110.23962293692,64855.01356187068,22.531999998404608,307.1869999876849,21096.09756664609,64894.851168599416,-206.4560205233705,36.67330914426525,1.1347280028119842,2.676481535075775,-0.6500648625484907
22.229658888247734,21111.076711459205,64852.941736403176,22.51599999779621,307.2659999875616,21096.937590652447,64892.76523552396,-206.3585322752573,36.65903240032093,1.0308279943745178,2.482372737211029,-0.6146065030535411
22.2368611069781,21111.913737708503,64850.88843437098,22.56399999593385,307.3529999869786,21097.785423726848,64890.67941013885,-206.25307124543647,36.62476771425753,1.177700000240705,2.681731360264153,-0.663078862140037
22.280074438816023,21112.750764500888,64848.83513245428,22.5639999967404,307.4369999871225,21098.633285151747,64888.58243971343,-206.15049771029928,36.57999119875355,1.022132008527757,2.596502293234534,-0.6103746340291853
22.2944788894769,21113.60082425684,64846.763350876,22.61399999447705,307.5269999857804,21099.48116697544,64886.48553047763,-206.0419253251148,36.55704299459993,1.1502759780005491,2.748187770868772,-0.653364950310352
22.296536662496766,21114.43791498152,64844.6915258538,22.62000000003161,307.6229999856416,21100.33681361148,64884.39982307655,-205.9274931840764,36.537749443681605,1.164468015125435,2.9058129403787576,-0.6576119535266922
22.330489999796907,21115.274943421093,64842.63822427059,22.64499999137458,307.7169999856939,21101.19249191116,64882.30298082169,-205.81494860461643,36.49047817247699,1.1322359696796214,2.8449627561727384,-0.6465646839644016
22.30939777694052,21116.11203524084,64840.56639947719,22.705999995551487,307.8119999860488,21102.04821178388,64880.19503427688,-205.70129177247367,36.4502060199,1.4277679869994757,2.8600452978088535,-0.7319469132110868
22.354154437288667,21116.96209721734,64838.49461834799,22.700000001516702,307.89999998723886,21102.911653550265,64878.09815711722,-205.59477443729529,36.42208050879537,1.245044031220928,2.689303549552357,-0.6807016827217349
22.3850211063503,21117.7991901436,64836.42279377808,22.7159999938613,307.98499998665835,21103.767303910103,64876.001223340136,-205.49123177456744,36.3922125860113,1.1915239950395928,2.617652073002385,-0.6639972382956896
22.413829999186763,21118.64925323284,64834.35101287853,22.759999995899943,308.0749999869492,21104.638573254204,64873.893278266434,-205.3826290406928,36.35104176860735,1.2462119881674454,2.726011557519188,-0.6800272564120339
22.40199777810605,21119.48634726593,64832.27918853249,22.77299999674039,308.1589999867865,21105.50204128728,64871.78524600874,-205.28000080929945,36.308106507226256,1.3356079870836168,2.5795164510192596,-0.705118102973439
22.43543665638532,21120.32350469444,64830.188840971874,22.80099999857605,308.2509999862144,21106.373280764787,64869.68843596195,-205.16951292980505,36.29065232325162,1.3160280318866242,2.7858149692963043,-0.6993878117416874
22.50694443773121,21121.17356945316,64828.11706041492,22.80199999581732,308.3389999868021,21107.24454531991,64867.58047069959,-205.0629125368665,36.24947388678521,1.0622000091099906,2.675805291045094,-0.6197692039739227
22.5100311144774,21122.02369762808,64826.026756648,22.846999997313844,308.4289999859376,21108.12359919841,64865.47255199251,-204.9543390545983,36.22324122680885,1.2130879782112005,2.7217509880335236,-0.668252132101913
22.494597776621298,21122.860856729923,64823.93640942418,22.83000000225368,308.5259999847983,21108.994932395985,64863.353563990255,-204.83862773045968,36.18487683026153,1.2074480122765763,2.8911967943568038,-0.6659992337171259
22.52855110398253,21123.71092316627,64821.864629208045,22.84899999276817,308.6269999852032,21109.858459614512,64861.24570518977,-204.7190045656027,36.146375793970215,1.153615999628309,3.0061307850416608,-0.6486449074019988
22.563533331781297,21124.561053024867,64819.774325785496,22.903999993150304,308.72199998560126,21110.729787421467,64859.12669692864,-204.6052947757416,36.11226465657138,1.2256799809284247,2.8412478851534946,-0.6705489899884632
22.56919221715145,21125.411183446307,64817.68402247787,22.920000002448663,308.81699998626635,21111.60889796194,64857.007714848456,-204.49161179163104,36.07560277006553,1.2629080270699689,2.8369363019264897,-0.6811260733156654
22.61652110894561,21126.261377297767,64815.57519595794,22.90299999751201,308.9049999863872,21112.4801661734,64854.89974994621,-204.3850163277976,36.06944115812817,1.0313239988390392,2.6756804979179933,-0.6066473403713489
22.599544444425693,21127.111508850016,64813.48489287526,22.954999991653924,308.99999998530467,21113.35153351356,64852.769627327616,-204.27119594684552,36.02483972644054,1.279639970021634,2.831301620327144,-0.6853161464688629
22.64069999128397,21127.96164096561,64811.39458991277,22.973000004154425,309.0919999876692,21114.230635986427,64850.65061487613,-204.16051527536428,35.988171319046934,1.1962800463336378,2.762101776288272,-0.659919084239061
22.683913329984733,21128.811836519548,64809.28576373809,22.941999997617017,309.169999986972,21115.10191068004,64848.53143379268,-204.06380864941448,35.97144073229074,0.929112003476223,2.4167935116762944,-0.5679332356446642
22.69265888745433,21129.66196976415,64807.195461002346,22.99699999448752,309.26599998553144,21115.97328316792,64846.40132153544,-203.9489908239345,35.92685445432182,1.0956279853194915,2.8560817887463092,-0.6268342042656218
22.71529443930856,21130.525136126867,64805.086678645486,22.99200000175121,309.354999987008,21116.84463313832,64844.27113805287,-203.84117342617503,35.903951872907456,0.9961400247935416,2.6821425971065715,-0.5920028964742681
22.748218885678742,21131.375333390533,64802.977852816846,22.994999999404943,309.445999984874,21117.70817048705,64842.15206339573,-203.7314440466949,35.88987968540432,0.8884120094143214,2.745402090755242,-0.5511270107343752
22.764681106697413,21132.225531219345,64800.86902710389,23.0079999933735,309.55299998374227,21118.57958117195,64840.02206331013,-203.6056293496179,35.86290145254113,0.8759479920339089,3.1292292043515775,-0.5458562758709978
22.801206663508854,21133.08869930676,64798.760245097816,23.05000000216813,309.6539999858435,21119.450972643885,64837.8920021824,-203.4858151391309,35.8401013639974,0.8956560191733928,2.9801988589375203,-0.553385173659122
22.81149555137649,21133.93896116852,64796.632896290575,23.005999998868,309.7439999862233,21120.32232837264,64835.761829116025,-203.37700113661643,35.83049689246365,0.7002160109694388,2.7069069043263543,-0.46977006213751277
22.849049998182704,21134.80213040684,64794.524114518965,23.08899998468377,309.83799998578456,21121.185953497672,64833.62055615805,-203.26404916654755,35.799662105628656,0.8638199514038405,2.8007229325284104,-0.5402494045784642
22.836188889138647,21135.665363120657,64792.3968095422,23.14200000076807,309.93099998586683,21122.057358079943,64831.47929921711,-203.1521239737769,35.78379876688011,1.100920001865927,2.7718196795286576,-0.6267922088428758
22.841847781862857,21136.515563813413,64790.28798440533,23.10500000500136,310.0229999868484,21122.93654213152,64829.338058291054,-203.0412255605028,35.7436585260391,0.9473480032986175,2.7429609204066097,-0.5720844250984027
22.80274999857729,21137.37873478384,64788.17920298574,23.110999993281112,310.1069999868963,21123.807918199785,64827.1967098489,-202.9383015369376,35.71020339546442,1.1096999809337575,2.549131741658407,-0.6287871469552827
22.865512213094203,21138.2419063316,64786.070421687255,23.165999994174182,310.1969999865801,21124.679314718185,64825.055422544894,-202.8293787003604,35.676799574850214,1.0817560118879272,2.6975486483654314,-0.6190762358730516
22.890719998032186,21139.118111080465,64783.94316078414,23.182999997336587,310.28199998734794,21125.55847748597,64822.914110553575,-202.72548241664745,35.662556745174385,1.0522079974958458,2.569946365682143,-0.6088412114058053
22.8943211150413,21139.981283791552,64781.8343797225,23.2059999983349,310.36699998692416,21126.43767859639,64820.761684090896,-202.6214739621621,35.61606806904263,1.122043979856956,2.5613354390516796,-0.631689001656623
22.86293999885369,21140.85748971684,64779.70711906209,23.208999997527545,310.453999986914,21127.30910477311,64818.609251899776,-202.51544047607945,35.59386694526604,1.2458159952258783,2.6144187885143895,-0.6698867294964949
22.89792222124309,21141.720663588745,64777.59833823775,23.239999996121945,310.53999998690017,21128.18827271051,64816.46795027892,-202.41054678761063,35.55789527067411,1.2314799895638815,2.5945928475219753,-0.665179436253475
22.87785888718145,21142.609777510515,64775.48964475384,23.26099999436667,310.6269999869148,21129.06748230113,64814.31554436789,-202.3045409989224,35.51987646356067,1.3793079858667951,2.610472573166503,-0.7066122740002759
22.92261555215693,21143.48592228751,64773.38090778459,23.30499999689043,310.71199998733005,21129.954505806047,64812.15202977647,-202.2004489506428,35.46457271790946,1.3765840010405996,2.54891259560819,-0.7057162588952873
22.90100889368113,21144.38800713784,64771.27225816499,23.30499999810405,310.7969999866245,21130.84149221768,64809.99962978728,-202.0964707625534,35.42825098944843,1.4543679759225172,2.557371948919941,-0.7299670068904072
22.87168556290848,21145.29009259569,64769.16360867165,23.342999993443627,310.88799998627684,21131.72071691724,64807.84726477588,-201.9864677629305,35.39455092927104,1.6967319499265343,2.708800359001555,-0.8006306666422167
22.860882206236592,21146.192115732607,64767.07348263603,23.36799999951773,310.9729999883496,21132.615524500863,64805.68377653838,-201.8824042962828,35.327724401682616,1.8256240558120893,2.5450183732748055,-0.8356551420987587
23.01778776803413,21147.09426531909,64764.94631008164,23.370999995767,311.0489999871707,21133.50252076792,64803.52017062828,-201.7873151748669,35.29838917874195,1.2715640198383384,2.3286374027847727,-0.6739338182770941
22.96943000568008,21148.022229182086,64762.856271543926,23.40999999832954,311.1409999866378,21134.389570587624,64801.35672760509,-201.6762278280722,35.24280227005411,1.5860519735380478,2.7200233442250683,-0.769210169617624
22.995152219532194,21148.93728682687,64760.74766620165,23.400999997292104,311.22199998774005,21135.276584654323,64799.19317271372,-201.57614071210617,35.20038915030979,1.461051999935674,2.4509301041935028,-0.7320120482922977
22.97560333560925,21149.87828462396,64758.63914823697,23.44799999524262,311.30599998746544,21136.171391473334,64797.02967457492,-201.47308064297368,35.16409489179714,1.7006279746801256,2.52050115427126,-0.8017129943758461
22.993608883176265,21150.819220115787,64756.54915373869,23.44200000311665,311.3859999878914,21137.07396790036,64794.866161969374,-201.3740472181033,35.107801196034764,1.6142080317853882,2.4190530414917473,-0.7773306748002126
23.024989998141283,21151.773126010496,64754.459203014325,23.434999998206138,311.47199998550497,21137.968782616183,64792.70268432352,-201.268988994228,35.05862465940581,1.4760360002334765,2.5693218518202627,-0.7365750395916866
23.01470111467947,21152.740002319904,64752.36929606192,23.467999992248416,311.56999998644795,21138.871457618145,64790.52824045844,-201.1518453684617,35.00100453930771,1.6318759592481982,2.8484574944550447,-0.7823808272372941
23.003383330738806,21153.732755906967,64750.297999852126,23.510999998290487,311.64999998785544,21139.774035974755,64788.364728067565,-201.0528145446997,34.94530378692512,1.8274200031860488,2.418989019135522,-0.8361322972763378
23.05431332214108,21154.699633510045,64748.208093205925,23.501999999145635,311.735999986704,21140.676672569603,64786.190162253086,-200.94767197905708,34.888035302301624,1.6116720372163968,2.5569436163664925,-0.776602943267666
23.083122233347936,21155.70542114344,64746.11831761606,23.526999997853626,311.8199999880595,21141.58704766245,64784.0267168663,-200.8446691371439,34.85213472072501,1.5979599522204821,2.5127305236702515,-0.7726555601239298
22.973031114739708,21156.698176693964,64744.047021870574,23.52200000034285,311.89799998737755,21142.49740355064,64781.86321051764,-200.7476668221704,34.79462936653248,1.9762879881713091,2.3664715336190105,-0.8747493833725195
23.02961999867368,21157.703839739257,64741.994293252086,23.52999999941116,311.9839999878451,21143.41556877862,64779.69981179582,-200.64269185231072,34.721964432509345,1.8013680026549252,2.5575236444034815,-0.8291825740210699
22.985377773838984,21158.735506022524,64739.92312875613,23.546999990648107,312.05699998898984,21144.341511616884,64777.52519254242,-200.55063008959496,34.66291439945415,2.021839980512844,2.2305850473860054,-0.8861077246480166
23.104728871820267,21159.780079837976,64737.870531398425,23.60900000207772,312.13599998709674,21145.26743721868,64775.36174894247,-200.4526824894883,34.60209184520852,1.815376068926834,2.383395743742642,-0.8329269498153711
23.12582111946837,21160.82465433539,64735.81793421666,23.5240000115096,312.22199998758987,21146.201168874955,64773.19840279661,-200.3477621847351,34.53908018711908,1.4334440113484277,2.549609870550715,-0.7235262319644236
23.06666000094856,21161.88219933421,64733.76538085903,23.538999983739696,312.2989999883729,21147.13483365354,64771.04607973161,-200.25195516482884,34.49158643590029,1.7004239380480939,2.3384638219990976,-0.8016563506711731
23.103699997905423,21162.965684679173,64731.712914982,23.642999999374304,312.3789999874845,21148.084111247987,64768.882725070056,-200.153088315332,34.43818189890405,1.9414800052879713,2.396376072219908,-0.8658783639264166
23.0836366663734,21164.04910775538,64729.678972613045,23.574000002836428,312.4609999880392,21149.04114061647,64766.73053155376,-200.05236140383468,34.375706342476214,1.765308011266896,2.4487337427804308,-0.8194611478828099
23.1139888874762,21165.158408220526,64727.6636410736,23.64399998882569,312.53399998986265,21150.005960873947,64764.56715823482,-199.96054796279483,34.29318537619292,1.908039964858166,2.2196730515910703,-0.85726774486866
23.09032444734627,21166.28074222488,64725.62983006638,23.658000003653267,312.5979999901805,21150.97075202311,64762.403693483655,-199.87773489515044,34.23356412136592,2.0436320027051935,2.00220708624103,-0.891432038859207
23.10884443659009,21167.403013966144,64723.61454257625,23.630000002946574,312.66499998977747,21151.95104274621,64760.26254078216,-199.7922007603474,34.17234198638695,1.8761600388833415,2.080178867356543,-0.8489752171855626
23.15051444558065,21168.551163134,64721.61786594537,23.645999990038792,312.7329999892558,21152.939157483204,64758.110309996446,-199.70558068487992,34.09172701283111,1.7837479600493082,2.0947177300381474,-0.8244474111506616
23.11758999933312,21169.69937602564,64719.60266619907,23.716999997343287,312.8119999863336,21153.942836065748,64755.96935807361,-199.60812709081588,34.0333802419846,2.1578759928366,2.360088253551175,-0.9188753992003911
23.17006332596777,21170.873466367306,64717.60607731975,23.695999997842087,312.901999988506,21154.96986076964,64753.83971120003,-199.4998660017833,33.970202111900164,1.8933720187475374,2.621676248936643,-0.8534626798057944
23.177265558525683,21172.06046431868,64715.62805566072,23.72400000811036,312.9599999922782,21155.98907353245,64751.68748379046,-199.4233521418484,33.878753258523105,1.9682440185048335,1.840298320114899,-0.8727074632091854
23.168005551977146,21173.260495884297,64713.631554573214,23.61700000570679,313.0149999909152,21157.01594601201,64749.56859580929,-199.35020371371232,33.83800620412344,1.616380033426715,1.779386772736906,-0.7779533825202948
23.20658888688609,21174.47343507736,64711.6536207124,23.673999991851566,313.0769999907751,21158.058444680966,64747.43871696572,-199.26999575104543,33.77035716847081,1.6826799778757093,1.9372394363834602,-0.7967140760156348
23.179323339771308,21175.68631201965,64709.69421041237,23.6610000068864,313.13699999046503,21159.108681940023,64745.31995864089,-199.1919274802377,33.69391499836697,1.7340360016143321,1.8908220758291756,-0.8109312677227037
23.18035221041941,21176.938099351555,64707.73493139019,23.63999999609184,313.20799998772526,21160.174483109528,64743.2124792053,-199.1030256837688,33.63869555022971,1.65473202842075,2.1558184870459525,-0.7888632497888806
23.281697771936965,21178.176917586017,64705.77560893223,23.69599999280283,313.2909999885021,21161.25592708304,64741.09405973496,-199.0020646556781,33.5626465743441,1.4914879951171087,2.430603667645087,-0.741249824404174
23.227166680516696,21179.441613338066,64703.83489741434,23.720999995783554,313.35499999128064,21162.33727110109,64738.9865617853,-198.9202163049266,33.492173531389305,1.77779993496069,1.9789981349659564,-0.8228425002773494
23.1901266587986,21180.71927976325,64701.89422984419,23.729000009009727,313.4149999898753,21163.43416716556,64736.879075697725,-198.84242070415908,33.42197530764341,1.9399440607600553,1.8754388984583414,-0.8654847876749817
23.27346666319041,21182.00991687355,64699.95360622184,23.650000000484773,313.4819999913986,21164.54657615616,64734.793942390985,-198.7579042102412,33.37200653534141,1.3555200142597144,2.0481339333729855,-0.6990000433215748
23.22871000419657,21183.3004917466,64698.03150618811,23.72599999040915,313.5299999921521,21165.666743039703,64732.69752775503,-198.692300698328,33.293214636180174,1.790243950365283,1.5809775498761214,-0.8261964378179181
23.25546110600349,21184.61700721463,64696.1094938164,23.710000010555863,313.5899999907841,21166.79465714113,64730.62349054033,-198.6149505286877,33.24394588609956,1.6363400563885393,1.8765152105225957,-0.7836513879806811
23.2816977698732,21185.920553584787,64694.18743801968,23.65699999883952,313.6469999913685,21167.938126640667,64728.549475395244,-198.54065316544745,33.182951040381454,1.3510880242787493,1.7968363786966561,-0.6975784986409315
23.33880110987105,21187.250040568,64692.265469897175,23.70899999454994,313.7059999908612,21169.09716812076,64726.475533146426,-198.46440890370445,33.127964129341485,1.3327159848440118,1.8380768499773883,-0.6916540177431517
23.29558778431578,21188.59243523229,64690.362069083065,23.70899999928124,313.7649999914375,21170.263954882303,64724.412731812416,-198.3883044321563,33.07015417926035,1.4882839738756488,1.8392854467160307,-0.7402830299724499
23.28221222310153,21189.9477375764,64688.47723559164,23.72999999875924,313.82199999052864,21171.438518098246,64722.34993653263,-198.3142267870904,32.99988438749352,1.6120359923677512,1.7874445874002765,-0.7767074284956269
23.28838554878281,21191.30310379225,64686.573879066935,23.71800000158143,313.88599999129207,21172.628594292142,64720.30949406924,-198.23342821751288,32.959421995841474,1.5466120300750348,1.9590796820224963,-0.7576807008084345
23.33365666943171,21192.671377694467,64684.689089870975,23.71300000267172,313.93799999139253,21173.834233918973,64718.257867704095,-198.1645691240964,32.892867272105896,1.3656359996640306,1.6574847461875388,-0.7022337070792316
23.275524446019432,21194.039652420044,64682.804300972704,23.69799999686028,313.99999999114345,21175.05539648797,64716.22862465588,-198.0859892768377,32.839398889319284,1.5209119830270497,1.9003310842587906,-0.7500673004949748
23.33262776918064,21195.420834829543,64680.93807941753,23.732000001236788,314.0519999920812,21176.28430903092,64714.19930639453,-198.0174358015541,32.77337409789752,1.4377400354021332,1.655161570965321,-0.7248534770636983
23.33880111507147,21196.815051073507,64679.053378564815,23.69899999773959,314.10799999129387,21177.528724641368,64712.192310494895,-197.9451612187309,32.74255073301024,1.29671597760524,1.7530238513458347,-0.6798934406224814
23.32028110949669,21198.20920507752,64677.187201340486,23.76199999411972,314.1629999921216,21178.7809956892,64710.163101768565,-197.87368787777652,32.67355913785752,1.5901879846429041,1.7168731484897757,-0.7704087053897486
23.35629221674387,21199.616329856228,64675.32106815844,23.73600000889614,314.21599999093485,21180.040967621528,64708.15612822839,-197.80446702218265,32.62742440208158,1.3669480517481745,1.67318122187278,-0.7026520019054892
23.37532666509381,21201.023455472845,64673.454935287125,23.714999991759345,314.27499999303006,21181.31648708352,64706.16038284628,-197.72941233990787,32.583908955765054,1.2228239759959323,1.8149958840462752,-0.6550935533350668
23.379956667643288,21202.443488789093,64671.6073697916,23.7810000035732,314.31199999317164,21182.60749907996,64704.164466585135,-197.67640942410105,32.52389066404924,1.4437560093476862,1.277353434137057,-0.726707866221479
23.354748895942887,21203.863586039315,64669.74128129008,23.6920000044484,314.3669999923195,21183.906278269376,64702.19098875512,-197.6056601135313,32.495638175392564,1.2141039906198443,1.7153069849733098,-0.6521055731996617
23.32388221861088,21205.283557935,64667.91223975743,23.74799999368188,314.4139999910092,21185.22063423829,64700.20636777287,-197.54285056598945,32.41883232738184,1.5268239902556004,1.5114702123414463,-0.7518258585175887
23.390759990962987,21206.729533689064,64666.06476271126,23.74699999570468,314.48199999113825,21186.55833201663,64698.24426813728,-197.4593469303828,32.378914497032625,1.2824640170700945,2.0138988627780505,-0.6751806421500068
23.41185222184929,21208.175510298617,64664.21728599544,23.81299999382673,314.53099999102415,21187.89600548565,64696.2708611732,-197.39473030371423,32.330067191289245,1.444131979118778,1.5525472429889722,-0.7268235935324433
23.419568886273,21209.6214877606,64662.36980960918,23.800000004819665,314.5979999918503,21189.241446176,64694.319892634376,-197.31236726309223,32.29662122546884,1.3695520267679897,1.9904340573957444,-0.7034814205084213
23.43654555512149,21211.06740295833,64660.540856881526,23.780000001962428,314.63399999457187,21190.602349586134,64692.36866187876,-197.26105549529373,32.239497624426576,1.2364360086273736,1.2356305323775763,-0.6597313425715762
23.42368444691812,21212.52635210093,64658.69342491857,23.776999997826263,314.6779999933423,21191.97102489036,64690.428653430274,-197.2018839444093,32.2106625890577,1.271935983269313,1.4276617952285133,-0.671678034513882
23.43603110188529,21213.972268995385,64656.86447285576,23.78800000307579,314.7199999927741,21193.36300360101,64688.49981816795,-197.14490419877967,32.15628282970418,1.267088044285798,1.372234161780723,-0.6700590224365203
23.50959666188185,21215.444126706447,64655.035608654805,23.76299999627193,314.77099999308325,21194.762757542543,64686.58221538497,-197.079064721548,32.12144518283365,0.9122520038042836,1.5885193527111503,-0.5393519764283494
23.49827888883359,21216.9030784214,64653.18817770463,23.81999999723979,314.80999999381834,21196.17029273861,64684.653402680335,-197.02513875731864,32.08167704521436,1.1581959902623253,1.293758350016957,-0.632623490101761
23.5204000000728,21218.37493785301,64651.359314185705,23.799999997876853,314.8539999937493,21197.58555205941,64682.74689637352,-196.9664656112081,32.048092611334944,1.0065599920945871,1.4155384860577878,-0.5766995885426726
23.49570666760536,21219.83389128835,64649.51188391887,23.84499999983672,314.8879999955627,21199.016343777286,64680.84034126588,-196.91784496078603,32.014392512960946,1.25745599603289,1.168498292144064,-0.6668307252166998
23.52502999405817,21221.30575243816,64647.68302108096,23.80600000003589,314.9139999965809,21200.447071987404,64678.94481975474,-196.877337516818,31.98170574184688,1.011492021519797,0.9771840869231054,-0.578595364880706
23.558468883055035,21222.77761444776,64645.85415859388,23.863999991347733,314.9379999952672,21201.885614640287,64677.03818993759,-196.83874418155943,31.935576015303067,1.0999119898537117,0.9257270319287361,-0.6116856226075605
23.59345110913252,21224.262510481152,64644.006816907655,23.86400000810861,314.97399999495565,21203.347507210307,64675.142875570185,-196.7883434726224,31.90855250280972,0.9739760363139297,1.20626454635944,-0.5640352392543281
23.588821110992733,21225.734437378764,64642.15943178414,23.815999998155288,315.0009999961324,21204.80151274126,64673.26967296688,-196.74714256991533,31.897125760884663,0.8178439937851991,0.9954073654695241,-0.49969930742209695
23.59602333461029,21227.2063019798,64640.33057032974,23.86200000018411,315.029999994926,21206.271128366323,64671.38542894166,-196.7038821137028,31.85244635044752,0.957515996065753,1.0371526851411514,-0.557543420493727
23.585219996655702,21228.67823060852,64638.48318590242,23.82199999836625,315.0669999939858,21207.75626044116,64669.52354806577,-196.65290071278096,31.833045814037924,0.8524080061579653,1.2262856123013142,-0.5144969911622339
23.64540998953256,21230.15016010348,64636.63580181522,23.89099999309927,315.10399999529784,21209.2414312839,64667.65055297526,-196.60180745829945,31.804407900270032,0.8841240128401608,1.2244919082266381,-0.5277871280479215
23.690166663913804,21231.63506049423,64634.78846186768,23.86600000915096,315.13199999512824,21210.72653528487,64665.78858136572,-196.55982733927823,31.792162752687105,0.6330000428537588,1.0097994770320544,-0.41435387523169515
23.679877783502327,21233.11996176481,64632.94112227045,23.828999998642203,315.16899999448367,21212.219452429086,64663.926727733386,-196.5088747352613,31.775647638499432,0.5368399745035533,1.2231077440651552,-0.365190941354719
23.6443811118932,21234.591893872952,64631.093739222815,23.86499999673424,315.20199999493707,21213.71235719843,64662.06483381629,-196.4619228004848,31.751890876640186,0.7942279854277488,1.1270870700373539,-0.4893929733409896
23.67473332683181,21236.076796887468,64629.24640032152,23.86099999978177,315.23999999329016,21215.20527947268,64660.20299100357,-196.40997205246555,31.735381956687533,0.6705600226198641,1.247063243762087,-0.43261269259391966
23.72103332351679,21237.561700779675,64627.399061775184,23.881999996366183,315.28599999348086,21216.69822921629,64658.34122974714,-196.3500226607932,31.71892555367468,0.5794800222578189,1.439021101930485,-0.38743834871840316
23.775049999896588,21239.046668745243,64625.533200253776,23.89399999967656,315.32299999485315,21218.198932358784,64656.47940370355,-196.29909976528447,31.71347773116682,0.4282199992078972,1.2199128154310093,-0.30497186776316487
23.73955333509439,21240.53157439292,64623.685862404425,23.88500000355916,315.3569999946452,21219.69962644985,64654.61754753487,-196.25117760308825,31.69261589257181,0.5236080064731766,1.148038327173063,-0.3581347497110821
23.76578999729369,21242.016480916987,64621.83852491082,23.86599999889,315.39299999455017,21221.19250781989,64652.76680029264,-196.20134306147665,31.685333224234583,0.360756005746714,1.2006409558342106,-0.2651418022276084
23.763217776020323,21243.501451526008,64619.97266444028,23.893999996757888,315.4299999937442,21222.693213685263,64650.90497525848,-196.15042287462623,31.679895581805106,0.47081599465523427,1.2198474755964832,-0.3292257670867521
23.78996888756756,21244.999329868308,64618.12537146392,23.896999999888912,315.47199999432013,21224.19393707048,64649.043201317305,-196.0945038748996,31.66629270955725,0.38531200435686513,1.3395738124679462,-0.2798759096481928
23.78019444372104,21246.4842390294,64616.27803502503,23.90200000002521,315.5029999955952,21225.69462482424,64647.18131604305,-196.0495851485857,31.645413630105573,0.4385000026950152,1.0760961553599084,-0.31090344552008553
23.80282999833087,21247.969212286785,64614.4121756096,23.902999997265248,315.5339999949384,21227.195313486507,64645.31943110992,-196.00466732862748,31.639942453317595,0.3606119961637546,1.076074310342419,-0.26496903993045806
23.79562777811677,21249.4670932765,64612.56488369952,23.923000001307287,315.56799999490823,21228.6882306267,64643.45755069546,-195.95672445698608,31.63060578530609,0.458540003485858,1.1508696496016348,-0.32232337613901757
23.81363332870381,21250.952068304767,64610.69902499074,23.897999999798003,315.60099999475045,21230.188927743628,64641.59568673888,-195.9098085549789,31.62514893375537,0.3037200159391006,1.1239345515224348,-0.22934855572041712
23.83729777689189,21252.449951059625,64608.851733790136,23.93899999218477,315.6379999940421,21231.689639061617,64639.73386372513,-195.8588937856303,31.61151036408701,0.36612797505436134,1.2197167900459471,-0.2682644864557049
23.83215333303137,21253.94789794418,64606.98591962884,23.955000005402056,315.6749999952296,21233.19038919773,64637.860926501824,-195.8078672245708,31.60403497963477,0.4422480205344641,1.2179706061598825,-0.3130538204233469
23.85375999455844,21255.432875628783,64605.12006197418,23.90000000406597,315.70199999575004,21234.683286698782,64635.99897638034,-195.7669275612029,31.602860046869026,0.16646403422710138,0.9827759460068416,-0.1346767479250632
23.868164450029266,21256.930761039057,64603.272771841446,23.914999996640105,315.7349999943009,21236.184025361483,64634.12599923291,-195.7199025892287,31.579949996527816,0.1686079677990236,1.1224695583026416,-0.13623642870250327
23.815176667429743,21258.42871059232,64601.40695874586,23.92799999654108,315.77599999314566,21237.67697120456,64632.26419187812,-195.66496553169048,31.58606626407096,0.4061639848008099,1.3187312823618773,-0.29206595879547814
23.861476661088084,21259.913690933136,64599.54110214916,23.96399999475292,315.8219999932652,21239.16997249146,64630.39132105361,-195.60491697593608,31.575769813684506,0.36908400119341567,1.4361613620166165,-0.2699859842141565
23.86507777647649,21261.4115790012,64597.693813085614,23.9740000034,315.86199999443284,21240.67073716206,64628.518415951374,-195.5508951228217,31.55290920006073,0.392120016924639,1.2894513787640909,-0.2837214077376961
23.88771333210196,21262.896561111767,64595.8279571981,23.93800000355877,315.8959999951217,21242.155917969943,64626.64539771463,-195.5028215558014,31.54685609747588,0.18103201724451595,1.152131009060925,-0.14530285302270843
23.87536666818163,21264.39451421836,64593.96214551883,23.94699999472451,315.9279999948506,21243.64887544781,64624.772385804885,-195.456774921338,31.54367287281197,0.2578799755543685,1.1013389214245441,-0.19907155007219024
23.88822777271369,21265.892404940525,64592.11485752197,23.981999997370853,315.96199999522764,21245.14184048517,64622.899394527696,-195.4087293060284,31.525107998129894,0.33758000876578226,1.149143275374984,-0.2505994493849106
23.93041221575243,21267.403329949026,64590.2490904282,23.967000006614924,315.99299999445265,21246.63483438732,64621.015258592735,-195.3635717642949,31.51990721196458,0.1317160471049803,1.0761567638578076,-0.10845624271900624
23.93864334118029,21268.90128573473,64588.383279823625,23.936999996760505,316.03299999445096,21248.127783262025,64619.15344341215,-195.30964096921184,31.52602015093989,-0.005916039911218718,1.2945805101778183,0.0022544143348553385
23.869193336463784,21270.399242411047,64586.51746957524,23.98699999717345,316.06499999476017,21249.62078231099,64617.26931829861,-195.26348530131145,31.513617501329943,0.4241039785547926,1.0999399087020554,-0.302580657082521
23.90931999306623,21271.897136685555,64584.67018300798,23.96300000263585,316.1049999935138,21251.121553371227,64615.39641553439,-195.20946981158403,31.490783589963712,0.19324803445063737,1.2892983760216559,-0.1540759349579898
23.924753332482208,21273.395095140528,64582.804373477215,23.98199999457887,316.1449999945013,21252.614542916588,64613.52348680404,-195.1554290769235,31.48767011175518,0.20608798354798666,1.2925052736593763,-0.16323446065202551
23.937614441817875,21274.90602463008,64580.938608183125,24.00000000207736,316.1789999945517,21254.107513412902,64611.65049752666,-195.10738890572665,31.491754014881053,0.22458801693414898,1.1490122174471893,-0.17622972353319338
23.95870666246077,21276.403984875025,64579.0727993678,23.976999999393115,316.2179999938482,21255.608283888327,64609.777585620905,-195.05437608413425,31.48429692439853,0.0658560129564421,1.2653699286966247,-0.05616305479098163
23.96848111641247,21277.91491616045,64577.207034794905,24.00699999713952,316.2549999952236,21257.10904862788,64607.90465375867,-195.00336405690567,31.48406576721764,0.13866797061738084,1.2176212880608437,-0.11373399005629323
23.91549333614213,21279.41281487705,64575.359750018586,24.000000001507395,316.2849999945405,21258.60200854858,64606.03162491152,-194.9593263817973,31.46553074608446,0.30422399531495187,1.0532934066067818,-0.22942596381697491
23.94481666097752,21280.923747953777,64573.49398617358,24.00399999821009,316.32699999358425,21260.1028297047,64604.14762989957,-194.9032038263854,31.456126489620928,0.21306001403725788,1.3347389319048457,-0.16812354519566353
23.95510555734656,21282.42171177176,64571.62817879084,24.009000001520672,316.3679999930498,21261.603610498227,64602.27473962012,-194.8481947595142,31.448684609547698,0.19401999902680417,1.313007890084513,-0.15458643533758612
23.948417774654143,21283.9326466432,64569.76241566639,23.98600000395545,316.4179999925063,21263.1043841966,64600.41305552093,-194.7842997460941,31.457768956551305,0.1352960254847062,1.5305834256684747,-0.11114539775295336
23.98031333247645,21285.44358241815,64567.89665290617,23.98699999274537,316.464999992447,21264.60518679141,64598.54022677588,-194.7232928385807,31.45762204735321,0.024071976968120624,1.4561322107016084,-0.021003145033140474
23.941730009618173,21286.941548921288,64566.03084659701,24.0439999984626,316.5179999918379,21266.10604824064,64596.656344673145,-194.656174560916,31.44104778519062,0.36817195983993545,1.5961631924659367,-0.2692560451888428
23.89440111289497,21288.43945297228,64564.18356397063,24.01500000055801,316.56599999384537,21267.61460049356,64594.79466759509,-194.59430832341417,31.423156886841607,0.4341559955869542,1.4789874044988105,-0.3084026581686593
23.91034888652564,21289.93742125289,64562.317758376426,24.05599999380572,316.5979999960627,21269.115393892083,64592.9105731487,-194.54819067680071,31.40644726402112,0.5243439862082909,1.0968333293997186,-0.3585291703454322
23.904690002947515,21291.448297257662,64560.470520382274,24.05900000405482,316.62699999392777,21270.61614024423,64591.037563156,-194.50518638998412,31.39084845962237,0.5555160039862983,1.0265056953601481,-0.37502603731847844
23.89337222058468,21292.946267325904,64558.60471550687,24.029000002369088,316.67399999335987,21272.124729897576,64589.16476239787,-194.4442102177832,31.379087155570264,0.4882600144238666,1.4524616858913673,-0.33891513108288657
23.92320999510528,21294.44417492133,64556.75743430857,24.036999996559626,316.71199999362733,21273.633290511832,64587.29187069503,-194.39223444349813,31.351924379442305,0.40964400523563854,1.238116275547904,-0.29411819726490135
23.92835444961027,21295.955116960744,64554.891674074766,24.06099999669388,316.7599999926412,21275.134140856,64585.40793987116,-194.330121371624,31.34259769034352,0.4775239695009916,1.477168391195694,-0.33296810074768646
23.874337784436023,21297.46599653267,64553.04443752258,24.0730000001314,316.8029999940239,21276.64271996249,64583.53509954862,-194.2731477098044,31.3227479733654,0.7151839765033629,1.3571445405296123,-0.45367010304462135
23.85736111189864,21298.96390679308,64551.19715740453,24.067999999565245,316.8409999941005,21278.14353885456,64581.65106797372,-194.2210358995057,31.29076293669413,0.7582999955997763,1.2393699938803306,-0.4733961426313984
23.84758666913815,21300.461881315085,64549.33135431915,24.08099999793519,316.8789999946928,21279.652103150973,64579.77817761956,-194.1690637844057,31.278935943520143,0.8402879836693501,1.2380284889787143,-0.5093461152967819
23.83369666685614,21301.95979334636,64547.48407490936,24.08699999997221,316.9139999936121,21281.16069636914,64577.89414263528,-194.11997982442188,31.242565792331625,0.9118919992178477,1.165032256594778,-0.5392052447427755
23.83781222347973,21303.45770626056,64545.63679586082,24.090999997583147,316.9609999931866,21282.66929248801,64576.021344224144,-194.05901005251263,31.21547129159199,0.9114759867722996,1.4523079502207115,-0.5390356442062564
23.81980666782381,21304.95562005788,64543.78951716848,24.11399999729318,316.99999999413484,21284.17011839669,64574.13732413676,-194.00590196246785,31.183508085703693,1.0590959860897413,1.263059230435965,-0.5966172805141328
23.815691115383764,21306.4535981369,64541.92371550949,24.12399999809774,317.03899999447106,21285.67872771064,64572.25333072965,-193.95282098427103,31.162491763082752,1.1099119777703166,1.259885734683615,-0.6153254509777787
23.77247778126625,21307.938543482567,64540.07639357732,24.12900000342957,317.07199999492,21287.187317962027,64570.36927682133,-193.90574058556808,31.11882536028956,1.2834799997879542,1.1174830672768177,-0.6755176937680989
23.76836222573189,21309.423489700443,64538.22907199639,24.094000001963625,317.10599999507406,21288.695874460616,64568.49634794349,-193.857773736639,31.084356704021467,1.1722959944342406,1.1426334104756228,-0.6375909049611955
23.74263999617609,21310.921407027472,64536.38179472397,24.10899999790659,317.1389999939892,21290.204466555133,64566.61229472335,-193.81069517575185,31.047984293094714,1.3188960062297952,1.1174391720375727,-0.6871632977936287
23.80077221912214,21312.419325240367,64534.53451781218,24.10300000226955,317.1829999935817,21291.713096229385,64564.728353368126,-193.75261816177613,31.011687006129804,1.0880200193306706,1.3784396109451171,-0.6073308418339282
23.75755889826,21313.90433751492,64532.66867396428,24.09799999805985,317.22499999219053,21293.213937668723,64562.844365716745,-193.69651575118613,30.987771434394865,1.2255879592794614,1.334256199150158,-0.6560378785220478
23.716917781922536,21315.38922382615,64530.839877113125,24.129999993083054,317.28599999033656,21294.7225878336,64560.97171192648,-193.6215541024641,30.93816241230013,1.4870959601778637,1.7854590980416172,-0.7399242179064968
23.69273889272196,21316.874174432305,64528.992557294805,24.157000002501235,317.3409999931576,21296.23903945558,64559.08790944272,-193.5525066757056,30.89025919906255,1.6713399952053933,1.635445037470036,-0.7935384749312233
23.667016670118,21318.359125914183,64527.14523782463,24.10200000979616,317.3809999933508,21297.747621489867,64557.21504341928,-193.49854566338092,30.855827012064395,1.5659400228413831,1.2853946146930912,-0.7633537948914703
23.672161102923827,21319.844078271773,64525.297918705655,24.07099999786973,317.4279999934369,21299.25622777958,64555.34224869793,-193.43758596369904,30.82144083604789,1.435820021805253,1.4520660145781308,-0.7242606059984595
23.708686676807336,21321.32903150465,64523.4505999328,24.10999999506013,317.46799999292995,21300.76484968361,64553.45826880183,-193.38351423350343,30.777819683458155,1.444727945710055,1.2833950260909128,-0.7270069988656631
23.582133342343248,21322.81392217028,64521.621804837625,24.10900000442336,317.520999992098,21302.281260337742,64551.585561929474,-193.31658292246323,30.72377927733729,1.8967199834884085,1.591042903927738,-0.8543327253416166
23.63769331978829,21324.285906883204,64519.774442786926,24.08399999919776,317.5689999922418,21303.789872739835,64549.71277834832,-193.25462602588908,30.6821078741708,1.6067040458740949,1.4758118913824987,-0.7751752304954581
23.66084334232098,21325.77086273511,64517.92712506277,24.11099999786116,317.6229999920084,21305.298544107394,64547.82894136777,-193.18655784861167,30.638576797834865,1.6205639599446486,1.6154973473148153,-0.7791514216459136
23.561041123948264,21327.242785731883,64516.09828702406,24.100000001992665,317.66899999372043,21306.81493421157,64545.956164544885,-193.12662888972585,30.577202321136927,1.940251960959843,1.4246361543049881,-0.8655636998289298
23.54560777043563,21328.714773046657,64514.25092600686,24.09300000243805,317.7109999926583,21308.32352938493,64544.08332115392,-193.07067439598936,30.53550357033688,1.9706120352087098,1.3328693153226423,-0.8733090741177078
23.603225552685853,21330.199668047444,64512.42213265513,24.07599999929121,317.7619999928809,21309.824411014542,64542.19942839039,-193.005582580315,30.48099832962228,1.7019880077792835,1.547981571954392,-0.8020904525161624
23.58727777743417,21331.67165710146,64510.57477233325,24.103999995333663,317.80499999257944,21311.34079389265,64540.32662217684,-192.9486562016713,30.43493538124256,1.860199984438171,1.3532755417441045,-0.8447921059322753
23.61042777870949,21333.14364702173,64508.72741235152,24.121999998198728,317.8569999930752,21312.84946324296,64538.44276658957,-192.8825925019764,30.384110003434248,1.8416599901612585,1.5679395375952245,-0.8399056333094508
23.57184444816092,21334.615574330448,64506.898576037165,24.121000004039693,317.88999999599616,21314.35028761129,64536.55869240232,-192.83550240948844,30.322198549142943,1.976960001163583,1.1199539417391493,-0.8749197521274533
23.572358890607514,21336.08756598224,64505.05121674859,24.076000006792327,317.9179999948841,21315.85887874825,64534.674594263925,-192.79343918685092,30.271218025414363,1.8131080182653265,0.9984082524627375,-0.8323218922620341
23.54355000242818,21337.559558504447,64503.2038578002,24.049000001916625,317.9559999941028,21317.367466115968,64532.80171235793,-192.74148996134485,30.22950724536225,1.8196199981584003,1.2374793448790162,-0.834057888515481
23.54097778078585,21339.018518094217,64501.37497850563,24.055999994738823,317.9949999932681,21318.86053072108,64530.917673607626,-192.688376728004,30.16472128823668,1.8540799702307085,1.2657100729333504,-0.8431823460645771
23.500851116297685,21340.49051234181,64499.5276202447,24.08900000070352,318.04499999184003,21320.37694250533,64529.04494035631,-192.6244562511941,30.11873287419722,2.1173359838610097,1.5194924960657568,-0.9092231783545865
23.501879994233004,21341.94947364576,64497.69874162822,24.04600000704273,318.09399999378445,21321.87778680176,64527.172144532735,-192.5614841532938,30.05885712604082,1.9588320461150077,1.503016574753157,-0.8703121173729748
23.54766555188348,21343.408499303016,64495.85134003189,24.01100000700641,318.1329999925312,21323.378598642463,64525.29924771613,-192.5085123969399,30.014269435875413,1.6680040384425454,1.2643826341940365,-0.7926017267431638
23.53531889395061,21344.88049614355,64494.00398279758,23.98999999070455,318.1909999914432,21324.87947481175,64523.42654374497,-192.4365426336132,29.977070523276325,1.6368519483141868,1.7176890429031413,-0.7837969422613658
23.5178277749388,21346.33952352879,64492.15658188032,24.061000007164697,318.24199999150983,21326.38811109132,64521.55379556588,-192.3715996259859,29.92822864602767,1.9554200360132243,1.5469153185266855,-0.8694421060970672
23.522457789992608,21347.79855177256,64490.30918129376,23.919000013361263,318.3019999913785,21327.88895771321,64519.69222705733,-192.29774428224732,29.8930319070104,1.4275520041271592,1.7690710688197624,-0.721701794139957
23.410308892366448,21349.257453831106,64488.49882769813,23.952999989170603,318.3559999904611,21329.382040747965,64517.81945713798,-192.22975077097425,29.82218734034669,1.9536879484949594,1.626101123296086,-0.8690001109066584
23.48490332449888,21350.71648378742,64486.65142779648,23.973000005133148,318.4259999896994,21330.88296067285,64515.94687603434,-192.1457853257849,29.77784513778945,1.7571480502833638,2.003828188121979,-0.8172444408415582
23.46895556040502,21352.175451072948,64484.822551551886,23.926000002742448,318.4859999908769,21332.37602749913,64514.08528209008,-192.07190644418856,29.73163699018518,1.6453599924147368,1.7732328057373392,-0.7862119958642109
23.452493337696925,21353.634482744008,64482.97515232644,23.95499999217985,318.5449999919776,21333.869129986924,64512.21256378702,-191.9989159318212,29.691576877882326,1.8090239561385304,1.7455562320246742,-0.831231208093298
23.43397332714118,21355.106422084817,64481.146320805856,23.96600001009537,318.58899999373784,21335.3621833088,64510.339693849775,-191.94092547083733,29.64326878321313,1.9152960586350816,1.3869397870226243,-0.8591436644526934
23.496735555584024,21356.5653919347,64479.3174455811,23.87700000339219,318.6309999934339,21336.847410207018,64508.47789212504,-191.8850220150591,29.601284721654874,1.3689520121093979,1.3446386871612344,-0.7032903924872118
23.43757444886629,21358.024362634755,64477.48857069763,23.913000000749484,318.6709999947637,21338.332707516023,64506.59384137013,-191.8308944122089,29.54083183754591,1.711531986779501,1.2924584540561925,-0.8047339909430865
23.46278222015161,21359.483397738342,64475.64117282508,23.859000001900807,318.7029999943404,21339.817902823303,64504.73193900615,-191.7849921866176,29.51416191874361,1.4263840142971091,1.1041190783624386,-0.7213395623714121
23.438088892512425,21360.955276952285,64473.83086599964,23.882000005937297,318.7479999923873,21341.31092502385,64502.8701950629,-191.7261178601781,29.459708999545136,1.5980800083295363,1.4132070327553923,-0.7726902138940293
23.44734888357685,21362.414313773126,64471.98346881117,23.804999999254235,318.796999992761,21342.79617891888,64501.00846554902,-191.6632183927149,29.43315074028328,1.287544016438585,1.5128641607648465,-0.6768642504676492
23.494163325115743,21363.886258260143,64470.15463934838,23.90099998829917,318.8439999923026,21344.28146514316,64499.13560155108,-191.60220726093567,29.38919952434249,1.4646119874603358,1.462106179557128,-0.733098834484939
23.502908901460373,21365.33232642894,64468.30719876949,23.883000011634746,318.89199999425864,21345.76675561684,64497.26274800075,-191.5401970835525,29.346178510489224,1.3683279966277426,1.4860406853030692,-0.7030916669167124
23.393846670844784,21366.79130225021,64466.47832591386,23.82400000067034,318.9199999956334,21347.251942072937,64495.400806770165,-191.498299117062,29.30410427185852,1.5485519873719953,1.0078120644355468,-0.7582521305528991
23.44889221784024,21368.25027892631,64464.64945340474,23.842000004589448,318.9539999946205,21348.721622411504,64493.52775924661,-191.4502374034189,29.26151134947895,1.4151880322971508,1.1564789651291616,-0.7178577197100382
23.426256665075325,21369.709320034668,64462.8020579063,23.77200000496614,318.9899999935877,21350.206799271986,64491.67701424464,-191.4004541229885,29.24410164776577,1.2446760236069394,1.2018475765745773,-0.662523310195065
23.492105546377005,21371.181268807075,64460.973230149495,23.788000000463143,319.03799999227874,21351.684272656566,64489.815250123225,-191.33853370559387,29.21371820213973,1.0652200347100973,1.4923438849809245,-0.5989002466445033
23.484388900383266,21372.6402480475,64459.14435865449,23.740000007940985,319.0869999925853,21353.169494754267,64487.96463742165,-191.27575294313303,29.1810106526948,0.9201999872077892,1.515544068137678,-0.5425830803191928
23.438603321210817,21374.09922813568,64457.31548749933,23.72799999544584,319.13199999403287,21354.646959914386,64486.102843558656,-191.2168341356814,29.143382216471142,1.0418280272460778,1.42002160306141,-0.5901369893494011
23.54612223074509,21375.5712430791,64455.46813744948,23.773999994588976,319.16999999299526,21356.11661997681,64484.2409527057,-191.1648895421328,29.1326540566757,0.8203599498379873,1.2545065658124668,-0.5007878077711044
23.36966778760352,21377.03022488282,64453.639266971935,23.7710000063512,319.2239999915192,21357.59411701086,64482.37925061384,-191.096973030988,29.09508537166417,1.4447959874916465,1.6368039126144824,-0.7270279352786267
23.47821553904201,21378.48920753541,64451.81039683495,23.731999999396766,319.2729999933867,21359.07934270734,64480.52863919875,-191.0341958294464,29.06237581455634,0.9136240572771172,1.5154573492696233,-0.5399109002410939
23.459695570236764,21379.948254656498,64449.963003711775,23.786733752882576,319.3136196072272,21360.55058258817,64478.65519854699,-190.97952245915025,29.03396780809924,1.1773374575249207,1.3148162673926216,-0.6393580338626322
23.40773665697721,21381.394268599724,64448.134090148254,23.81200000846121,319.3629999906853,21362.01879217164,64476.78277237809,-190.91608884393065,28.985489447469977,1.4553480653424047,1.527105055927986,-0.7302672478917076
23.532232212827463,21382.86628785126,64446.286741808864,23.72300000676411,319.4229999931785,21363.496274736608,64474.93224685322,-190.84228864923728,28.97979709755229,0.68676405817193,1.7850847577462783,-0.44033701601900865
23.503423336448087,21384.31236712544,64444.43930559312,23.75099999264892,319.449999996426,21364.96594153127,64473.05913200121,-190.80123636339115,28.94531295125659,0.8912759623230045,0.9878332564771913,-0.5307471021925134
23.52348666763839,21385.7714176753,64442.591913819815,23.748000011077536,319.47799999571964,21366.427829944736,64471.18600114997,-190.7591587380414,28.92240166232304,0.8082480363809239,1.0145375918710273,-0.4955310383837631
23.479758892810672,21387.230405454706,64440.763045712425,23.66100000454485,319.5039999957802,21367.89741887888,64469.33510592538,-190.7193329834896,28.898217269216552,0.6524680022430388,0.9654156364969733,-0.4238804786716379
23.496221107039663,21388.676550927725,64438.89708717993,23.69099999704716,319.5309999966961,21369.35926756997,64467.47308015626,-190.67836947375,28.892677641886145,0.7012040040269938,0.9913383411976917,-0.4471451260447961
23.50393777897937,21390.13560405484,64437.049696419504,23.71599998185808,319.55599999342274,21370.828893069265,64465.6110609118,-190.6394330393039,28.87463749979335,0.7634239303633521,0.9403827276385793,-0.4757015332005771
23.51988554389574,21391.594658048813,64435.20230600279,23.808000021458103,319.6049999954205,21372.314164985502,64463.74933784104,-190.5765514558293,28.84808324911588,1.0372121192245076,1.512430276342892,-0.5883938588271137
23.60065333412173,21393.02783565668,64433.336304345794,23.559000004851715,319.6149999976352,21373.76813868325,64461.89822906199,-190.55267572419947,28.848794913637057,-0.1499519853720571,0.5811447711875573,0.05415728532610043
23.54200666496116,21394.48689136356,64431.48891459631,23.771999975754465,319.6469999946464,21375.24561104383,64460.02519356082,-190.5066562745245,28.81723529690636,0.8279759188558956,1.1051183267746232,-0.504071787660887
23.588306678402947,21395.920070686283,64429.62291360082,23.70700002376789,319.67099999791674,21376.71519858672,64458.17428005503,-190.4688357140043,28.80941206651268,0.4272960433137925,0.9168110513419141,-0.30443481472525874
23.43860333585338,21397.3532508565,64427.75691292678,23.6359999919818,319.68399999659425,21378.184750200817,64456.32325554903,-190.442015413388,28.80156025820448,0.7106279620623198,0.6501627412371188,-0.4515507257377261
23.58521997960919,21398.799402345,64425.89095672383,23.725999999498523,319.7149999953664,21379.662183723685,64454.46132546369,-190.3971109596017,28.78748473633697,0.5068080716016027,1.0823102998419474,-0.34906823018374616
23.60837000063201,21400.23264790469,64424.00643338887,23.65400000170004,319.73599999790287,21381.13176386793,64452.6103825894,-190.36229287885268,28.79519851450985,0.1642680038449086,0.8440321264920683,-0.13270762159801644
23.61608667027569,21401.652923854,64422.12186623095,23.739999987225307,319.7529999954684,21382.609152315334,64450.74831147716,-190.33138941014784,28.78224253668301,0.4460879410186266,0.7448721357017613,-0.3152499422030677
23.56001222950005,21403.07313697588,64420.25582271986,23.74800000596007,319.7869999966592,21384.08659854608,64448.88641274664,-190.28348779523307,28.75402926627372,0.6767559952560703,1.1545385727679973,-0.43557692533085446
23.552809996519624,21404.480507837696,64418.35268873657,23.71200000187488,319.79100000033617,21385.55616261568,64447.02418427423,-190.26555904732,28.7538280028234,0.573084019278923,0.4330181041433701,-0.3841479349308979
23.58264777396168,21405.88781586329,64416.46807838488,23.731999993935304,319.800999995524,21387.02574764088,64445.16201686202,-190.2416315390121,28.7383127564054,0.5376679919050517,0.577901083336176,-0.3656300492710338
23.59036444583608,21407.282217945267,64414.564900876045,23.768999996025173,319.83599999675886,21388.510982532367,64443.3001557161,-190.19275897614023,28.723084792158,0.6430879806807326,1.1755510056561131,-0.41930745591418184
23.57287333610361,21408.663714082235,64412.64315619258,23.762000008106742,319.84099999895824,21389.9805525899,64441.43793837864,-190.1738329584346,28.72491812796705,0.6808560192112821,0.45710430458958257,-0.43753114896428813
23.57750332680649,21410.032240570592,64410.72136764714,23.694000006225185,319.8599999963156,21391.45017039024,64439.57586304526,-190.14090862886653,28.72018701679833,0.4193880459073029,0.7951871093438277,-0.2998321530579733
23.62380333312475,21411.40076789775,64408.79957940378,23.70399999380095,319.8789999982098,21392.927533541184,64437.72492907405,-190.10812385451683,28.72107575732732,0.28870797843431006,0.7931246822283023,-0.21913794100502315
23.578017784901096,21412.75632556403,64406.87774728907,23.736999998666853,319.8889999974291,21394.389340313,64435.86273686593,-190.0841744588304,28.714366786844742,0.5723359695567254,0.5796002452544005,-0.38376204323854163
23.581104435895988,21414.098977267146,64404.93734797656,23.72700000088711,319.90999999773226,21395.866750116416,64434.00070925058,-190.04927923463777,28.708790060558123,0.5252240339680384,0.8410804993423455,-0.35900049625485037
23.63769333279859,21415.441693521418,64402.97842562776,23.71300000888152,319.9159999991614,21397.32080078504,64432.12733620497,-190.02919271939345,28.722379599924523,0.2711040338985399,0.4852910716325475,-0.20756591072901678
23.59242222767481,21416.75846958613,64401.01941520765,23.660999994113144,319.9279999972987,21398.77483421711,64430.26513875032,-190.003219766178,28.73254267630837,0.24687995917800407,0.6298423284433493,-0.1912977239518314
23.60271110601595,21418.075182745702,64399.07892839117,23.76299999153132,319.95199999498743,21400.221202449364,64428.38080744241,-189.9649973888438,28.71274877294612,0.5770399878553348,0.9218492928783337,-0.38618498484565716
23.620716668507644,21419.379053658,64397.10135102742,23.74100000272961,319.98099999821665,21401.67533277537,64426.50766807664,-189.92191484073035,28.72423656091405,0.43302000319907846,1.0408461813630248,-0.307747175291756
23.601682220428533,21420.68292539266,64395.12377392688,23.74700000495072,319.97899999964613,21403.11387121517,64424.61193333383,-189.90955410433304,28.725256152007645,0.5231440242798769,0.29759936813007015,-0.3578859773562383
23.63512110977834,21421.96085689076,64393.14610872913,23.681000005215136,319.99199999810963,21404.552422560777,64422.727465217176,-189.88230743378872,28.72361049618952,0.16516402357246848,0.6584513309674624,-0.1334243092209159
23.6047688945853,21423.225882398565,64391.149876278905,23.695999997784373,319.9979999991242,21405.97542418686,64420.83175907549,-189.8618962519289,28.73063464114595,0.32843197151666886,0.4933607834803913,-0.24456879677566373
23.58727777846444,21424.47793817319,64389.15359988988,23.68300000272447,320.00699999845136,21407.3906540462,64418.93605710325,-189.8384597843292,28.736133103518824,0.3446000073361063,0.5675968002058371,-0.2547180536606759
23.574931116475486,21425.71708794925,64387.13875623286,23.67700000012042,320.01999999688087,21408.79815370532,64417.0292548587,-189.8108857771484,28.74664822150689,0.3674479811217566,0.6665805535937092,-0.26881401431633883
23.53789111182102,21426.943204223466,64385.14239194687,23.68099999772345,320.0409999982791,21410.19789835064,64415.1225073468,-189.7752867567717,28.73966493964631,0.5151919892487555,0.8622415900984072,-0.353608037537735
23.54612222735334,21428.14350768465,64383.10889285711,23.689000003438807,320.0459999979707,21411.58210130927,64413.19331619384,-189.7554104154053,28.741705092114767,0.5143599939076794,0.4796166416424496,-0.35315888072711565
23.49210555551853,21429.343748163472,64381.09391731607,23.66699999500505,320.06399999919154,21412.97409315613,64411.2753978828,-189.72267434967404,28.734929361503085,0.6296199821514662,0.7914180236968117,-0.4126858323741242
23.53429000049497,21430.51817582189,64379.04180695463,23.711000006361683,320.05600000063424,21414.32716172092,64409.334855285946,-189.71558134150777,28.74847470880674,0.6361560211201678,0.17178828043796932,-0.4159075626414812
23.493648886231554,21431.679569910968,64377.008175923176,23.62899999716236,320.0649999978088,21415.688070788583,64407.39451142124,-189.6915165411143,28.73740568508553,0.48726399935090114,0.5817514278941922,-0.3383655932116688
23.570815548776537,21432.85399909406,64374.956065998886,23.723999998966143,320.07499999932645,21417.04120136416,64405.45415145626,-189.6664263218001,28.75371579046269,0.5514640206825817,0.6076780335186751,-0.37290439093301303
23.551781113959645,21433.98951732826,64372.903823656925,23.62400000929157,320.0750000002548,21418.36324493121,64403.49135551289,-189.6510064227529,28.747889222867265,0.25998802319493136,0.37332731649325807,-0.200126059050726
23.550237782693987,21435.12510007677,64370.83305819744,23.66399999165979,320.07699999872835,21419.693078731936,64401.52860657399,-189.6336138828167,28.756425496904203,0.4095439522768885,0.4203172246798508,-0.2940592792011453
23.4879900070338,21436.24764921496,64368.7807720471,23.66500000508337,320.0869999992726,21420.999592074582,64399.56585929202,-189.6081435972172,28.754400638540893,0.6372359929784522,0.618909843642328,-0.4164383989317679
23.47873000007009,21437.35729228461,64366.70991856291,23.655999991723583,320.08600000000945,21422.30614584361,64397.58077193205,-189.5934490202594,28.74452790369296,0.6381719699525732,0.3542746861980631,-0.41689811469471627
23.47409999911908,21438.45402927753,64364.62049772808,23.726999999278625,320.0870000006884,21423.5893590208,64395.5956255285,-189.57667635334155,28.757196685608967,0.9104400005743642,0.40654716848756756,-0.5386131006716272
23.496735550665264,21439.563673807865,64362.54964462581,23.65700001069735,320.0750000023315,21424.8570404884,64393.58806579816,-189.5726265692036,28.746304786182733,0.5769520561155063,0.09772778058450551,-0.3861397733984274
23.50856778224729,21440.634471068533,64360.46013572554,23.64899999407832,320.06400000064343,21426.11690515104,64391.591604474364,-189.5676636262769,28.75008102796729,0.505555962591707,0.12045149691228824,-0.3483876025185433
23.47615777432585,21441.70526903576,64358.37062700743,23.701999992128712,320.0590000025121,21427.361301806617,64389.57292194285,-189.55642464534168,28.741412392441497,0.8130319840903099,0.2715432547865392,-0.4976123932984039
23.53326110900625,21442.76316091127,64356.262550923006,23.72800000076889,320.03000000507865,21428.574564400024,64387.531661814304,-189.5688551965176,28.73764067159023,0.7010600103455034,-0.2999284537250607,-0.4470775817518235
23.49416333686249,21443.795112270007,64354.154386547205,23.679000015442305,320.007000001292,21429.787847894346,64385.490462596055,-189.5752869841069,28.724235132470213,0.6654120428873412,-0.15519206212548628,-0.43013969131321866
23.516284440304464,21444.827064321173,64352.0462223441,23.60399999489343,320.00600000087815,21430.977857787853,64383.449406483385,-189.5596417820635,28.72142910323593,0.31577599652028426,0.37940341653138415,-0.236540710658553
23.52040000086685,21445.83313963065,64349.91944651622,23.70399999337883,319.9950000007581,21432.160090443384,64381.3971084229,-189.5538582780232,28.719024945187435,0.6609599730431256,0.13990937349702137,-0.4279935178110272
23.520399998764525,21446.839215619788,64347.79267085061,23.651000009810144,319.99100000304617,21433.334564619043,64379.34485482927,-189.5410496740198,28.7207796017902,0.4701600397642281,0.31036319755421715,-0.3288587075516407
23.53120333239969,21447.819414846355,64345.64728354378,23.638999997550783,319.961000002834,21434.50116961048,64377.29231209468,-189.5542141034886,28.73341649399377,0.38806799454393115,-0.31947775987551325,-0.28129496916905977
23.531203333294645,21448.786644103944,64343.50185214487,23.672999989791823,319.9600000000032,21435.63681823981,64375.21772753642,-189.53805107377528,28.73387062522017,0.51046796338984,0.39155518762578245,-0.3510537750646851
23.527602224981408,21449.74090338578,64341.35637665317,23.703000013633307,319.94600000411185,21436.76467953248,64373.13187068512,-189.5347495713691,28.72294285846501,0.6314320391468385,0.07977282139417974,-0.4135805940072993
23.5111399983082,21450.669285852466,64339.19228949244,23.571000002996488,319.9220000011752,21437.87694253812,64371.045859901824,-189.54139563195253,28.726287234384127,0.21549601687784162,-0.16107770648942796,-0.1696442513795751
23.55795443437385,21451.597668954662,64337.0282024694,23.65899999478489,319.93099999814257,21438.98153425871,64368.96015635786,-189.51501806136585,28.733897736800927,0.36376401747973547,0.6403254276574939,-0.2665603836198019
23.58933556125936,21452.51314587436,64334.845548008576,23.568000019253912,319.9330000011467,21440.0705760109,64366.8632146263,-189.4954759785997,28.7503787526512,-0.07680795121961666,0.4738521962353922,0.028478354015420388
23.525030002528315,21453.40261828345,64332.68132850016,23.52099999228084,319.9279999986656,21441.15955672482,64364.77731688711,-189.4830465993081,28.75178345972321,-0.014508036890913446,0.30264724089273337,0.005500707422794198
23.579046655621585,21454.29215513428,64330.49858580037,23.59899999727499,319.9439999990911,21442.22533694066,64362.66932286669,-189.44931569459428,28.75934261170049,0.07183202995225883,0.8181302325203204,-0.06096231948480228
23.61557222185717,21455.16878577413,64328.29727564723,23.54600000702495,319.93600000125844,21443.275433545663,64360.57214793466,-189.4396437379514,28.79649994404076,-0.2504599733959935,0.23627609523872697,0.08742541301272977
23.60219666842896,21456.01947568564,64326.09587710085,23.55199999643273,319.9399999977286,21444.302299419986,64358.452785738926,-189.4176697551757,28.813104426267103,-0.18070801918642446,0.5345926921225141,0.0645880395856526
23.60528333142389,21456.85719551508,64323.89443441365,23.55000000537955,319.95499999900034,21445.321458432587,64356.32239377527,-189.3845586760109,28.81868356568861,-0.1990199737596214,0.8032620739838069,0.07068528810330418
23.59911000731132,21457.68200909212,64321.67442425223,23.511000001091908,319.9539999997671,21446.324960629867,64354.20290174715,-189.3675069779948,28.85409116363035,-0.3171960223898864,0.4166106439682142,0.10832078776542556
23.543035557120945,21458.49378872104,64319.472893256585,23.52200000325105,319.9629999982174,21447.313008117177,64352.0612287429,-189.3401795451629,28.85300371056991,-0.07572799393161632,0.6638156130248798,0.028071779113452225
23.588821102315176,21459.292662074728,64317.25279478968,23.47300000354545,319.97299999854243,21448.28545581549,64349.93062745359,-189.31191244072252,28.8818696889296,-0.4169559555710109,0.6914964354600207,0.13819061852837525
23.61711555478013,21460.07862914785,64315.014128829855,23.49699999416868,319.9809999992551,21449.24240850405,64347.7777239072,-189.28536892578165,28.90908344527591,-0.43241601820122927,0.6454859204601426,0.14267027494559872
23.60013889553189,21460.83859153209,64312.79389775586,23.508000003511448,319.9810000007203,21450.191552220203,64345.62471311674,-189.26679943403428,28.91408239210705,-0.33170001127359683,0.4521709713345285,0.11277153003869246
23.56104111134881,21461.585647597018,64310.555099186815,23.467000005718926,319.9799999983302,21451.12512768381,64343.471639274,-189.24917796372063,28.93868972856354,-0.3385479802675832,0.43021706715983343,0.1148597385237671
23.58521999933287,21462.33270419572,64308.316300702565,23.460999995424363,319.99399999992715,21452.027661331555,64341.30749636963,-189.21634043464817,28.96317259706625,-0.44719201407063025,0.8023412612993946,0.14691619521266727
23.58573443540529,21463.040849188284,64306.077369495964,23.500999996785367,319.98599999917667,21452.937904515053,64339.14315786826,-189.2055289280264,28.97478635873047,-0.3050439790317185,0.26382477385798525,0.10456216274556006
23.63820778998889,21463.74905853828,64303.819915047214,23.48100000815185,320.0109999954657,21453.824949080383,64336.967958690446,-189.16152879115103,29.0017448390388,-0.5659480146133475,1.073054229392124,0.17985238608148427
23.49776444550104,21464.444297675567,64301.562416402274,23.443999997111487,320.02799999943403,21454.704184615748,64334.79265224753,-189.1255026611763,29.028288677749124,-0.19355201420239468,0.8796844861321619,0.06879860062244
23.63614998451116,21465.12656658129,64299.30487355935,23.48600000107605,320.0240000007529,21455.56782297169,64332.605966112606,-189.1103112436187,29.04581280089581,-0.5405399403663964,0.37021310843224964,0.17297589163567081
23.60168223482832,21465.79592911248,64297.028763190254,23.4360000022966,320.02000000126907,21456.42364083103,64330.43036809573,-189.09520644739632,29.091598376150788,-0.5964560371141999,0.3701779227183293,0.18799374126878288
23.55641111323147,21466.4392867807,64294.771087654,23.46899999763669,320.01299999928176,21457.26396022969,64328.23245768037,-189.0828252296086,29.096540192928074,-0.31468001614120594,0.301471879674153,0.1075448190639993
23.565671106758515,21467.10858638772,64292.513500748406,23.447000002046675,320.03099999648856,21458.08879857932,64326.03474679762,-189.045393487952,29.113549354694424,-0.4272159769626242,0.9135631575114085,0.1411678045576303
23.594479997598853,21467.75200885769,64290.23730203035,23.45400000115611,320.04799999848444,21458.89806855035,64323.83697279148,-189.0089097350204,29.1466564466648,-0.5057279871938732,0.8924699673137183,0.16340732400990118
23.596537777390555,21468.395431787827,64287.96110337413,23.44299999519629,320.05699999748333,21459.699529421046,64321.63909151316,-188.9803999881605,29.18254739183668,-0.5527360158993603,0.6982017179521229,0.17628775208812444
23.57596001256168,21469.02582054777,64285.70338381991,23.50199999576052,320.075999998573,21460.4777526448,64319.419002556766,-188.9415881653717,29.182357764857866,-0.266256060484173,0.9451722626529918,0.09237950016463727
23.485417779581702,21469.68215127508,64283.44575290419,23.47400000735317,320.07699999892816,21461.263698769097,64317.19875844415,-188.92080260859825,29.187005125135364,-0.04110398002272007,0.5056340296706825,0.01540150361174848
23.52863111333855,21470.3126048262,64281.16951016017,23.44500000132925,320.090999998739,21462.018557873864,64314.97853947169,-188.88691301044568,29.211516454107155,-0.30107200323348027,0.8279606040995502,0.10332770298340578
23.440661121206304,21470.94299494429,64278.911790799495,23.44200000221477,320.090000000067,21462.781111622844,64312.76931021388,-188.8681619670858,29.227402433261428,0.004819971630473674,0.45968005808793677,-0.004234833989150221
23.42882889268389,21471.573385514097,64276.65407150077,23.4279999977262,320.0949999991323,21463.51263143342,64310.53780628263,-188.84308222900304,29.22934451172278,-0.00298402184767923,0.6118809760857512,0.0011333900402836184
23.36452334346904,21472.19074187007,64274.41483129741,23.47299999247037,320.0940000015469,21464.23634878355,64308.3062152768,-188.8239766022129,29.212329387916256,0.3905159364047961,0.46659961027642777,-0.2827618662184287
23.327483336136588,21472.808162548023,64272.157067838496,23.47800000913689,320.08399999979787,21464.952253589065,64306.074506909776,-188.8138449214896,29.215341140443567,0.5418600228010817,0.24768229649669024,-0.36784874891140246
23.31205000305932,21473.41261287917,64269.89926013912,23.404000003080444,320.092000000192,21465.66043654556,64303.84295382242,-188.78568870250749,29.21767624028215,0.3310200000760503,0.6890205471994167,-0.24620329743453875
23.27449556516237,21474.0169997482,64267.65997581985,23.456999988310127,320.08299999989936,21466.36081838354,64301.60008803696,-188.77439386694664,29.19293506444518,0.6570159233319303,0.2754171931700895,-0.42608641412828707
23.227166664662786,21474.621387046205,64265.42069156461,23.484000006422896,320.10099999602573,21467.04576409403,64299.34632726383,-188.7359364939453,29.16116828746789,0.9246000303363971,0.9353462634043173,-0.5443649950216788
23.257004450988504,21475.212867861508,64263.16283974317,23.423000001791248,320.1160000006557,21467.722879057743,64297.10362424543,-188.7005654935897,29.15739899516704,0.5975839828898799,0.8650116429337978,-0.3966650582996805
23.151543344353843,21475.81719211165,64260.94207891789,23.46099999710957,320.10300000042486,21468.40768326194,64294.86066516568,-188.69322019727463,29.118457835021616,1.1140439499206196,0.17945526578603985,-0.616823581073931
23.157202218041093,21476.421580683087,64258.702794835706,23.45199999627123,320.1159999976419,21469.06922679833,64292.61788895304,-188.65979797943828,29.1028920500002,1.061272001628494,0.8188919131807468,-0.597429378777848
23.13405223606604,21477.025969682247,64256.463510805625,23.49500000197084,320.12799999736217,21469.730844097587,64290.35287359952,-188.6271523942588,29.065656893707708,1.2994119572572813,0.7926263809766325,-0.6807812610973876
23.05791443945361,21477.61732438792,64254.242705853445,23.433000004689184,320.1469999984721,21470.37688137919,64288.098990379,-188.58756731474804,29.021843059522748,1.350308034848061,0.9672440195993568,-0.6973280141768177
23.17006332268007,21478.20874340793,64252.00337764027,23.460999995085785,320.1479999994424,21471.030641483776,64285.844952081374,-188.56600850487388,28.99446932511336,1.0473720206605819,0.5263015506851135,-0.5922245022646263
23.12427779448367,21478.80016284524,64249.76404947759,23.46599999959885,320.15999999770696,21471.66109047272,64283.590945167576,-188.53337191628253,28.97202953777993,1.2301999384146443,0.7988913346406836,-0.6576106195941345
23.05482777525981,21479.39151879625,64247.54324469413,23.46900000279675,320.1699999994863,21472.29935437137,64281.325830143214,-188.50265043074543,28.91900745754291,1.4910200191329879,0.7479261621712395,-0.7411086977453415
23.119133329094502,21479.96996822822,64245.30387234035,23.437000002729263,320.1709999992237,21472.9297672964,64279.07171230848,-188.48101494601883,28.89393345609152,1.144320025085139,0.5295992263062432,-0.6276984378351753
23.080035563296,21480.56138891052,64243.06454434702,23.44899999561288,320.1849999966333,21473.560262693933,64276.806611199296,-188.44626900271115,28.86074351728352,1.3282719563407654,0.8466481434854635,-0.6902131837955694
23.05740000203485,21481.139839165007,64240.82517209688,23.45700000552084,320.2059999979524,21474.17517801524,64274.5526421925,-188.40458352428791,28.839058407314305,1.4385600125495628,1.0221739307569981,-0.7251065202134653
23.05997221568797,21481.71822591294,64238.60432322253,23.4020000042008,320.2109999994499,21474.79007833686,64272.28739719609,-188.37878594554985,28.78820584363532,1.231300038646188,0.6296953272983611,-0.6579852224182406
23.09238223002937,21482.29667697949,64236.36495108128,23.41099999910225,320.21300000098864,21475.39714781093,64270.03320995223,-188.3560746844141,28.76793793855989,1.147023968662367,0.5573861535050907,-0.6286610333493627
22.991036674083013,21482.875064539152,64234.14410231308,23.403999998453784,320.2049999993935,21476.0197881804,64267.76786045625,-188.3433045334671,28.7154764738268,1.4866679677347776,0.31143321958145365,-0.7397949080711373
23.02550443812113,21483.453516418624,64231.90473027872,23.42999999822648,320.21899999864104,21476.626937201483,64265.502679877136,-188.3084836353841,28.68446296831045,1.456184016379271,0.8506722270529712,-0.7305232319425458
23.01521556216105,21484.04487565868,64229.68392593058,23.4160000030539,320.21899999952245,21477.22621838163,64263.24844604499,-188.287748413671,28.65012551178087,1.442823987214257,0.5093216801902343,-0.7264208977239441
22.982805555355693,21484.62326443973,64227.46307732428,23.39600000540444,320.2289999986101,21477.83335481905,64260.98322520506,-188.2569290137409,28.60092376832588,1.4875000201754844,0.752916439288689,-0.7400462753121275
22.99000778371921,21485.201653621567,64225.242228770185,23.354000004225835,320.23199999997934,21478.440429822367,64258.72904833617,-188.23322211244653,28.5625706279235,1.310371993823847,0.5818219278654828,-0.6843786196972832
22.917471117992672,21485.79301409244,64223.02142458531,23.37499998748284,320.23100000054137,21479.031964386577,64256.463663448536,-188.21335095040592,28.51883839332761,1.6471039301646073,0.4862623396650174,-0.7867060537291662
22.92467333031173,21486.384311055168,64220.81914378084,23.44000000571905,320.2220000025165,21479.63125536244,64254.19822447782,-188.2015066312857,28.4553489097446,1.8551760314663497,0.2895935879041394,-0.8434708798846138
22.915927783698965,21486.96270145829,64218.59829538848,23.32400001339206,320.2030000024384,21480.23047480312,64251.94379922674,-188.199774630324,28.41831127443769,1.4690600268951373,0.04254137064527722,-0.7344543667936615
22.87528666902969,21487.566970132983,64216.396059015526,23.335999989196672,320.19400000078235,21480.82194539389,64249.68944835586,-188.18801761723904,28.3697679193994,1.6585679526011319,0.2890271600552041,-0.7899456802163354
22.88197444490169,21488.158332260704,64214.175255055605,23.377000005115143,320.184000003294,21481.41345138633,64247.42397290638,-188.1771493882113,28.32595844968508,1.7820920167684293,0.2659491130604956,-0.8240009300547795
22.855737782700302,21488.73665995804,64211.97293014645,23.30600000435325,320.1620000009749,21482.004879107568,64245.16949100857,-188.178393356656,28.272238285822247,1.6209439979506157,-0.030579689531564497,-0.779260146501208
22.83516000168032,21489.32795896752,64209.7706496176,23.331999998474583,320.1660000012052,21482.58861176044,64242.91524488549,-188.1536132076856,28.222817686436247,1.7886239884593522,0.6096991676860212,-0.8257606314808876
22.823842225454182,21489.91925838969,64207.56836914362,23.309000000356765,320.1450000021302,21483.18008202485,64240.64965865679,-188.15374693984376,28.160749605576648,1.7465679896492958,-0.003272355886796872,-0.8143608417499127
22.783201120739808,21490.510558221176,64205.36608872622,23.326000002898564,320.14200000146803,21483.756009067933,64238.39531544416,-188.1359416688312,28.112812873574065,1.9540759757715223,0.4384432956393031,-0.8690991478268422
22.72301111639821,21491.1018584636,64203.16380836308,23.27700000297855,320.123000002262,21484.347448533663,64236.140864074245,-188.1341892225467,28.06167341174866,1.9943599916892183,0.04307976535293585,-0.8793193968554509
22.7219822200014,21491.693095174825,64200.98005137607,23.290000001992887,320.11700000115457,21484.93893213129,64233.88654389932,-188.1194383700524,27.992498695408464,2.04486401516935,0.36262820205099294,-0.8917321467094816
22.71220778641741,21492.28439623576,64198.77777112647,23.24900000212005,320.1040000019878,21485.538137169657,64231.643294322814,-188.1118263948033,27.950776836852217,1.9324519765295036,0.1878343881228769,-0.8635623611165659
22.637098896165533,21492.875633762724,64196.594014249225,23.26200000258695,320.09300000208765,21486.1296047916,64229.38892384047,-188.10207696319983,27.88156211972344,2.2496439831171076,0.23967277661718053,-0.9404077553891583
22.636069997785768,21493.46687169657,64194.41025742857,23.20800000666404,320.08100000039326,21486.736558595207,64227.15682562276,-188.09360516582427,27.83104609400016,2.058948031961781,0.20984216615649867,-0.8951561499894949
22.62629556217752,21494.05811003756,64192.22650066631,23.191000003894835,320.0869999991384,21487.33582879338,64224.91376786452,-188.06699681308032,27.771342526383428,2.032935990182331,0.6566134695723852,-0.8888225426935066
22.567134452341666,21494.64934878496,64190.042743956175,23.15200000390891,320.09199999791423,21487.935096053297,64222.670700072325,-188.04138925188823,27.711630252241893,2.1055159856420786,0.6319165784309145,-0.9063916184616967
22.53266667215313,21495.240523989098,64187.877510624814,23.13400000708524,320.1129999970633,21488.526596258664,64220.43888164072,-187.99986896249249,27.64634879208765,2.164800005755599,1.030235469832884,-0.9205150092677165
22.503343333270507,21495.818792588136,64185.69370968796,23.076000003209767,320.1249999984345,21489.133632477555,64218.20702568613,-187.9674018887655,27.59347952386839,2.0615640117813356,0.8042176487378347,-0.8957907733749932
22.522892221550705,21496.39699762849,64183.528432125975,23.09799999687743,320.1379999975288,21489.72510662191,64215.97512666954,-187.9338828253632,27.525550809110733,2.070387991176209,0.8317080552909417,-0.8979283332663581
22.501800003469416,21496.975267019752,64181.34463129679,23.079000007887224,320.1569999965064,21490.3321288728,64213.75445594782,-187.89452978417373,27.48365182911634,2.0779200159041085,0.9793246010714991,-0.8997491836871162
22.49254000096523,21497.553472852866,64179.17935383968,23.031000002888035,320.1730000000913,21490.93914146465,64211.533755022414,-187.8581774033191,27.423577268473267,1.938456006922094,0.9046538016009056,-0.8651033087811079
22.47453444984685,21498.118772057816,64176.9955087734,23.0300000034552,320.1649999993903,21491.54607375704,64209.31281215803,-187.84582450453243,27.378909336232013,1.9996759929900605,0.3074045772911718,-0.8806591498459679
22.434922226561085,21498.69697867489,64174.830231420055,22.979000007569685,320.18499999674384,21492.153100656884,64207.092151665456,-187.8054740247728,27.31889787698125,1.958680011630959,1.0041452213984619,-0.8702733696819298
22.41588778241473,21499.262214699083,64172.66490977602,22.955000001296582,320.1949999996213,21492.75231140078,64204.871363797,-187.77509735629704,27.25779240238789,1.9408039879746752,0.7566074386514493,-0.8657051611876363
22.387593332554808,21499.827451107176,64170.49958818132,22.94900000125864,320.19699999916463,21493.35145728549,64202.66160987495,-187.75283300623508,27.20753168710455,2.0210640073337944,0.5571484752307262,-0.8859175724881607
22.421032218296304,21500.39268789864,64168.33426664175,22.931000004888936,320.20699999811023,21493.95063050061,64200.45193666183,-187.7225699326845,27.157363004960885,1.8358840317334768,0.7573136311753247,-0.8383772439590647
22.41331556002456,21500.970960050272,64166.15046617688,22.88600000862937,320.21300000091253,21494.549790677003,64198.24222317309,-187.6963074533324,27.12785179665896,1.701664014977314,0.6572006486017712,-0.8020005498776992
22.370616676279344,21501.523162644942,64164.003623705066,22.84400000122173,320.2010000010395,21495.156673677546,64196.03235488588,-187.68807123892643,27.05534876287239,1.7041799697925897,0.2059175159060666,-0.8026984063201559
22.32225888852313,21502.088400594806,64161.83830231824,22.85300000189769,320.19900000147123,21495.7479864465,64193.83364881546,-187.66989542327212,27.017526715697805,1.910668008148417,0.4573793259423903,-0.857947660366874
22.3587844418244,21502.640667912296,64159.67293662383,22.82100000193801,320.18799999915024,21496.347090681807,64191.62376413383,-187.6606344604689,26.96477380437319,1.6639760164089936,0.2317429407776728,-0.7914690818091923
22.3135133482664,21503.21887764916,64157.50765968676,22.813000009059373,320.2049999991196,21496.93068523056,64189.42522308952,-187.6234349010628,26.93109616140779,1.7981519788546976,0.936917963786228,-0.8283204251200423
22.217826675433034,21503.77108175728,64155.36081741237,22.73900000018152,320.1930000020288,21497.521965583408,64187.22641639361,-187.61526097031728,26.87257075421861,1.8762239690945464,0.20568565546490283,-0.8489919302804781
22.216283328788027,21504.32328623473,64153.21397519037,22.80599999349101,320.18500000210776,21498.105515205603,64185.01650892088,-187.6029497284948,26.80465750861709,2.1229799929307407,0.30860965986234384,-0.9105724332537383
22.223485562324576,21504.875555064104,64151.04860969294,22.77300000995749,320.1690000007595,21498.69678291373,64182.81766203513,-187.59877720972028,26.764330859869705,1.9782520114784845,0.10499435594192741,-0.8752472084232505
22.151463341109324,21505.440667347684,64148.92033524173,22.72100000642705,320.1710000014018,21499.2725456398,64180.61894340957,-187.57655360684265,26.69314919888673,2.050331995143819,0.5602110605483064,-0.8930629504748048
22.14786221970716,21505.992872951283,64146.77349316496,22.69999999848823,320.1450000048638,21499.86374212633,64178.43111042115,-187.58249403934124,26.645479915933343,1.9876960036118518,-0.1501833711041226,-0.8776370136050895
22.14168889574645,21506.54507892767,64144.626651136525,22.70700000616325,320.11500000534267,21500.45496394069,64176.232122644346,-187.59232317225053,26.586881330540447,2.0351199975004692,-0.2473187103773307,-0.8893559639264084
22.08098445081396,21507.084314224503,64142.47976479224,22.638000005836872,320.0830000027494,21501.030575075096,64174.04417612171,-187.6042119736531,26.53969228640801,2.00525599808248,-0.3010842077268777,-0.8820352379192653
22.06709444700201,21507.636456952507,64140.35144617981,22.64300000042089,320.07800000096216,21501.606277459487,64171.85650175008,-187.58910310154647,26.476963559605323,2.073259992307972,0.38267100553200334,-0.8986230373670582
22.033655561094942,21508.188664043853,64138.204604294646,22.6040000083916,320.0590000046326,21502.174150135368,64169.66865974963,-187.58796777879368,26.433750377214388,2.0532400102679715,0.02877851472536411,-0.8937699456009573
21.99970222903131,21508.727836450213,64136.076241409806,22.559000005341808,320.0250000053216,21502.741934332866,64167.491781224366,-187.6019442861125,26.38073116735564,2.0134719947177913,-0.35595070080243235,-0.8840550783366254
21.93951223348936,21509.279980286068,64133.94792294018,22.527000006284407,320.0000000017031,21503.309787589656,64165.30387890268,-187.60681023650287,26.31926025387293,2.114955982062169,-0.12334052601307247,-0.9086536748670736
21.89835666221452,21509.83206049973,64131.83812784051,22.499999997111,319.993000002838,21503.869880426497,64163.12724594768,-187.59376339923776,26.252103590657832,2.165916005627327,0.3325949225335069,-0.920779040424656
21.95494555487437,21510.38420507713,64129.709809470536,22.51700000994565,319.956000007535,21504.437655677422,64160.95033740491,-187.61074212622088,26.20144706426845,2.023396038256608,-0.4324027943644019,-0.8864889186460817
21.898871118047232,21510.92337893985,64127.58144677582,22.394000012725133,319.9160000030598,21505.005382830503,64158.78451326531,-187.6308333438621,26.15931416605052,1.7824640208404432,-0.5141190425072969,-0.8241012531786366
21.871605567494544,21511.47546025232,64125.47165181692,22.391999997697805,319.9120000008292,21505.549920897563,64156.60785749124,-187.61473613051845,26.09503621133936,1.8734199487317398,0.41104946724039165,-0.8482585627130045
21.77077444970273,21512.01457084252,64123.36181253975,22.372000006779512,319.89400000392243,21506.109939841976,64154.44222850843,-187.6128036942052,26.03632285899925,2.1644120054764104,0.04949800777617341,-0.920423197968955
21.79443889204122,21512.553681786536,64121.25197330585,22.32100000840052,319.8680000040673,21506.669932239296,64152.27651899675,-187.6188715979412,25.977538600422005,1.8956200188934802,-0.15541982239439134,-0.8540469750885368
21.719330006219067,21513.10576419125,64119.14217849001,22.283000001282566,319.84800000134214,21507.22990682025,64150.12198454683,-187.6190524677567,25.932111936287704,2.0292119822285968,-0.004655228822644401,-0.887912288052085
21.722931116563025,21513.64481185518,64117.05086267133,22.28000000567101,319.841000003209,21507.774397892208,64147.95641332366,-187.60607007406,25.858143957023355,2.005448000788745,0.33311102458703024,-0.8820824913284009
21.619527796479243,21514.183923876262,64114.941023577776,22.209000010711907,319.80700000503504,21508.33428769832,64145.81285252168,-187.62036354667168,25.821140427363897,2.1220999712375916,-0.3696472721362106,-0.9103621739368376
21.53207223133032,21514.735879355616,64112.8682755471,22.170000003028026,319.79000000055095,21508.886452085902,64143.669436411445,-187.61763228517265,25.751671565879725,2.2965399781117357,0.07070119248015298,-0.951256399348812
21.47908445508922,21515.27492808796,64110.77695986728,22.13600001136482,319.7910000002565,21509.42314977803,64141.51503386237,-187.5967380396068,25.690134264910537,2.3648960025921584,0.5391818968327838,-0.9669011653517829
21.401917787058306,21515.813913162445,64108.70416755034,22.0520000067842,319.780000003107,21509.97529669789,64139.38279284224,-187.5881204742197,25.62927299858091,2.340295991013224,0.22416878227731846,-0.9612927943754691
21.362305562497426,21516.35283457678,64106.64989860526,22.037000007879964,319.7600000018378,21510.53519672353,64137.25048785652,-187.58852964075805,25.54869134837043,2.4289000033771386,-0.010633962004313728,-0.9813859893953453
21.28256668556933,21516.8918203533,64104.57710638196,21.970999999667548,319.75999999891656,21511.07959838544,64135.11833111241,-187.5688877566204,25.489360434712385,2.4783599307535895,0.5114002950564437,-0.9924817393011387
21.16681667575888,21517.430678452416,64102.54136084487,22.023000000013933,319.7610000020248,21511.631786816608,64132.98621110711,-187.5482731571347,25.39219339921032,3.08225996731819,0.5362607716582329,-1.1201111624196511
21.15961444676871,21517.95662977308,64100.48704765359,21.94100001433586,319.73800000328623,21512.16829033593,64130.86491076245,-187.551716828248,25.3244149580975,2.8129880432417367,-0.09017333987136941,-1.0630880078943663
21.089650017765976,21518.495488556942,64098.451302209054,21.87800001059605,319.7220000031054,21512.71260081913,64128.74370759389,-187.54818812305416,25.23944899940966,2.8380599741882677,0.09232262680288585,-1.0684075803621127
20.99139111656493,21519.03434769036,64096.415556813925,21.808000005614872,319.6950000044479,21513.249053177595,64126.63348164073,-187.5557448728857,25.1667452525938,2.93979200057979,-0.19885134230783716,-1.0899159186451346
20.99293445021405,21519.56023601439,64094.37976707454,21.793000006806523,319.67200000255434,21513.808868497108,64124.52337590706,-187.559382025982,25.08738147458768,2.880236003732898,-0.09545738975590663,-1.077338042508787
20.887473353518715,21520.09903180944,64092.362545086005,21.720000008426453,319.6570000031552,21514.36088967301,64122.42443871412,-187.5551056925417,25.00463565681021,2.997095957667858,0.11289402937252127,-1.1019902919376299
20.769665573654308,21520.6247927626,64090.363802076026,21.68800000869001,319.636000001693,21514.905107951632,64120.32541454132,-187.556803287158,24.902672274031826,3.306003966128532,-0.044855087701902614,-1.167764196026977
20.671921119576304,21521.15055404531,64088.36505911194,21.60400001119372,319.63300000132307,21515.45713184824,64118.23771283942,-187.54064089539503,24.810368248944314,3.355484009822695,0.4288217368110566,-1.1783418804115833
20.654944446275067,21521.67631565741,64086.36631619161,21.565000004209143,319.61900000098643,21516.001336009977,64116.14987381076,-187.53545214018683,24.719394757349697,3.2762000085626726,0.137788955172627,-1.1614028741068747
20.626135561247114,21522.215048775182,64084.3676177087,21.525000009033928,319.6210000003617,21516.53781134589,64114.06216929116,-187.5142385385448,24.63239022160943,3.2359120120325287,0.5638565788235058,-1.1528135615367632
20.57314779154878,21522.740747025146,64082.387398192375,21.446000015480163,319.6070000031946,21517.081977804835,64111.98544491645,-187.50916301871868,24.53413411679784,3.1422680061529746,0.13545768515935372,-1.1328776938005742
20.481576673645733,21523.26644560307,64080.40717872631,21.366000003575834,319.58600000326646,21517.633865701577,64109.91979130951,-187.51122607925137,24.44530342387852,3.1839239877483636,-0.05528468831039879,-1.1417422566156354
20.45791223455091,21523.77917332226,64078.4269149058,21.3530000138266,319.56300000437625,21518.170181082914,64107.85406436794,-187.5152367847085,24.35693441271768,3.222316005392476,-0.10767261953608875,-1.1499170168847117
20.33135890306601,21524.304808513447,64076.46521884245,21.21100001383816,319.5330000040937,21518.714179479008,64105.81052275319,-187.52649781828163,24.273098175683497,3.1667079987797337,-0.3051026986381826,-1.1380781344284796
20.30820889012857,21524.83044403144,64074.50352282749,21.195000004991662,319.51100000366,21519.25824357738,64103.75594718518,-187.5296482482751,24.178410782012246,3.192448013507138,-0.08492847573455174,-1.1435567795989312
20.26911112118763,21525.356079873964,64072.541826852976,21.11100001312861,319.4780000070798,21519.80219414904,64101.72349005091,-187.5440222746413,24.10547278942011,3.030800010987524,-0.39142730451027674,-1.109160103205415
20.194516678428744,21525.88165200249,64070.59865424205,21.06800000204834,319.43700000272406,21520.338373458177,64099.679811282775,-187.5662583209784,24.00475691248152,3.1445399650305434,-0.6029713390763421,-1.13336108590065
20.11117668360716,21526.394253247043,64068.655437277775,21.059000003069382,319.43000000454407,21520.859101458347,64097.63642152996,-187.5544440103529,23.90483610443163,3.4121639500640044,0.32100550064655475,-1.1904899799610715
19.969704470437826,21526.90685480393,64066.71222035016,20.990000022300208,319.37700000726454,21521.402947269336,64095.614877845546,-187.58893074794696,23.822042900599524,3.6730639867045767,-0.9437981052195796,-1.2470443802933202
19.823602236376484,21527.41932858539,64064.806050105246,20.828000016235908,319.3520000030332,21521.923538477145,64093.59353614171,-187.5953403053781,23.70738919135169,3.615832007493927,-0.17593961210434184,-1.2345284348517502
19.754152240838405,21527.931802675623,64062.89987990321,20.808999997781488,319.33000000267737,21522.459667872463,64091.5833925137,-187.59891542124456,23.600824559930768,3.797451924995099,-0.09846073521312508,-1.273978863180612
19.61010778932463,21528.43124180653,64061.012188657616,20.78100001472129,319.31700000268205,21522.988044832644,64089.57331288295,-187.5934652397671,23.47518203402384,4.215212011427975,0.15024869783286576,-1.3601294963818409
19.57358224213907,21528.917774054207,64059.105929725134,20.65800001423259,319.2950000030255,21523.5163149666,64087.58537183084,-187.5972386878668,23.38714168260639,3.903903979536672,-0.10510904577167493,-1.2965932239200497
19.36163113657385,21529.41714972279,64057.23676187378,20.613000007234035,319.27500000494075,21524.036847490534,64085.58630977688,-187.5988746992201,23.25558036880268,4.504927934376673,-0.045377147583863214,-1.4151179423169702
19.26491557882838,21529.903490402365,64055.38607297535,20.539000012742587,319.2400000030563,21524.5650360604,64083.60935256848,-187.6157604766209,23.12372896671034,4.586703962091149,-0.47278595677465746,-1.4301547278210724
19.141963318034424,21530.389831362696,64053.53538412043,20.46100001321021,319.23300000256813,21525.08557460742,64081.62153599624,-187.604510278118,22.982635758742965,4.748532102632829,0.3136895653000164,-1.4582923398509682
19.291152247864648,21530.87623666403,64051.6661719773,20.369000014228405,319.198000006392,21525.598159195823,64079.65564017878,-187.62145610606345,22.88277430241527,3.880251958909524,-0.47789487624207777,-1.2915423659407397
18.88422670038281,21531.34954289196,64049.833962098426,20.283000013476816,319.1690000019248,21526.118508990858,64077.70094598981,-187.6325411332577,22.753703583080178,5.035583927138416,-0.313984940978346,-1.5
18.979398874786675,21531.83582064228,64048.001796673125,20.20400000937944,319.1620000028226,21526.631150115463,64075.74644658197,-187.6216015446436,22.62860594959016,4.408564084533949,0.31019633656935225,-1.3975407984001758
18.903261124823,21532.309127422057,64046.16958686786,20.14400001434685,319.1310000046499,21527.143710693847,64073.79170574074,-187.6346612480372,22.50094270667208,4.466660002285862,-0.37027243682086636,-1.408120427935329
18.82095003370596,21532.78237041447,64044.355900417824,20.018000020656377,319.11100000255306,21527.648448677744,64071.85927808765,-187.6369191294475,22.37843697649793,4.309379953021505,-0.06477233291705921,-1.3790705461891217
18.523086696648587,21533.24257835569,64042.56069290794,19.8980000185662,319.0910000039287,21528.1609316512,64069.93799168162,-187.63931582733105,22.24492092595504,4.94968795890341,-0.0690587107839572,-1.4915471291407945
18.50713888258921,21533.70278655529,64040.76548543574,19.797000008919508,319.0670000024078,21528.665579910543,64068.0277529917,-187.64579812605027,22.12372058499173,4.6435000547890715,-0.18798054924249574,-1.4406709966662887
18.50045111694309,21534.16299501544,64038.97027799362,19.75200001438242,319.05700000242086,21529.162492520747,64066.11762855799,-187.6382553314255,22.004051656668235,4.505576030781593,0.21896330335338,-1.4152366567818484
18.426885576283567,21534.623139669795,64037.193593905824,19.629000012568145,319.03700000201815,21529.66711642496,64064.21854476236,-187.64085077180744,21.87562802197085,4.327611970624481,-0.07567880788874892,-1.3827544941282333
18.27615335007354,21535.08328458345,64035.41690985258,19.572000019987453,319.03100000173464,21530.156221555084,64062.31954856066,-187.62939461431225,21.75009907738957,4.665048011690089,0.33472281773152956,-1.4446774993988327
18.207732237506427,21535.53039440776,64033.658704729874,19.39500001743389,319.01100000326227,21530.65294762908,64060.45378186526,-187.6322998184679,21.63537489681716,4.274164007738868,-0.08621272429163904,-1.3719707284134968
18.073976683775165,21535.977504475817,64031.90049963902,19.340000019338405,318.99300000308136,21531.13415290792,64058.57686749449,-187.63304104824508,21.51248156054075,4.557684008027664,-0.02191831481768817,-1.424804999863761
18.040023328448488,21536.43752200806,64030.16086232777,19.154000018541225,318.9700000036932,21531.623009446208,64056.73327317082,-187.6391441140836,21.40504673612186,4.010316084333856,-0.18333634019190673,-1.319326628735768
18.056485566202,21536.88463257864,64028.40265730437,19.099000019895488,318.9430000056741,21532.104108088144,64054.878497469545,-187.64910935344616,21.30396860792621,3.7530520332965596,-0.2979722942348018,-1.2646311428245915
17.90884002400165,21537.31870802644,64026.66293120399,18.907000018092003,318.90700000325387,21532.585061368707,64053.05697493867,-187.66840967868416,21.215162788031147,3.5933759787252755,-0.5869527425097963,-1.2296366380794557
17.836817774373305,21537.76569093312,64024.941772882,18.901000000815863,318.9000000015273,21533.058367952613,64051.224602953625,-187.65857402519657,21.10104953398852,3.8310560151932083,0.29777142887888236,-1.281085524896935
17.87848778166176,21538.212674083035,64023.220614593,18.8300000148478,318.8780000042752,21533.5315858175,64049.403194688886,-187.6638497519204,20.997745916288377,3.4254440394697454,-0.16062473295788376,-1.1933418548642765
17.770968907752767,21538.65965747762,64021.49945633749,18.6830000423774,318.85000000489663,21533.996962150075,64047.59281402348,-187.6752108598738,20.90667921573969,3.2833120846486823,-0.34823563411810987,-1.1629202594959798
17.718495551541157,21539.093669803187,64019.77825368303,18.3800000275011,318.8180000043846,21534.45442679948,64045.81571017577,-187.69088076284825,20.84752760200504,2.381416113455799,-0.4892522554184672,-0.9706542972596585
17.771483330289087,21539.553624986147,64018.057139918485,18.369999994994146,318.79500000345587,21534.911922033,64044.03869689338,-187.6975517031217,20.79292915053355,2.1546599929382126,-0.2082961183200273,-0.9313410268833628
17.727241123185014,21540.00060910731,64016.33598175468,18.301000029731792,318.7680000053119,21535.369404039127,64042.26164342737,-187.7082229430189,20.73605880822834,2.0655320635684036,-0.33319432483847905,-0.9189147345627031
17.660877784536375,21540.447529385907,64014.63334694293,18.07200002632479,318.73400000400056,21535.81118107788,64040.51780995395,-187.7261762616803,20.69640946977566,1.4800400704382966,-0.5717951952643794,-0.8008924107325666
17.634126671371995,21540.89444990469,64012.930712166286,17.99200001039686,318.7150000036317,21536.253008910688,64038.774127375305,-187.729130931327,20.656905456785413,1.2883440204895196,-0.09411330460190669,-0.7498454003179993
17.5919422291078,21541.34137066308,64011.22807741954,17.880000022504078,318.68300000549146,21536.6947547244,64037.0414286597,-187.74519701946303,20.62823177283584,1.0370080562265969,-0.5147823864082341,-0.668641121135636
17.56159000191775,21541.78829166098,64009.525442704646,17.737000019676067,318.64900000548334,21537.12088927409,64035.31977111999,-187.76332212765897,20.61320322737624,0.6314760639299408,-0.5855039010068295,-0.49072567233293923
17.568277774362294,21542.235212899053,64007.8228080222,17.657000003723567,318.6190000026903,21537.55478224457,64033.60929505352,-187.7775861004044,20.607810754198727,0.3194000257005854,-0.4631215223708969,-0.2937821342751677
17.598115550113402,21542.6821343746,64006.12017337143,17.618000021439858,318.6080000030546,21537.99652265696,64031.89903672747,-187.77287813417104,20.601235717001824,0.07158409677524276,0.15271068476327176,-0.07692577816330348
17.62640999781501,21543.14202743084,64004.417583189934,17.408000027778712,318.5790000039283,21538.414737800707,64030.22186113586,-187.7864250167984,20.63371928564239,-0.7862758921306722,-0.44903041397998134,0.28118982203631365
17.637727773297108,21543.588949392968,64002.71494860335,17.315000010218352,318.56300000243715,21538.83303542791,64028.53370174339,-187.7868614757136,20.65312802980549,-1.1618199470835222,-0.014378504207724099,0.3674969042005649
17.669623333076462,21544.035871590648,64001.01231404668,17.252000004858274,318.5450000023436,21539.251249639965,64026.86775137683,-187.78952154388583,20.694414744276152,-1.5034439815854754,-0.08873243965094212,0.4292928259448289
17.64030000429141,21544.49576538089,63999.309723964376,17.2130000183819,318.5330000023124,21539.66173957392,64025.19072016423,-187.78604428682647,20.72857325795369,-1.5382799492742365,0.11539381734223696,0.434400823934545
17.642872217898756,21544.94268806374,63997.607089475096,17.048000017702886,318.5140000030072,21540.07212922505,64023.53584770388,-187.7897903373444,20.78224491372306,-2.1415399207051293,-0.12588424076226226,0.5152931110879116
17.69277332160361,21545.402646437844,63995.885976139296,17.025999998891056,318.49600000309016,21540.49026718353,64021.89212654513,-187.792675027175,20.866041050164267,-2.4003839617651965,-0.09744895259554748,0.5491142256987014
17.766853326124817,21545.862540967795,63994.18338615473,16.987000015476898,318.47200000443064,21540.900640403648,64020.23720389295,-187.80142171211563,20.92210165022371,-2.8074719183325088,-0.2939183536067515,0.6178768545914998
17.775598890399802,21546.309528475467,63992.46222844363,16.874000010851535,318.4430000041694,21541.310920074244,64018.604460111535,-187.81539179223927,21.01582917226908,-3.2457559663737614,-0.47544219151528,0.694019256753427
17.765310001881502,21546.782458961367,63990.74115964793,16.85100000517576,318.42000000338385,21541.7212201808,64016.97177669071,-187.8233626560304,21.11444194511815,-3.291515988140675,-0.27128435579947624,0.7022740598718431
17.762737774793447,21547.24235423384,63989.03856976758,16.784000010849105,318.3980000034985,21542.131523866832,64015.339103360966,-187.83033401945903,21.19251116146261,-3.523455950199629,-0.23726853487300517,0.7435243512702625
17.795662217968452,21547.70231385381,63987.31745659981,16.725000010817087,318.37700000288976,21542.54179267887,64013.717554665294,-187.83641748799096,21.299742687692667,-3.854383945744914,-0.20838586415298138,0.8015505786841846
17.81984110417763,21548.162273723483,63985.59634346487,16.651000008608662,318.3600000028643,21542.952036731826,64012.107160765154,-187.83861321971312,21.41795705522734,-4.207827944048286,-0.07570348407007285,0.8633001175034187
17.88054554751494,21548.635205222,63983.87527480954,16.626000001444574,318.34200000216,21543.354494429743,64010.496730185565,-187.8417828169009,21.540150935633687,-4.516363965853325,-0.10940299532054014,0.9178056087507565
17.908325552961653,21549.12110836725,63982.15425064409,16.618000001170547,318.33200000169086,21543.764762492094,64008.886406715166,-187.8369798105468,21.66350324779853,-4.645171986447983,0.16560181143184394,0.938870831024405
17.9355911035914,21549.594104492888,63980.41465874248,16.611000000944138,318.31800000239,21544.1750172765,64007.27604307339,-187.8361770121736,21.80256328213681,-4.76852796953014,0.027678991627432988,0.9595709965163998
17.98549221851127,21550.092979553767,63978.69367909742,16.593000006846292,318.3010000033678,21544.5774789558,64005.66562264768,-187.83834796773385,21.930101447766784,-5.012971961993914,-0.07493395896627775,1.0000000000000007
17.983948888438444,21550.578883491144,63976.97265504304,16.542000004232193,318.27500000442933,21544.98769368392,64004.055138465694,-187.8495453622132,22.05361299720117,-5.191015983142505,-0.38603464198086546,1.0000000000000004
18.023561098675703,21551.07782320326,63975.23315215933,16.537000002648682,318.25000000297894,21545.39787353272,64002.455778920186,-187.85985483388657,22.20886973648525,-5.3516199456972755,-0.35774589896123726,1.0000000000000007
18.120791096813765,21551.576763190624,63973.493649313095,16.508000001203047,318.23600000204226,21545.80809067612,64000.85652996477,-187.8591653510084,22.364349091970887,-5.806047944198582,0.023927267162064704,1.0000000000000007
18.1835533275542,21552.08867485681,63971.75419096478,16.529999995838626,318.2210000025287,21546.226087853924,63999.25729766145,-187.85950275333244,22.52100290414218,-5.952791994176069,-0.011695242704769666,1.0000000000000007
18.211333328046766,21552.61362233488,63969.996253792655,16.543999998459835,318.20400000294035,21546.644078496985,63997.65804529298,-187.8618404753064,22.698589410779253,-6.002399986512953,-0.08103060443128705,1.0000000000000009
18.25094555066796,21553.1385059833,63968.25683998094,16.547000002299573,318.1850000027044,21547.062062602483,63996.05877286336,-187.8661785154953,22.858226159742287,-6.134203974126197,-0.15036418957047953,1.0000000000000009
18.284898879006573,21553.689332756585,63966.51751513406,16.526000000839176,318.16700000370565,21547.48783349736,63994.459537187526,-187.8695435578612,23.021935460387816,-6.332035961402629,-0.11650098250209778,1.0000000000000007
18.39138886708245,21554.24022395744,63964.7596670163,16.539999997645115,318.14000000369606,21547.905791042,63992.86018444247,-187.8818820096164,23.20562653335156,-6.664999929974411,-0.4276473600234681,1.0000000000000007
18.50250888339266,21554.804086886725,63963.00186340501,16.554999994893958,318.1220000027431,21548.339345567256,63991.26097551068,-187.8852744324477,23.389141024328165,-7.011031998595331,-0.11730759325250169,1.0000000000000009
18.500965547648505,21555.38092156257,63961.24410431002,16.587000000599467,318.1040000023229,21548.78068352433,63989.66179328976,-187.8886938074828,23.57410134195992,-6.890275969376538,-0.11809504623991936,1.0000000000000007
18.614143317731767,21555.944849252857,63959.467777483056,16.571999994682884,318.09300000166166,21549.222045309805,63988.062681443385,-187.8851140075879,23.77455744955434,-7.351715962975979,0.12364021047110312,1.0000000000000004
18.68256442900004,21556.52174869533,63957.691495169885,16.652999989508125,318.0810000018922,21549.671187159613,63986.46358625737,-187.88256110478773,23.976399694708142,-7.306431982170889,0.0880630656122015,1.0000000000000004
18.80294443274446,21557.098712592186,63955.89668959192,16.672000000107285,318.0690000020937,21550.12815092177,63984.85340323168,-187.8799236081668,24.183888174927823,-7.671399957493832,0.09028559490895337,1.0000000000000004
18.83483999040705,21557.688648261665,63954.10192853008,16.684999994964052,318.0530000029508,21550.58506295551,63983.254294603954,-187.88139787239257,24.40535572038815,-7.739423983594797,-0.050790007064192275,1.0000000000000007
18.951618868758235,21558.26561281905,63952.30712306,16.732999991228038,318.0350000021572,21551.04979016165,63981.64407804878,-187.88478743796944,24.61133933867713,-7.98702795910871,-0.11587989418172724,1.0000000000000004
19.05244998728775,21558.85561328696,63950.49383878933,16.77999999523396,318.02500000164963,21551.52232781237,63980.03396858214,-187.8802044176709,24.83675974915686,-8.180819971393644,0.15648644498926859,1.0000000000000004
19.131674430354167,21559.458585552507,63948.680599044914,16.803999994291324,318.0130000016385,21551.99485895531,63978.42383906463,-187.87762172813208,25.06541279011313,-8.379627969826235,0.08818472785678111,1.0000000000000004
19.23559220484973,21560.04865084538,63946.84879156997,16.85399999266539,318.0040000017106,21552.47522215478,63976.80265185602,-187.8719546376297,25.296449119077195,-8.573731963863628,0.19203231711919008,1.0000000000000004
19.328192213053544,21560.638780616875,63944.99846082474,16.896999991123373,317.99100000190936,21552.963355338925,63975.18145117594,-187.87031429500027,25.54361988815448,-8.752291998948618,0.05551062559859163,1.0000000000000004
19.378093320073173,21561.241818059545,63943.166697933055,16.958999993237605,317.98100000151743,21553.45149889004,63973.56028067727,-187.8656745753144,25.77608874274236,-8.708735976608047,0.15701422081816893,1.0000000000000007
19.502074424452164,21561.83201267216,63941.297843984015,16.98099999621991,317.97100000147486,21553.947425924533,63971.93913689787,-187.86106182882483,26.03946174658163,-9.075867941636114,0.1558956256660638,1.0000000000000007
19.614223314947807,21562.422207629,63939.428990089866,17.028999988802866,317.9630000010915,21554.451181669872,63970.30692538338,-187.85436464983303,26.29018881774837,-9.30680397412179,0.22463544351779405,1.0000000000000004
19.72688665403116,21563.02543856327,63937.54165740551,17.098999992844632,317.9560000012442,21554.96272428716,63968.67475063336,-187.8466945113443,26.56017499069693,-9.460391980271494,0.2569272911654427,1.0000000000000007
19.783475544562712,21563.615634226106,63935.672803622976,17.12599999398932,317.9430000033819,21555.47424692752,63967.0425156615,-187.84502449674088,26.80896512580382,-9.566911982064209,0.05593929654555887,1.0000000000000004
19.89356664449624,21564.20595854024,63933.76690326058,17.193999986290958,317.9210000017697,21555.97799469816,63965.39904911605,-187.8522163962767,27.08473711701167,-9.718439969539013,-0.2397197262741596,1.0000000000000004
20.024749985559485,21564.78337587099,63931.842435143495,17.276999989427914,317.9170000018341,21556.489625175687,63963.744675545626,-187.8413247843061,27.362694721020087,-9.891899986073655,0.36036389961959814,1.0000000000000004
20.080309991612665,21565.37370089225,63929.93653488541,17.32899999215192,317.8940000036603,21557.00897506688,63962.0901378622,-187.84945910544803,27.623829136971413,-9.90471599805868,-0.2687560285001367,1.0000000000000007
20.16879442437419,21565.95118308673,63927.99354356073,17.395999985726313,317.8780000019508,21557.52060407325,63960.424529316544,-187.850456259814,27.90885703207708,-9.982059979132362,-0.03278936055327952,1.0000000000000007
20.29123221125024,21566.5156941308,63926.05050780317,17.470999997813642,317.86500000224413,21558.0322434668,63958.758950947326,-187.84845405674488,28.19069676823554,-10.15283596837175,0.06583926301494579,1.0234794638950675
20.3344455412138,21567.080269677863,63924.08894877567,17.460999992280527,317.8490000027866,21558.551656257696,63957.09336918107,-187.84947869397467,28.48854665671432,-10.34440397615978,-0.03364912653366263,1.0517493853049615
20.474374426195347,21567.65781708732,63922.12743428584,17.580999981011168,317.8310000026971,21559.078884311508,63955.41667951481,-187.85241873380008,28.77690991765637,-10.416148002663045,-0.09584034640547184,1.0619580088486218
20.54742554219236,21568.222457503853,63920.14735204088,17.65099999377005,317.81500000251094,21559.59837461433,63953.72886875871,-187.85322134309652,29.071213863314533,-10.42713197432032,-0.02604046105198241,1.0634264496343573
20.66111776115665,21568.787098270783,63918.167269847305,17.70699998432362,317.7990000023874,21560.125686934385,63952.02997019095,-187.85393948312452,29.35286141221521,-10.634823996598909,-0.02313086712256925,1.092499024869123
20.73776998981293,21569.35180355764,63916.16866438453,17.814999991367582,317.7850000021276,21560.653006284767,63950.33109175768,-187.8526582339153,29.652524987861376,-10.521971994403248,0.041268674898761314,1.0768177998350517
20.814936651278213,21569.916509199684,63914.170058972304,17.830999991544996,317.76900000329533,21561.180357652232,63948.62107874936,-187.85326588267137,29.94142804585605,-10.742171975039582,-0.019455752001767034,1.1071529580485369
20.928114426150504,21570.48127936964,63912.15293029184,17.923999990854718,317.75100000078635,21561.70770255288,63946.91104570616,-187.8558739257095,30.248322656927648,-10.814811967064832,-0.08350369395204865,1.116932221399737
21.021228879870648,21571.03314253224,63910.11723384604,17.945999990602783,317.7510000020781,21562.23510847856,63945.20119346452,-187.8404834801225,30.57028650316412,-11.070824001364317,0.49279840387520635,1.1510755842155065
21.070615542495304,21571.59797758844,63908.08158194413,18.056999983825268,317.7290000013047,21562.77030069201,63943.4689179568,-187.84689588665145,30.871789501759103,-10.84901601121213,-0.20264141124261245,1.1215004284475576
21.189966648074407,21572.149841466813,63906.0458855965,18.130999986557573,317.73699999932654,21563.30559444074,63941.73694372889,-187.823310495842,31.17053624938517,-11.012279981460603,0.745399870632582,1.143085384695278
21.275364434980773,21572.68879832327,63903.991621483205,18.230999987591275,317.7270000023378,21563.84086622552,63939.9936742691,-187.81761313443428,31.47335575861317,-10.959712010602193,0.17900544123135886,1.1361313224544052
21.33401109939216,21573.2407912576,63901.91887858759,18.283999990619,317.71400000221735,21564.36838339357,63938.2392335004,-187.81477812382656,31.78833778463717,-10.980039991583373,0.08866336468983561,1.1387935057662222
21.41889443285614,21573.79272037513,63899.8646590663,18.36299998742637,317.6990000020524,21564.888110819968,63936.48474601753,-187.81391699310643,32.08717075671408,-11.001220003547166,0.0269635280966496,1.141679934038317
21.492974427261377,21574.3447782106,63897.77339295452,18.441999984913046,317.68900000140275,21565.415715675008,63934.70810638139,-187.80786028287724,32.398700157892506,-10.98350799245399,0.1872432581312088,1.1398494515385378
21.61438332110036,21574.896836411484,63895.682126887696,18.52899999434092,317.67400000417126,21565.93552066696,63932.9313899064,-187.8067772904744,32.71204478110854,-11.107379976333975,0.03351938908078804,1.1568989210222778
21.65502443383736,21575.435923406265,63893.59081636652,18.550999986104788,317.6420000041686,21566.44752377174,63931.1433615817,-187.82255588755532,33.01327466206245,-11.174488011837266,-0.48606375385577755,1.166387744736614
21.750196657027622,21575.97507493785,63891.48098257197,18.693999983054425,317.6260000018966,21566.9751477453,63929.355547319785,-187.8223890149273,33.32918370975114,-11.00230802630351,0.005129217894225755,1.1440401752968812
21.77077443880368,21576.527198408512,63889.37119332803,18.73199999591033,317.6100000034038,21567.487282427308,63927.54545063525,-187.82194669908063,33.63001404415982,-10.939587994416069,0.013471975686919794,1.1365089593666489
21.85874442523575,21577.06635066432,63887.26135962808,18.801999982155746,317.58900000200225,21568.00718381133,63925.73533050122,-187.8265312057497,33.92612982341876,-11.00427999508801,-0.13947425586870651,1.1457740946078112
21.97295109782272,21577.60556746491,63885.13300265418,18.927999982632173,317.5810000023202,21568.52716787328,63923.91422637011,-187.8180055525889,34.22964539197313,-10.961824014685966,0.2579250694459223,1.140989399966125
22.03519887767089,21578.15775622052,63883.00469023432,19.00499999115346,317.5590000029293,21569.03932167336,63922.09295506884,-187.82345313698585,34.5377415453827,-10.908715991462744,-0.1649774128287437,1.1347777381356114
22.115452212884847,21578.69703794476,63880.85781003482,19.062999988766325,317.5470000020794,21569.559369822724,63920.24958179582,-187.81870551658776,34.83771335249762,-10.988828006826678,0.14202177695380977,1.146465953564334
22.16586776444584,21579.236320031046,63878.71092988151,19.14799998600411,317.5290000029724,21570.071614715136,63918.40612165064,-187.81993158959224,35.139416700723025,-10.864324002390227,-0.03671592320430085,1.130597787726458
22.271328877690948,21579.775666678463,63876.54552645402,19.253999976752013,317.51000000355543,21570.591678332374,63916.55156367866,-187.82207329860088,35.44666437556341,-10.862384043380166,-0.06370956761872582,1.1313732528553164
22.322773317102094,21580.3150136954,63874.380123073024,19.396999989003863,317.4890000017592,21571.104029198545,63914.67472989197,-187.82596608019145,35.73397602572182,-10.532783981153631,-0.11464329574113653,1.0847168665909674
22.443153328031507,21580.84145366241,63872.196151903525,19.40199999709513,317.4840000017311,21571.624179185143,63912.80919798388,-187.81399832390315,36.04586006692968,-10.948151991370962,0.35405431841752627,1.1456151442015954
22.43492220651529,21581.3808656106,63870.012225292696,19.476999984680187,317.46500000269924,21572.15210402832,63910.932437774114,-187.81594549907945,36.34798958075384,-10.648519998606366,-0.057224548550329685,1.1038014036391637
22.618578873880352,21581.90737050841,63867.809730891975,19.56999998451982,317.4510000031202,21572.66451794248,63909.044559851296,-187.8127290382535,36.65803406288629,-10.974884001697912,0.09420871405720693,1.1522325370421755
22.62320887537021,21582.44678319416,63865.62580437375,19.66999998578898,317.4250000037736,21573.176930145462,63907.14544701174,-187.8214010933968,36.94187231811678,-10.631552002492429,-0.25259892221559743,1.103384723588321
22.798119983962568,21582.973353031608,63863.40478674648,19.74199999079308,317.4070000026432,21573.697191489064,63905.23532666126,-187.82198934598568,37.2467179901324,-11.00203197541016,-0.01702495613853026,1.159317024965141
22.793489996937858,21583.499923233347,63861.18376915706,19.815999981803166,317.39100000177496,21574.21745989648,63903.325226434834,-187.82057832649448,37.551669111339656,-10.71896405448489,0.04083748227665969,1.1193235939330286
22.89689331479075,21584.02649380627,63858.962751615625,19.937999988993308,317.38300000164315,21574.73783264732,63901.392977445576,-187.81094556248505,37.83504679525923,-10.652015972870785,0.27580547596543303,1.1103330199393613
22.972516659018822,21584.540157306583,63856.723166274685,19.97599998631642,317.37100000114106,21575.250408879165,63899.460661664285,-187.8052866544312,38.1354883135054,-10.787460021728647,0.16218471680352334,1.1329292233436488
23.00183999936423,21585.066792822567,63854.483625499866,20.10599998610067,317.3620000037492,21575.778600718968,63897.51731489308,-187.7965702469347,38.424640093301896,-10.425024047748812,0.24798806697306477,1.0758862588588578
23.041452199715685,21585.56754960807,63852.22547240272,20.138999991979407,317.33000000330827,21576.291148553195,63895.5736839949,-187.81080008599503,38.72966348587885,-10.448827947850601,-0.405604573415373,1.0811262746387953
23.19115555642144,21586.094250070662,63849.967408390665,20.224999989528047,317.3220000019927,21576.811599587265,63893.61920611437,-187.80094706943368,39.02787295522712,-10.67816004081621,0.27911390274242126,1.121046411391492
23.10369998951764,21586.595007575583,63847.70925537487,20.26099999199556,317.29800000391026,21577.32425208628,63891.65342650329,-187.8069558550798,39.31143599915233,-10.233719991079484,-0.16946712934705005,1.044798693422751
23.314107760514737,21587.121772992865,63845.43266813125,20.34199998696131,317.2790000027768,21577.852488459,63889.68775052272,-187.808018684014,39.6153950911156,-10.699587984792343,-0.029918024426329636,1.128597091479809
23.262148893238148,21587.62253122147,63843.17451519329,20.418999985226574,317.2610000025317,21578.37298371052,63887.71094337991,-187.8079442837956,39.88678450692379,-10.235336068841669,0.002085341531007394,1.0466949199957594
23.358864423071704,21588.12335402112,63840.897838981335,20.53799997913497,317.24700000227955,21578.893531306752,63885.7230618747,-187.8037593880556,40.16560099876683,-10.155111998172245,0.11668485968063338,1.031686632605356
23.435002221338475,21588.62424140195,63838.60263948591,20.6369999947795,317.23200000211415,21579.421897710527,63883.72408254888,-187.80049028343063,40.450274195708296,-10.072808015612308,0.09058963085329741,1.0153454062055072
23.42419888279293,21589.12512914296,63836.30744002902,20.645999990468983,317.2180000030364,21579.95801265284,63881.736254560186,-187.7963598336301,40.74450576336329,-10.001516012366206,0.11494600205038082,1.000329885252442
23.495706663126068,21589.6260172444,63834.01224061239,20.75699998636645,317.1960000028355,21580.48639459713,63879.726090582415,-187.79998031491752,41.01854546440616,-9.859344036334631,-0.0998043122429002,1.0000000000000007
23.48593221317508,21590.12690570783,63831.71704123786,20.80999998625097,317.1800000036536,21581.02258048878,63877.71601355277,-187.7976283684151,41.291301877024814,-9.6333560169268,0.06477553789223427,1.0000000000000007
23.59653776963672,21590.6148870561,63829.40327404628,20.9189999917317,317.15100000391226,21581.558761329685,63875.694691641984,-187.8081650171896,41.56893846794296,-9.639136000458072,-0.2886823250066931,1.0000000000000007
23.570815556868,21591.10280452711,63827.1080302121,20.932999988416565,317.134000002539,21582.095021561992,63873.662375608124,-187.80659167058536,41.81779443625821,-9.49613604642516,0.04288839843580549,1.0000000000000004
23.628433321082,21591.59078658041,63824.79426309907,21.0949999709757,317.1150000030352,21582.631275378582,63871.63003957343,-187.8070189047401,42.08503747436431,-9.12036006038268,-0.011646027299384238,1.0000000000000009
23.672675554889462,21592.07876898716,63822.480496020944,21.1960000027012,317.0990000019496,21583.17540007829,63869.575531303366,-187.8042508689745,42.32924291265242,-8.916031987877743,0.07462174302921018,1.0000000000000007
23.667531107461983,21592.56675174795,63820.16672898328,21.15899998779786,317.0870000024601,21583.727283480897,63867.532204467,-187.7976216731628,42.583238444950815,-9.030712030790845,0.17945464043509812,1.000000000000001
23.728235544428586,21593.05479909753,63817.834438662576,21.33099998198333,317.0670000034074,21584.27143389706,63865.46654165228,-187.798743489248,42.83516015733023,-8.630048024802925,-0.030089574391255505,1.0000000000000007
23.78173777168955,21593.54278256779,63815.52067169701,21.35299999211649,317.04800000243665,21584.81558804026,63863.40088892582,-187.79886608027013,43.06907772085827,-8.743456006463012,-0.003288174657124191,1.0000000000000007
23.79562778124803,21594.030830627595,63813.18838145523,21.474999981108045,317.03400000253123,21585.36758132516,63861.32419856843,-187.79390489850547,43.309189091945655,-8.354260080503945,0.13228515142824449,1.0000000000000009
23.79819998438085,21594.53185078808,63810.85613578956,21.5569999864861,317.0180000016981,21585.92735158808,63859.24751492941,-187.790970896753,43.55041181454804,-8.0683199924211,0.07815952368493095,1.0000000000000002
23.92886888457841,21595.019899568382,63808.52384562245,21.640999994106576,317.0010000063524,21586.479412521017,63857.14856551735,-187.7887883424768,43.76905208593288,-8.236328005698605,0.0576183069290073,1.0000000000000007
23.88051110485853,21595.50801294798,63806.17303217437,21.662999986729574,316.95300000377813,21587.02358569314,63855.04927860343,-187.8175782350319,44.00718668537015,-7.983040025264247,-0.7605778520280628,1.0000000000000007
24.023012206806804,21595.98315492745,63803.82217421602,21.77899999339245,316.950000002772,21587.60682817412,63852.95057656381,-187.80150421768096,44.23736316384673,-8.078443968291676,0.42279884717074445,1.000000000000001
23.997804456621733,21596.484240777987,63801.47140538325,21.78399998216167,316.9150000032048,21588.15886791416,63850.84033231633,-187.81721157068333,44.46598425922957,-7.969696108056223,-0.4125831134742615,1.0000000000000007
23.95613444292993,21596.98526275745,63799.13915991603,21.977999983333632,316.9100000034295,21588.72661468531,63848.71932781657,-187.8028631752645,44.6632899542572,-7.121284054546672,0.3744133967848625,1.0000000000000009
24.02455553671304,21597.473377576003,63796.788346621484,21.969999996130426,316.869000004935,21589.286495340304,63846.58682117838,-187.824375643462,44.86695066016141,-7.396399946097417,-0.5590285748752231,1.0000000000000002
24.15779664767884,21597.974528779705,63794.41905459293,22.088999979389367,316.8629999991716,21589.854278020743,63844.45469222975,-187.81091741487404,45.09027032982737,-7.447668005842101,0.34947346394031154,1.0000000000000007
24.215414448501853,21598.46270857748,63792.04971805293,22.179999986463347,316.86200000170794,21590.422116513364,63842.31149891845,-187.7923489212373,45.300861844521314,-7.327492063338624,0.4798391357925931,1.0000000000000007
24.16036889042419,21598.950888730746,63789.68038154825,22.26199999245453,316.8440000030387,21590.997719880343,63840.15704741072,-187.79069552565392,45.49938053787621,-6.83412803269078,0.04248062975606839,1.0000000000000007
24.179403340257963,21599.46494858041,63787.32965750896,22.31499997950734,316.8310000008878,21591.565557130107,63838.002619369785,-187.7840166228234,45.684982685319326,-6.711852098702238,0.17175547889544585,1.0000000000000007
24.08680333908871,21599.95312947052,63784.96032108607,22.46399999351081,316.8250000024448,21592.14127889935,63835.82605919286,-187.7701428823912,45.862105694333714,-5.84209204408044,0.35306537941818894,1.0000000000000009
24.15213776079992,21600.467190067924,63782.60959712755,22.439999987014502,316.8000000040767,21592.716936855897,63833.649308618566,-187.775268878706,46.02478642993738,-6.1636959856275055,-0.13044043774735437,1.0000000000000007
24.197408898437672,21600.955371694617,63780.24026078298,22.60699999040737,316.776000004558,21593.28485371191,63831.461426867696,-187.77925787236688,46.192322801755104,-5.725472068909086,-0.10111193954110516,1.0000000000000002
24.11201110897925,21601.443553678502,63777.8709244738,22.52900000899804,316.739000006727,21593.86047188992,63829.2845561528,-187.79638479304225,46.36984367723746,-5.698839959932356,-0.435797945256047,1.0000000000000009
24.202553329863573,21601.931736027964,63775.50158820085,22.605999974112223,316.6990000051842,21594.42833544673,63827.09651418219,-187.81637449873747,46.537677425273856,-5.7475920807048615,-0.5066492493296718,1.0000000000000007
24.15676777249228,21602.406882655487,63773.15073073121,22.765999981876423,316.6740000034505,21594.99632717191,63824.886393538894,-187.8211433075012,46.66370766339943,-5.0067640462170875,-0.11973683716494317,1.0000000000000007
24.234448898323173,21602.895129979068,63770.76287121277,22.81899999705032,316.65200000337427,21595.56432942799,63822.67630302293,-187.8229131011927,46.8284754596916,-5.095616044582272,-0.044437141821199164,1.0000000000000007
24.063653345189923,21603.40912854289,63768.43067081371,22.85499998756052,316.63200000304107,21596.13233883514,63820.466232621104,-187.8226838267676,46.941901003504704,-4.351152087465846,0.005756818568613126,0.8883776487502119
24.12847332690092,21603.884340507968,63766.06129013923,22.966999982220287,316.61000000446234,21596.70038042005,63818.24502769976,-187.82434400006352,47.075912410991975,-4.18130404085028,-0.04148879732926686,0.8587289391980214
24.122814430159256,21604.37252466469,63763.691954057314,23.054999988317608,316.5850000014932,21597.276272785504,63816.00159042216,-187.8288089032769,47.188775770565385,-3.8441319906299327,-0.11044928974596997,0.799712220714322
24.21850113182811,21604.83476549268,63761.32252888344,23.11499999408625,316.58500000146336,21597.83668319513,63813.75835026803,-187.80822288936216,47.30074215093835,-3.9726040958706905,0.5101071119981209,0.8229733957033447
23.96333667400581,21605.32288608835,63758.9717161938,23.145999992026105,316.56700000122106,21598.41260002148,63811.51498325946,-187.80568986868423,47.39572593576896,-2.942412055126934,0.06266161732643728,0.6408161673873658
24.15316664769669,21605.811007053187,63756.62090354755,23.23399998114024,316.5729999993644,21598.973070063883,63809.26068879289,-187.77899463314992,47.48205320958965,-3.3089999996032193,0.658419220122426,0.7054456474283013
24.06416779831634,21606.260277067893,63754.25143391256,23.30300000860938,316.56300000322625,21599.52570296949,63807.00620732269,-187.7682727639983,47.582897681879,-2.7402040429450554,0.26465044762733725,0.6064957133117062
24.03278666078857,21606.709483138828,63751.90048763301,23.24199998063686,316.54500000107146,21600.10944299415,63804.75175268629,-187.7656576296209,47.66177567114456,-2.846832048546162,0.06434042414193368,0.6245506358473507
24.05850889454855,21607.14578194405,63749.53097349402,23.50199997413765,316.5450000010593,21600.662226167984,63802.46402789287,-187.744604327774,47.7286484311452,-2.003432113479235,0.5125138750747981,0.4831862574830515
23.991116669752863,21607.59498867064,63747.18002727793,23.48000000947461,316.5240000046934,21601.21490017942,63800.18720729747,-187.74466194701503,47.78976177864172,-1.840019977001704,-0.001409059349161103,0.4617113742805036
24.01375222553468,21608.031288125265,63744.810513201344,23.53099997412796,316.4980000025552,21601.790946592133,63797.89930234362,-187.7496886874816,47.85429257826824,-1.7379081050642016,-0.12207412774125272,0.4470857252788017
23.969509993954865,21608.48049550853,63742.459567046775,23.728999975301427,316.49399999938345,21602.351578002414,63795.58933528784,-187.7324419225236,47.882108252631255,-0.865836067152378,0.41570822540110464,0.28599507187320455
24.06879777242608,21608.90382372796,63740.0900084628,23.81299999024452,316.50199999800725,21602.927817304702,63793.27954196728,-187.7032498872486,47.924191980771646,-0.9208720158536153,0.7025562296796539,0.2985971748974749
23.98700113023121,21609.314180358306,63737.72040532665,23.87799999274609,316.5159999981118,21603.48076549853,63790.958614044364,-187.6678681095253,47.956844533611296,-0.3924040949464299,0.849611782429672,0.15216943936505023
23.92115222144701,21609.75035252529,63735.387938009015,23.904999994941825,316.5249999985873,21604.018168823968,63788.626468054776,-187.6373225652206,47.9462324670852,-0.058148015418663594,0.7312342321101225,0.025695143163909615
23.977741099504343,21610.17368167915,63733.01837951237,23.96399998649502,316.52900000134525,21604.56333909554,63786.294298760135,-187.61180423052616,47.97050975676223,-0.04946800683356685,0.6104434922415374,0.021921524300529842
24.015295557898327,21610.59701113787,63730.64882103582,24.059999985157177,316.5189999988943,21605.139634875777,63783.95098169948,-187.60028117248643,47.98081081022203,0.16093593813185977,0.27359257115328667,-0.15242199378870133
23.98339999953895,21611.04622045953,63728.29787506543,24.16799997561424,316.5439999959292,21605.638291843272,63781.585518764325,-187.55327270963105,47.96135419216908,0.6645599138710452,1.114002361281008,-0.48232955493472485
24.00346333847434,21611.44360672315,63725.92822749657,24.28800000377618,316.5490000031025,21606.15248705589,63779.20879447419,-187.526206026031,47.94264435745807,1.0243319950866223,0.6377168714058431,-0.6353702747127848
23.952018883745914,21611.853900909908,63723.57714785224,24.190999998338803,316.51800000405973,21606.65870031169,63776.853912040046,-187.53533405129792,47.92946582564711,0.8603320125343998,-0.21712952728234564,-0.5719596634911838
24.047705549895248,21612.25135205005,63721.18897701668,24.31699998903369,316.5020000030672,21607.180647311467,63774.46588973496,-187.52918346206908,47.917674420108575,0.9694599808983896,0.14416724725967148,-0.6154137783133631
23.9669377984498,21612.661646836383,63718.83789741776,24.302999992086352,316.4700000065717,21607.74134231161,63772.111184599824,-187.539499407116,47.90002358690164,1.2098238970915944,-0.24418372370901803,-0.6450707926238609
23.88719888837766,21613.058969987964,63716.48677327226,24.436999985382126,316.4320000040421,21608.278782685986,63769.72299560237,-187.55540264567725,47.85040279196127,1.9792839492160752,-0.37222516116455256,-0.6543814792121075
23.9226955580198,21613.443385778,63714.117081248085,24.47699998344769,316.4190000015725,21608.761862141862,63767.323755263045,-187.5460109064291,47.81223477153889,1.9954959315404055,0.21986862864573725,-0.6614280946249153
23.870222220973293,21613.827737556,63711.765912566414,24.64099998354497,316.4129999987264,21609.268393244285,63764.902436206125,-187.52947794816023,47.73177069127064,2.774799945258033,0.38292501983758204,-0.7520091444269678
23.927325555878767,21614.2121539104,63709.39622059088,24.657999996042825,316.4289999987517,21609.7594321506,63762.481283979934,-187.4908939899052,47.67148098270383,2.630427984590611,0.8947855367550863,-0.7437077807002677
23.88668443654907,21614.596506253543,63707.04505195513,24.73299998838024,316.42999999815305,21610.24263719913,63760.059954857286,-187.4672835588057,47.59338403850597,3.046735986592205,0.5478723325729565,-0.8148508244652339
23.98700111390914,21614.96795120963,63704.67531544388,24.773999995067435,316.4450000009968,21610.710400107542,63757.61648335183,-187.4293993700013,47.51208902730698,2.833195972169857,0.8724174791037228,-0.7953298992317425
23.855817789212885,21615.35236840976,63702.305623535016,24.826999986509986,316.4170000040585,21611.16241235355,63755.18364243122,-187.43457171119127,47.443761312149896,3.4962559102695607,-0.11976391126105658,-0.8738101704892027
23.884626666976885,21615.710777646626,63699.95436579656,24.924999986846384,316.41299999803766,21611.599054822243,63752.717644705685,-187.4153597388504,47.3232450424795,3.745343951530195,0.43953140973383636,-0.8687391888261182
23.85787554189768,21616.082159121383,63697.603152670345,24.96899999834663,316.4190000028393,21612.012380918888,63750.25166687458,-187.3860695091305,47.20557870652682,4.000048043216213,0.6711507057740403,-0.8639584859020737
23.984428895588827,21616.440697488848,63695.2148483362,24.989999988735534,316.3840000044578,21612.417785132933,63747.78525189793,-187.39775138040983,47.12410411250112,3.6200559353281423,-0.2677791929966607,-0.9064290084649831
23.83626888605547,21616.81207950383,63692.86363524798,25.067999999430253,316.3740000008206,21612.83884124894,63745.31914071545,-187.384488829581,47.00576656677488,4.4342320081492135,0.30373399740187457,-0.8581031370070263
24.01375221285469,21617.17055410161,63690.49385427438,25.02999999444539,316.36100000323887,21613.275454582235,63742.853053042985,-187.37428028598995,46.90388077043916,3.658492013726519,0.23354651263414222,-0.9299261182406043
23.874337799908123,21617.541936654176,63688.14264123264,25.149999983643927,316.3320000062733,21613.69648565873,63740.37563722003,-187.3799075163364,46.7743578784221,4.592383861448894,-0.1283024242788437,-0.87508531673835
23.89079997954052,21617.90041178785,63685.7728603025,25.202999988382302,316.2930000041331,21614.1175218038,63737.887006818826,-187.39542406678348,46.65126336995378,4.723920031830413,-0.3522279234611677,-0.8804983714982592
23.97002445847353,21618.232943163508,63683.402990204784,25.30799998734756,316.2650000092018,21614.53085053393,63735.38734527399,-187.39980451295293,46.51601156841172,4.816711903946505,-0.09906080133072256,-0.8891843703941599
23.802830006340752,21618.591354499826,63681.051732632295,25.35999998722852,316.1750000154201,21614.92061924729,63732.886983029246,-187.46610270567712,46.365060194411534,5.605811931195963,-1.5007503261996056,-0.8706202337445802
23.93864330892228,21618.936858391684,63678.68190717259,25.46199999022989,316.10300000643554,21615.28713711581,63730.37560621885,-187.51421201866768,46.22237920509332,5.4840840527073995,-1.085953849688192,-0.8864949576929326
23.950990020543127,21619.29533455617,63676.3121263168,25.488999990253987,316.08100000371763,21615.669430067643,63727.85366880878,-187.5122672263401,46.068924759590594,5.536835890959096,0.043684583345477285,-0.9028406506116341
23.83163888223207,21619.65374667804,63673.9608688072,25.582999990957045,316.0480000049663,21616.051724684043,63725.320506817625,-187.52121174582592,45.88579395335622,6.30489999140991,-0.20004363294678437,-0.9211018332447465
23.97774110441912,21619.99931564946,63671.57252008328,25.6059999899972,316.0150000079638,21616.43401960089,63722.78734487904,-187.5301572942749,45.73877301586282,5.861731988081091,-0.2000666460156757,-0.9349642282764481
23.842956694698948,21620.37070032383,63669.221307202126,25.729999978812803,315.955000007625,21616.7851664394,63720.23157672835,-187.5657737861681,45.5361286213036,6.793355822809876,-0.7909769611209452,-0.9532186864319109
23.8084888643256,21620.72911323436,63666.87004975555,25.811999996395244,315.92900000260374,21617.159779227568,63717.67622909408,-187.5674730355232,45.33140489159338,7.212640075450717,-0.0376974809240334,-0.9707346056011462
24.01117998984176,21621.061646626265,63664.50017981097,25.802000001223124,315.904000006322,21617.52661214656,63715.1208647538,-187.56814677465653,45.14396725576028,6.446952040972909,-0.014953130774719521,-0.9860217350943209
23.925782231374303,21621.39418025285,63662.13030988548,25.87199997001617,315.87000000029974,21617.870064228056,63712.565330156445,-187.57774125936223,44.95799307220567,7.00638385911072,-0.21319321473358743,-1.0002590295715486
23.943273339329924,21621.778602353264,63659.76061836914,26.00100002353961,315.8710000082557,21618.2293178667,63709.976855627305,-187.5520587266176,44.7415127378489,7.407816063154873,0.5630663381595434,-1.0149804212507059
23.82649445875341,21622.137016306773,63657.40936099753,25.74899999465725,315.7930000034971,21618.58811158157,63707.44316352366,-187.6059282019281,44.55950677560878,6.92101992925383,-1.2059686124638271,-1.0273100614777522
23.827523325430125,21622.45651431529,63655.05796984949,26.029999983998795,315.82799999830195,21618.900818019785,63704.84375411987,-187.5459790102848,44.31259652194891,7.928915970847214,1.3117026433604104,-1.0437558998921084
23.89131443076237,21622.802021009225,63652.68814459992,25.857000017725124,315.7870000061603,21619.2442474896,63702.28814964791,-187.5625772938617,44.12743964027424,7.07646811306591,-0.3688075075227243,-1.0555455628446577
23.967966662161988,21623.18644419541,63650.318453172,25.95099998284947,315.79099999473925,21619.564555950845,63699.71068600669,-187.5338772288761,43.92484971054668,7.138919954474938,0.6330927819853944,-1.0679531215222406
23.94738889378437,21623.53195142604,63647.94862795936,25.9630000001433,315.81500000148014,21619.884970922943,63697.12230787696,-187.4850682736545,43.70873414953153,7.256199982892143,1.0721151167675815,-1.080662868715142
23.891314466019136,21623.87739457458,63645.59732608352,25.96400001034309,315.7880000007751,21620.205136409302,63694.55564872918,-187.48747963747712,43.49585355515228,7.46166795956623,-0.0534151229775784,-1.0926904969464137
23.794084426565643,21624.26175425652,63643.24615804393,25.87600000005424,315.7990000030697,21620.50990215245,63691.978201625294,-187.45172991632683,43.27625666749735,7.494896064558951,0.7891563529136846,-1.1046241575909337
23.984943338496024,21624.607262256268,63640.8763328923,25.93500000329973,315.74500000751067,21620.82219318317,63689.411245746975,-187.48111526937944,43.08228131157013,7.020203993293346,-0.6510675790323183,-1.1147938985283785
23.77247778533915,21624.97865038352,63638.52512028831,25.834000006839503,315.7319999989296,21621.134584606392,63686.85581450822,-187.46961500133585,42.883325437489965,7.421479997401275,0.25594252200413153,-1.1248874528611672
23.94635998304428,21625.32415890077,63636.15529517736,25.88899999135879,315.73400000203026,21621.439320626192,63684.278277455065,-187.4428679422585,42.67953388051372,6.993504029932232,0.5904242183711016,-1.1348954980670565
23.83884113964742,21625.682575447623,63633.80403800634,25.89199999996168,315.7170000001298,21621.71285820249,63681.70044337437,-187.4350144516793,42.460631520866045,7.391371897131331,0.17357922097857947,-1.1452978763272421
23.75292888425751,21626.053964377832,63631.45282546902,25.89200000735533,315.7319999984082,21622.033167282432,63679.134204406175,-187.3954344723467,42.25060821589035,7.700656043152144,0.8768197083089966,-1.1549627994842262
23.85530331544593,21626.399409339523,63629.10152373786,25.796000016549893,315.7300000000181,21622.322246095857,63676.57880295949,-187.37285916493144,42.052023067276906,6.986508123974268,0.5029499534990917,-1.163836175151642
23.90314667097341,21626.74491887716,63626.731698702286,25.74699999581901,315.74299999625345,21622.619159493654,63674.02357827152,-187.3353123496477,41.87150475476764,6.637871969444162,0.8362256382222064,-1.1717412504998619
23.84089889644137,21627.11630860012,63624.38048622247,25.80299999680665,315.76799999676984,21622.939464562573,63671.46855384793,-187.2858470685829,41.67295356558422,7.063563961315012,1.1004961674438871,-1.180240828316373
23.83369666537896,21627.47472646108,63622.02922916071,25.799999991584,315.80099998890546,21623.25205194647,63668.902468104425,-187.22824567644145,41.463058858629104,7.078691974338144,1.2764800813366024,-1.1889941650206879
23.85067332624936,21627.8332089188,63619.659448797625,25.91199998470993,315.8929999878113,21623.557094223423,63666.32583089532,-187.1115110083037,41.26188616537201,7.420775970458048,2.576048928188897,-1.197174330346925
23.87433778794708,21628.17865515344,63617.30814715876,25.885000028895693,315.92999999810826,21623.90083011182,63663.75989213474,-187.0500183701358,41.048305418313326,7.238384067415004,1.3606785469663856,-1.205649235977784
23.8033444335068,21628.563018095963,63614.95697938558,25.65500002275013,315.9359999991708,21624.220994717703,63661.22690680876,-187.0197781859229,40.87321110881196,6.665960121275984,0.6785974993481078,-1.2124456998494608
23.92269556598868,21628.89555703845,63612.58710985332,25.65099999219193,315.94999999562685,21624.54122524214,63658.68288692554,-186.98142849582047,40.700981299368046,6.221895934331707,0.8568759371165927,-1.2190057646517016
23.706114460199288,21629.253911860746,63610.2543762057,25.63800001660449,315.9740000001148,21624.845922609053,63656.13891347449,-186.93302716426209,40.495782123896106,6.954788003058728,1.082238014222597,-1.2266688392392213
23.81157553531406,21629.612331284297,63607.90311926859,25.539999994484223,315.9510000034323,21625.158206176493,63653.605611539686,-186.9317618326748,40.31902688718292,6.222328053012589,0.028403056630921773,-1.2331442607980092
23.849129996720468,21629.98378748458,63605.533383641785,25.67799998628735,315.95499999525504,21625.470619964668,63651.061464967526,-186.90338807233687,40.15122807385728,6.583931962440778,0.634205077671559,-1.2391903862709253
23.85787556674195,21630.316263089266,63603.18203750603,25.622000021115536,315.9939999949503,21625.80650336749,63648.517748511615,-186.84009712757404,39.95946252020843,6.350848035744912,1.4130383896602146,-1.2459862934595083
23.734408902363143,21630.687655468977,63600.83082524063,25.539999995411943,316.01699999522936,21626.157861573447,63645.985040208274,-186.792970511368,39.78085677992844,6.500127934975682,1.055881401715882,-1.2522129721055246
23.748298876276365,21631.05898378553,63598.49813631673,25.58500001495183,316.0459999992076,21626.493673069635,63643.45233833247,-186.7397920241105,39.58542177300628,6.612124099231676,1.1924152332506766,-1.2589196619017897
23.808488890365247,21631.41740452181,63596.146879479296,25.42400000030221,316.0310000012332,21626.891489282432,63640.952754501006,-186.731157883234,39.43387997069643,5.815839995773071,0.1954522205793009,-1.264047770887348
23.78225221266156,21631.788797716104,63593.795667282575,25.548000001553177,316.04099999825627,21627.22727563252,63638.40874822963,-186.6968694450437,39.24567398654652,6.356692040009818,0.7655539855642941,-1.27033390278548
23.87022222941082,21632.134311132897,63591.42584254289,25.387000011222767,316.0469999980741,21627.57846159812,63635.90921370077,-186.6670788064333,39.11606058848344,5.460400014523006,0.6762049210304164,-1.2746126134782252
23.71177334790752,21632.479696100312,63589.09306445934,25.494999978970984,316.0759999926645,21627.953192469333,63633.376645690754,-186.6140374982426,38.91432131124334,6.419615871828469,1.1868908463466503,-1.2811954075642138
23.768876649730466,21632.851090088,63586.74185232668,25.506000015804247,316.1070000024912,21628.29679577403,63630.843990583126,-186.5588908486365,38.736668745956585,6.253644117865614,1.2360550913444437,-1.2869193905341627
23.81311889347386,21633.196539922457,63584.39055096615,25.37000001766233,316.04400001269715,21628.63218168046,63628.34371312727,-186.5980461583057,38.5895217231796,5.604772047078498,-0.8892374353235314,-1.289653956542809
23.744183343766128,21633.54199000489,63582.03924962666,25.318000003647967,315.97500000999,21628.975331193626,63625.8434025646,-186.6432287673414,38.44155069146677,5.66573997557462,-1.0256555602523327,-1.2941675443154466
23.73389443610373,21633.88744033863,63579.6879483059,25.297399793591925,315.92347504838773,21629.3265844458,63623.348098097296,-186.6710138079749,38.297723019334136,5.628619286957508,-0.6317304808224649,-1.296721695462549
23.77402111973873,21634.24586315212,63577.3366916256,25.290999999109264,315.9279999920716,21629.685290064164,63620.84377108893,-186.64268191507628,38.14545451037107,5.461123965733921,0.6416217933349084,-1.2969455435601434
23.68965221725724,21634.60422187702,63575.003958286805,25.33499998299814,315.9750000018713,21630.0444776201,63618.32244399993,-186.5717053871636,37.95780609910153,5.923251956667244,1.5963678148044338,-1.30974603449617
23.80025777642409,21634.949672974635,63572.65265702557,25.39700001812653,315.9090000095444,21630.39542202391,63615.82219038504,-186.6139187847437,37.80909826519213,5.748272070128785,-0.9578815193984009,-1.3102516137702827
23.70662889112722,21635.30809657016,63570.30140040784,25.20800000541513,315.8900000007121,21630.777621928,63613.33362796117,-186.6093531971114,37.67005672152976,5.404936011436475,0.10389814377378322,-1.307224963967492
23.800257770178128,21635.640575929443,63567.95005455586,25.33699998897648,315.8780000024758,21631.12878830069,63610.82279933143,-186.5974607094928,37.50949399143777,5.532271987674068,0.26876237453610624,-1.3135958660150087
23.770934441766386,21635.986027786304,63565.59875335023,25.27900000459437,315.8550000061842,21631.50323015368,63608.32305570919,-186.59675937183684,37.358834791868304,5.429036026180741,0.01589775822612981,-1.3151870357511835
23.81517667782917,21636.29256311836,63563.247318277245,25.32000000080483,315.8219999996681,21631.87763844324,63605.82321225051,-186.60605849496488,37.20418563072394,5.417363962712365,-0.21078158723463347,-1.3186269577839056
23.69325332863215,21636.638015457567,63560.89601710602,25.251000005619183,315.8549999951478,21632.260054159284,63603.32405479548,-186.5493889099941,37.05331085984904,5.60788803715332,1.2840459167939406,-1.3256053468215003
23.81054667653026,21636.970495784943,63558.54467132328,25.27599999782788,315.85800000246934,21632.657936004354,63600.824651265226,-186.52277189558745,36.89935147449889,5.275631956671432,0.6025530307077974,-1.3233475374074721
23.579046686707173,21637.328856532225,63556.21193813952,25.24100000787425,315.8400000021736,21633.024612257614,63598.32493094205,-186.5170482389677,36.73238336735968,5.983031956201472,0.1298019538058085,-1.3389699317412194
23.681421083036994,21637.7001898242,63553.879249613616,25.19900000765353,315.83200000131893,21633.414635148183,63595.83650537927,-186.50151688052432,36.57555323010353,5.463284128619532,0.3532905247580124,-1.3347847350284965
23.798714431302987,21638.0457075455,63551.509425204495,25.13300001335643,315.8170000035905,21633.77346120844,63593.35901739345,-186.49299050115883,36.46709468392622,4.803428095392396,0.1951488756485215,-1.3247430781044318
23.80643113175972,21638.40413344436,63549.15816875973,25.06100000511496,315.7930000030263,21634.132257063586,63590.88143957018,-186.49346460684967,36.3413907129308,4.5164479440788625,-0.01085084527427201,-1.3214365750486605
23.66855999302052,21638.736615018355,63546.80682307789,25.05700000265123,315.7780000030208,21634.498867375045,63588.403978425136,-186.4849668226917,36.21246032071636,4.998384034670555,0.19440889391358146,-1.3356918647136418
23.84552887739152,21639.095105796616,63544.43704335504,25.01200000780696,315.7669999973673,21634.88880404632,63585.937752126425,-186.4726609808505,36.11332884033839,4.19929606949559,0.28238121577149583,-1.3196574981171718
23.738524463830828,21639.414551198934,63542.10417638548,25.03199997812931,315.7930000002998,21635.25559237573,63583.44958587523,-186.42305659478816,35.954059060071074,4.656511851474535,1.1298968740580768,-1.3355897310690816
23.70868666630195,21639.760005806787,63539.75287538755,25.16200000760072,315.7719999990322,21635.637789275555,63580.96100391811,-186.42050384447563,35.813796325881746,5.231928028675573,0.05809202547312368,-1.3502175281960764
23.718461102809496,21640.105396303414,63537.42009772957,24.99600000871791,315.812999993971,21636.04347036677,63578.49535041335,-186.3562570996189,35.67560569333065,4.599140061270293,1.4728068541872024,-1.3415757773216226
23.77762222268966,21640.437943472672,63535.05022881668,25.0979999882544,315.81800000299506,21636.40240473418,63576.00694775013,-186.3276278911337,35.55505313692065,4.753359956033061,0.6524104923469591,-1.3479608458208192
23.720004450135185,21640.770426513784,63532.69888323148,25.05100001186358,315.80199999933046,21636.77675848798,63573.54061810199,-186.3202734391011,35.43652874615589,4.791584022222216,0.1689174403914145,-1.3518100916395388
23.73492333060751,21641.102845424542,63530.36606098841,25.02200000083136,315.81899999919983,21637.151262899715,63571.06350337298,-186.27981096734177,35.28883491976419,4.63347601280585,0.9253023691498662,-1.3526110678842072
23.727721112618703,21641.43532894824,63528.014715446894,25.00100000883141,315.80500000242483,21637.510056530064,63568.59714018707,-186.27040532497097,35.1718157720372,4.583804026365752,0.2162242935455354,-1.3547816439724063
23.72463444608428,21641.76781271465,63525.66336992086,24.943000001765324,315.8149999930135,21637.868931704867,63566.13101659987,-186.2370020022996,35.055032909416795,4.3861160004517545,0.7679289160089788,-1.3538653426544864
23.71177333292828,21642.100296720168,63523.31202441228,24.984999991786164,315.8689999947713,21638.24356227025,63563.65427122389,-186.15954453502425,34.926180160806496,4.5836159718883795,1.771144497523379,-1.3615532342638648
23.7164033372682,21642.44575331792,63520.96072355862,24.97300001669223,315.8630000048442,21638.61020618608,63561.176900181024,-186.1420580843524,34.79866685826114,4.523748045926502,0.40005648328602894,-1.3639625317960153
23.67216111480764,21642.765201086346,63518.627856762345,24.85100000588875,315.8449999973971,21638.992261381256,63558.732806589374,-186.1369576466933,34.682031659870326,4.243820007891997,0.11813249438929728,-1.3615525007273275
23.689137772153448,21643.11065817453,63516.276555952354,24.89999999486319,315.8799999973962,21639.35900610152,63556.26695934639,-186.0785862430436,34.56599627663176,4.359104001755074,1.341300850036372,-1.3673990533759715
23.72617777061368,21643.430170794432,63513.92516587143,24.86700000698945,315.8729999995686,21639.72560885561,63553.800692933975,-186.062213480962,34.44724007562275,4.106960050952767,0.3762292287614642,-1.3385120839493057
23.745726673747864,21643.775628372165,63511.57386509232,24.85399999929356,315.9039999927965,21640.107869485582,63551.34597388308,-186.00800787315973,34.3408699568977,3.989783971964505,1.2499513819885022,-1.3150707542639188
23.67113222751913,21644.121021828792,63509.24108765374,24.852000003048826,315.923000005218,21640.48234463534,63548.87999375369,-185.9656651278907,34.205563034817125,4.251123991906901,0.9725674253939529,-1.3673365297015683
23.6839933347366,21644.440535165,63506.88969762604,24.82700000150113,315.8640000055821,21640.817559819403,63546.435330461136,-186.00140744979228,34.111245594708706,4.114824000352313,-0.8298718421556425,-1.3400775530463653
23.647467778242287,21644.76004873094,63504.538307611125,24.83300000008723,315.8689999984345,21641.16081440336,63543.980218090575,-185.9730701436061,34.00579237957272,4.2679159986418,0.6549183905442147,-1.3707131946856492
23.67627666711536,21645.07949814483,63502.205440933416,24.81600000343987,315.8590000030918,21641.52736975772,63541.52503641409,-185.9598128566335,33.87971890530915,4.103004010768241,0.3059866301906074,-1.3377248260099395
23.62689000763589,21645.41198456271,63499.85409559983,24.79000000683053,315.8360000050685,21641.878313815083,63539.06967148935,-185.9595025534513,33.774461536631414,4.187195997100711,0.007168056995373444,-1.3545200488521059
23.640265541879906,21645.74440683945,63497.521273600985,24.75499999856968,315.81099999971616,21642.21364517763,63536.62534762588,-185.96125061313936,33.663149176510714,4.013044044083188,-0.04059487748372979,-1.3198669427523777
23.743154435603326,21646.07689374093,63495.16992830706,24.78999999888461,315.8389999946185,21642.572584906346,63534.15940383735,-185.90986094854648,33.546639479464105,3.768644027812623,1.1814109018506305,-1.2679085236369931
23.674218921616784,21646.409380886933,63492.81858302261,24.7520000073258,315.85500000063166,21642.91587807581,63531.70440129631,-185.8705290712631,33.44243108089116,3.88001190855246,0.9090209500347166,-1.2914911835468577
23.5080533243708,21646.728767087778,63490.504239747,24.719000005942195,315.83200000621764,21643.259000772232,63529.2601242451,-185.87030675097145,33.310896436785434,4.359408053657027,0.00516076188477182,-1.3886270289764977
23.70971554160085,21647.061254706605,63488.15289450629,24.67200000738568,315.7890000062486,21643.59427218878,63526.81562092983,-185.89005764809733,33.21786163972244,3.464224076825387,-0.4586302974111062,-1.2016834092607735
23.611456681702062,21647.393742573426,63485.80154927493,24.603000020339564,315.7310000173933,21643.921631998943,63524.393170332565,-185.9250035139009,33.14750014771676,3.5695560190950077,-0.819038324152053,-1.2244586998896132
23.62380332847766,21647.70022144139,63483.46863807893,24.479000004183284,315.6090000108464,21644.217601430977,63521.98108880463,-186.0239509807933,33.06959403764554,3.078708032540247,-2.331580996828103,-1.1193554551421316
23.63306332732323,21648.019737344923,63481.11724823196,24.55299998702115,315.6109999970081,21644.576338765528,63519.548229437365,-185.9988978845762,32.98493631181462,3.311771974912503,0.5836885546245195,-1.1689961260776773
23.68193555647453,21648.35216152687,63478.78442637378,24.58799999531896,315.60900000113674,21644.919533860902,63517.10416206973,-185.9776814897424,32.87317346542418,3.261831979839941,0.49252737828246757,-1.1583384750565755
23.60939890261291,21648.671677902606,63476.4330365616,24.61800000043001,315.61499999652284,21645.254933870736,63514.67126226532,-185.94855059825505,32.79057234201816,3.630963952141556,0.679584662399889,-1.2378306599146547
23.576988883585145,21649.004102559447,63474.10021473414,24.58100000633585,315.62400000555766,21645.629263339124,63512.23852634122,-185.91655399639995,32.68733931734754,3.6144400419025344,0.7447760216910271,-1.2342249097726463
23.62483222228504,21649.323555009083,63471.767348273,24.56000000216717,315.5730000014833,21645.948903158707,63509.80500452878,-185.9443685628585,32.587060223911394,3.366604007575663,-0.6492720647288183,-1.1807223675080112
23.57544556135344,21649.65598013782,63469.4345264852,24.52200001339995,315.59100000440105,21646.276560777733,63507.372197665965,-185.9032145351485,32.48789006799442,3.407596027367434,0.9604682649117725,-1.1895095453721383
23.55744000919653,21650.001377969027,63467.101749370704,24.42800000774639,315.51400000930715,21646.6038195348,63504.96067253506,-185.9572776078404,32.411070314825665,3.1340159947795017,-1.2726163499700505,-1.1311220155998343
23.50393776962641,21650.333803587386,63464.768927616926,24.448999990753546,315.5109999968882,21646.931367864687,63502.53877085447,-185.93723502557413,32.322785064337936,3.402223996057684,0.4698660944066535,-1.1883568523564585
23.628947766754155,21650.666229445167,63462.43610588325,24.49399999745665,315.51500000266066,21647.274507800503,63500.11699257309,-185.91024703126945,32.23322610414163,3.1141880305289846,0.6321570822887035,-1.1269037069516927
23.57956112694263,21650.998655539694,63460.103284162775,24.46200001316276,315.4810000069304,21647.609735425645,63497.694808614375,-185.921231232766,32.143972898128254,3.1767799903924767,-0.25737189307601493,-1.1402216804085532
23.51885666737593,21651.35696242973,63457.789075102686,24.35500001686174,315.44800000190673,21647.9449280492,63495.28374921249,-185.9313271330096,32.04960245758565,3.0101160581489252,-0.2376295451817935,-1.104756156636689
23.5661855433234,21651.702361500367,63455.45629808692,24.30599999448669,315.4549999979644,21648.28800164051,63492.8842300025,-185.9015635119333,31.983346587678625,2.6633320241878464,0.7035065614625877,-1.0311551556867555
23.63203443814146,21652.04782522085,63453.104997762784,24.3769999945779,315.4679999965988,21648.63117308796,63490.46254153941,-185.86557977253892,31.91345876907653,2.6818760031711864,0.8428727024920286,-1.03510562513856
23.600653354172906,21652.3931603874,63450.79074409992,24.328000016618446,315.47600000552865,21648.982073056646,63488.05194457201,-185.8347340105525,31.817009199020923,2.6184479848039475,0.7254662006488463,-1.0219294729366284
23.451978898573746,21652.7255877098,63448.457922473564,24.26299999392152,315.4270000010589,21649.30938999536,63485.65181353978,-185.8609167860356,31.75044764751184,2.919675943251994,-0.6192771172173493,-1.0856712989705504
23.50187998799875,21653.057950863586,63446.14362418415,24.35699999372089,315.4659999950642,21649.660395513656,63483.24152565423,-185.7990746191832,31.65315658893229,3.078432020599712,1.4544142251439864,-1.119296730332927
23.51062556560597,21653.403351169352,63443.81084725777,24.2960000153103,315.4530000061717,21649.9878735649,63480.83063901482,-185.7891505552396,31.577015332079696,2.8273480189355937,0.2337023075111446,-1.0661358470759374
23.46844109902685,21653.748687316493,63441.49659367076,24.22700000769834,315.41600000435136,21650.33076095132,63478.44179584456,-185.80350072125896,31.50296732474326,2.7308120712173607,-0.3406892324398852,-1.045585530779345
23.62225998448337,21654.107060638,63439.16386144987,24.20999999534065,315.4049999995565,21650.67377533185,63476.042097341575,-185.7917425856861,31.437706873906244,2.1158640390862007,0.2779130691658597,-0.9088709991059092
23.56052669643596,21654.452461699373,63436.83108457848,24.26099999453065,315.41399999838364,21651.016857735664,63473.64259820944,-185.75998648057296,31.37148780340864,2.5217038731408805,0.750602374270067,-1.0018548950064332
23.415453329443487,21654.79779859813,63434.51683104867,24.2280000178294,315.4160000016007,21651.36766189281,63471.25417065574,-185.7353682053429,31.29712670686349,2.925168078189293,0.5842765821931474,-1.0868305295392373
23.55178110110465,21655.14320015508,63432.18405421836,24.12699999869648,315.3950000043687,21651.710604510223,63468.86548709793,-185.73372292395737,31.24169147799461,2.0707880313305935,0.03906373256276431,-0.8980251283485085
23.46741224108447,21655.5015100862,63429.86984539526,24.19600000279825,315.3680000040681,21652.053527046653,63466.47674377419,-185.7380782287936,31.16892160461486,2.6229159421696053,-0.10340500834956505,-1.022850165666179
23.44066109924821,21655.846912149464,63427.537068603466,24.08000001278445,315.3370000073317,21652.388613769523,63464.09904837446,-185.74651821893653,31.12517110183909,2.3016200887304605,-0.20138914812772005,-0.9524257678727037
23.5281166659857,21656.192250046188,63425.222815147165,24.084000000114195,315.29000000424537,21652.73146902205,63461.71010582184,-185.7708742457127,31.051048908254263,2.001180002862583,-0.5782044358583592,-0.8810315235870252
23.44837778864864,21656.53758818919,63422.908561717,24.05899999689789,315.2840000012637,21653.0977378036,63459.343881369816,-185.7545346656641,30.99733718289083,2.1982399496973004,0.39098431439362674,-0.9283983360582538
23.45815221317057,21656.895963553663,63420.57582965295,24.11499999735128,315.26000000516905,21653.43288764045,63456.95514130408,-185.7558671362023,30.943771165428053,2.3646520230505517,-0.031650330379863756,-0.9668456585438336
23.49467778077849,21657.24130220001,63418.261576255,24.054000016111768,315.227000005556,21653.77575245065,63454.577452932135,-185.76633729858543,30.88085708826437,2.0135600471998076,-0.24971770371837762,-0.8840767012558194
23.436031118830968,21657.599613656712,63415.947367551016,23.98100000284528,315.19500000396687,21654.1186209023,63452.19977456843,-185.7758084260344,30.819147781247192,1.9618879824515276,-0.2258914498076741,-0.8710905857105703
23.444262212662288,21657.95792537289,63413.63315887003,23.99899999904833,315.1869999978854,21654.453748408057,63449.83342311464,-185.76136575970472,30.76947054303145,1.9970560309897507,0.34623685867704174,-0.8799991162301881
23.504966663931,21658.316301767296,63411.300426887625,23.95800001205017,315.2020000011108,21654.80456053125,63447.456239894855,-185.7238679422605,30.725956845246174,1.6309200532290136,0.8940305952238978,-0.7821084757972512
23.448892240494608,21658.67461399705,63408.986218244725,23.910999995177,315.18100000056234,21655.147389717986,63445.10090030928,-185.7225636082668,30.686520523997544,1.6635879168566134,0.03139825045578038,-0.7913598610347923
23.36297999817088,21659.045899071883,63406.6720542997,23.99799998792639,315.20699999422567,21655.50606217785,63442.71273896784,-185.6739842655313,30.61410493971808,2.2860719631198463,1.152413690775399,-0.9488432859331793
23.455579985816488,21659.391239236465,63404.35780102248,23.97100002418241,315.21300000709743,21655.84902203464,63440.34655386071,-185.64557260853547,30.562655233773263,1.8555121381173152,0.6808248822598351,-0.8435593380987074
23.48387444466223,21659.7495522371,63402.043592440925,23.80800000713452,315.1460000068554,21656.183873516835,63438.00184385356,-185.690352360292,30.534608194784827,1.1668520249002428,-1.0831266786732494,-0.6356774004517868
23.45815223429868,21660.120838096016,63399.72942855943,23.90099998111875,315.1419999997776,21656.53458387262,63435.63558599768,-185.6719686090788,30.484807902152447,1.594251888552256,0.44031926472246385,-0.7715844310437343
23.38818777545468,21660.492124224136,63397.41526469959,23.909000019695977,315.121000006109,21656.877452962417,63433.26913202247,-185.6705581540986,30.435616414003626,1.874924079268675,0.03379656092760192,-0.8486520367823017
23.45403666586968,21660.850438012003,63395.101056183164,23.770000003365467,315.08600000282564,21657.212413636684,63430.92474091508,-185.68334234241604,30.40793814045619,1.137468014984836,-0.30929529215878515,-0.6252528631333784
23.37892778775988,21661.208752053302,63392.78684768416,23.84799999629159,315.08499999997065,21657.54756709809,63428.55845941688,-185.66190813937263,30.35848274374716,1.6886599507141555,0.5138529203971234,-0.7983833064947254
23.37995666330357,21661.580038972374,63390.47268388785,23.76600001339824,315.0740000030892,21657.89039351718,63426.21433422165,-185.65072207417407,30.33158850049419,1.389756060340814,0.27053309257919356,-0.7098830644610503
23.40619332363457,21661.93835353534,63388.15847543251,23.763999990722684,315.0590000002381,21658.24102919596,63423.85908148238,-185.64345275941216,30.29155164657056,1.2881040015172063,0.17491097803345687,-0.6770495838836985
23.46123889178513,21662.30964098262,63385.844311680725,23.80400000539472,315.06400000079,21658.583949006417,63421.50400114861,-185.616158786826,30.25378966926284,1.2339400089945258,0.6570657388568548,-0.6588833239948261
23.37944223325817,21662.667956067904,63383.53010326659,23.71300001234241,315.0420000048138,21658.92673888522,63419.1597664869,-185.6159747678724,30.22554406008545,1.2008080047032565,0.004450306758520461,-0.6475237170090588
23.37172555175509,21663.02620697161,63381.23441819182,23.710999990150484,315.0229999997598,21659.28510703285,63416.815615348896,-185.61284511722187,30.177331089423213,1.2213879782234132,0.07561639393242361,-0.6546024129706037
23.38561555673941,21663.397495210207,63378.920254507226,23.76695238280293,315.03297201432207,21659.631416313103,63414.44809099749,-185.58046908290885,30.126887856879392,1.372812573828675,0.7752257312381199,-0.7045185611278841
23.37686999657847,21663.75581107087,63376.606046154746,23.6837812952353,315.01588237098235,21659.974295437467,63412.10419054316,-185.5753807243816,30.09899320018124,1.1048806751645828,0.12307297069839086,-0.6134966497172831
23.406193335890457,21664.114127186607,63374.29183782201,23.61124505357541,315.0129026832819,21660.32488031229,63409.77120607648,-185.55631733381423,30.08114296950505,0.7381861836658289,0.46296952457161433,-0.4642674114471069
23.35269111598904,21664.47237912257,63371.99615282968,23.687343230048985,314.9959027346952,21660.66767497098,63407.427052176936,-185.55113822423465,30.03459558121427,1.2047476106158044,0.12525536078039018,-0.6488846032996869
23.37378332692726,21664.830695751447,63369.681944542375,23.654669729981656,314.9939208549802,21661.01835355721,63405.09412237776,-185.53107958428848,30.016797891599666,1.011191050995825,0.48714709391890026,-0.5784798345474093
23.38767333717385,21665.201985303127,63367.36778095918,23.63854261900189,314.97477877286383,21661.36888718268,63402.75005049293,-185.5280715392727,29.98929106570497,0.9031294145809369,0.0727165691069716,-0.5356235757848452
23.357835554306,21665.573210684,63365.072140718425,23.584999999036693,314.9560000027492,21661.715998292788,63400.42917640314,-185.5249204061124,29.96681121271535,0.8177920010304959,0.07693675234958333,-0.4996767942475559
23.391274443859324,21665.93152809512,63362.75793249348,23.631999999528883,314.93900000273413,21662.066591315783,63398.08501861245,-185.5197712614496,29.937877679536147,0.8666120004104144,0.12447052306919575,-0.5204823766904211
23.357835559145595,21666.302818442025,63360.44376897916,23.574000008167005,314.92500000130013,21662.40933348973,63395.7630929877,-185.51181755228524,29.933278394961945,0.7781920164770739,0.19416088725160457,-0.4823011462197975
23.35989333473067,21666.67410905868,63358.12960548219,23.5709999972934,314.9210000007692,21662.76771638366,63393.43020602584,-185.4938080618467,29.91608512313991,0.7599839852258186,0.43717654204782214,-0.47415470608238036
23.34548888567896,21667.045335493884,63355.83396532912,23.58299999829671,314.9150000004613,21663.110524840864,63391.09724555037,-185.4777460170237,29.88213165577552,0.8550400054238978,0.39027494814271535,-0.5156102236690225
23.388702219734736,21667.429599337847,63353.51984657472,23.57000000999017,314.91000000270463,21663.468866194533,63388.77546321563,-185.4608487283224,29.87740001413577,0.6526720449195665,0.41209633761770076,-0.42397960553720726
23.35577778596225,21667.800826311315,63351.224206463135,23.511999996048864,314.88700000225447,21663.811578851302,63386.45344812134,-185.46189799372652,29.85438707846303,0.5623999563118119,-0.02561317689011613,-0.3786152167511479
23.33622888402007,21668.185026250623,63348.92861107538,23.58399999903349,314.8840000008512,21664.162182188826,63384.120544395846,-185.4428653921629,29.821115809324304,0.8919760140483163,0.46223692753258405,-0.5310361137943062
23.378927777870803,21668.582263624787,63346.61453708376,23.510000008792503,314.8690000030504,21664.520490401355,63381.798662610585,-185.4359701562025,29.81780189122138,0.47186003131811705,0.1681589048436299,-0.32980958182160636
23.348575554080192,21668.979436837544,63344.31898643716,23.51300000017148,314.8500000034076,21664.863217363807,63379.47668742151,-185.43302224535668,29.797841759931607,0.5919280059286394,0.07196132622286999,-0.39379614657128525
23.38458666973929,21669.36370206524,63342.0048678013,23.4939999982702,314.8260000041319,21665.213711589004,63377.154689316805,-185.43510158556165,29.793959562684364,0.39388798271128567,-0.05073342198703164,-0.2847774445509149
23.326454444334946,21669.77384855866,63339.70936189767,23.544999991268483,314.8040000023118,21665.56421284856,63374.83271115612,-185.43518190763663,29.774718316091967,0.7867639689607344,-0.001959778961623398,-0.48610158631785516
23.36658111718986,21670.196968081567,63337.41390072593,23.551000009073768,314.79300000258684,21665.90700634148,63372.49970113918,-185.42412655810568,29.7470955294782,0.663908010782069,0.2686193087919348,-0.4294154324927302
23.270894447125787,21670.594142439408,63335.118350180535,23.483000002441912,314.7690000042817,21666.257501314733,63370.177703140944,-185.4262085013784,29.72654364987784,0.7635799991380495,-0.05079693356538126,-0.4757716257359236
23.33057000062257,21671.017262553247,63332.82288906213,23.53299998986893,314.7490000015959,21666.60801010493,63367.85574498264,-185.4242915389444,29.70924101563315,0.7287479612869021,0.046772343219137945,-0.4599397614258491
23.26677888570743,21671.440382972825,63330.52742797125,23.54500000804117,314.7430000019255,21666.950782628333,63365.53389934648,-185.40834955000503,29.69319409458416,1.0015960404014634,0.38917358095103194,-0.5747859908107882
23.35114777991821,21671.87641198404,63328.250534930936,23.48899999923505,314.72500000231497,21667.30908268924,63363.2119879682,-185.40446109330463,29.65852656257697,0.4962679895406268,0.09482954760319386,-0.34331732226442674
23.241056673739628,21672.299533014684,63325.9550739031,23.53699999888451,314.71200000382106,21667.651870644066,63360.87895819808,-185.39540998704936,29.631781955505424,1.0653959705215783,0.21991963733556602,-0.5989657163095334
23.290957776486024,21672.735627103462,63323.65965760192,23.49300000329331,314.6830000027371,21667.994565910187,63358.55688380563,-185.40246933120244,29.617808818139693,0.7273520165062308,-0.17231805544884204,-0.4592972648234161
23.234368890220733,21673.171657041723,63321.3827646494,23.521999995211942,314.6760000026717,21668.3606880342,63356.23510878412,-185.3876107543766,29.5828269824408,1.035471977968355,0.36219321836473806,-0.5877355170901292
23.295587771497768,21673.62066005812,63319.10591643828,23.51600000470723,314.64600000449934,21668.70338041075,63353.91302451928,-185.3956717736336,29.55272979575167,0.7934840395540633,-0.1967679051079926,-0.48906565783546885
23.27501000410261,21674.056755088808,63316.810500232365,23.491000000955182,314.62800000256533,21669.061681736857,63351.59111330631,-185.39178765915003,29.53747007953986,0.7775639886692546,0.09472365100392387,-0.48202183785975977
23.253403343635416,21674.50575874111,63314.533652079714,23.526999986139828,314.6120000017031,21669.41999010399,63349.26922202702,-185.38590452409844,29.505909220448984,0.9849479130158827,0.14347563516144035,-0.5683270551025756
23.19218443925094,21674.94178993256,63312.256759255935,23.64099998181504,314.6159999964312,21669.786189240986,63346.93644200496,-185.3599395938721,29.46081308332709,1.6157359532307538,0.6299880220833947,-0.7777687812234667
23.273466667420745,21675.390858688435,63309.961387849326,23.675000014862533,314.6429999975413,21670.15250532389,63344.59277623856,-185.31086637628653,29.42532523386412,1.4455200507904367,1.185136670841172,-0.7272506902861808
23.17057779042607,21675.82689050736,63307.68449507893,23.555000000426823,314.64599999886093,21670.52644694521,63342.2711276557,-185.2860402416236,29.39042518970895,1.3839199560027127,0.6048637751425935,-0.7080399975678506
23.191155544094173,21676.275830954262,63305.4261703782,23.604000017840463,314.6520000026572,21670.92375107692,63339.94958939156,-185.25829514564623,29.33581571088968,1.4862401054866439,0.6749077388258027,-0.739665613932279
23.241571109906484,21676.737873469807,63303.1308437817,23.380000013012232,314.6160000050489,21671.31305167054,63337.649835681295,-185.2727427715403,29.34266007787943,0.49834405118069186,-0.3548928653555741,-0.344453937036323
23.203502232519163,21677.17390623638,63300.85395110711,23.47899999067464,314.5960000042872,21671.71805221089,63335.32806571506,-185.2710246527621,29.30316491594741,0.9917919293597194,0.04176838986141916,-0.5709900237205666
23.16800555122072,21677.609939306192,63298.57705846661,23.41500000730198,314.5590000054438,21672.12291802659,63333.02835579647,-185.2865272867929,29.285516912228537,0.8891800418925385,-0.3803825997188334,-0.5298810513141272
23.22459444126461,21678.05894550636,63296.30021057175,23.44199999806564,314.53400000400296,21672.551176929825,63330.728845738566,-185.29011145869296,29.26640839178373,0.7826600044837065,-0.08779539258061717,-0.48428480947935115
23.17932334490265,21678.46903357032,63294.02322855951,23.4319999922042,314.51200000131774,21672.971662275144,63328.42933874025,-185.2906699838628,29.242524433888683,0.9096359302855873,-0.013689530523656903,-0.5382849594830738
23.14536999531033,21678.892094745515,63291.74629129215,23.50500000257714,314.5040000052668,21673.43115427904,63326.11899057966,-185.2772530987967,29.20379759577811,1.294668026160524,0.3263386215837545,-0.6792182455989528
23.193727777983888,21679.30218339436,63289.469309334025,23.412000007189683,314.4590000033122,21673.867130304152,63323.81930860321,-185.3008654270492,29.17732381720189,0.7857800251408605,-0.577978161504053,-0.48566646433687716
23.15565888776602,21679.725245167723,63287.192372126025,23.48099998030743,314.47299999652193,21674.33444294809,63321.52032065486,-185.26558856881348,29.14865175470368,1.1712279331490791,0.8614922457270268,-0.6372159255042336
23.189612228505613,21680.12242605265,63284.89682218515,23.53700001091167,314.47300000380187,21674.79396307748,63319.2100521572,-185.24417473037232,29.124490907610543,1.250596016661801,0.5208557028032882,-0.6645220414288113
23.104728889580542,21680.519542732767,63282.61979558497,23.421000005098623,314.4410000037757,21675.25329762011,63316.92169461082,-185.2549807724675,29.103798270018864,1.138576015865091,-0.26526798294721776,-0.6256489360610189
23.195785543511423,21680.916659699,63280.34276901584,23.4859999934198,314.4270000034019,21675.697202809588,63314.61123335254,-185.2475145558415,29.06367519775956,1.044772019670154,0.18182426656493256,-0.5912463342007718
23.178294456248903,21681.287895729427,63278.04712970718,23.44900000764861,314.4000000025041,21676.156593640266,63312.31181107977,-185.2532122199769,29.046769700734465,0.9745399850389476,-0.13921984294623124,-0.5642565233905461
23.14588443347353,21681.65906753595,63275.77001373987,23.44099999783699,314.3999999996853,21676.616076398685,63310.01265728543,-185.2319122403099,29.011997870660128,1.0624160317084559,0.5204965059924022,-0.597855933862558
23.229224451825136,21682.017331232924,63273.47432975162,23.46499999324531,314.3950000011796,21677.083326585143,63307.713480645536,-185.2156395227892,28.99282954314114,0.8487919491126291,0.3973885938563994,-0.5129644457827391
23.0923822296364,21682.375530695423,63271.1971691012,23.48100000979579,314.38400000335554,21677.54277268994,63305.41421756928,-185.2053406603521,28.95664850367036,1.3990240085738024,0.25166250899902987,-0.712799849890468
23.172121101782235,21682.720822032457,63268.90144043284,23.37400001173388,314.3520000062624,21677.986541054488,63303.12580666713,-185.2160985075461,28.950262814008173,0.7267640758259234,-0.26442036549757325,-0.45902647185905565
23.16183221842408,21683.053140740845,63266.60566705404,23.40899997818593,314.3190000031384,21678.43034502384,63300.826271344326,-185.22774680459045,28.9314349286752,0.8898039351426504,-0.28497063750670226,-0.5301389688313706
23.23179666223157,21683.372486800134,63264.30984896651,23.54099999440493,314.3179999976914,21678.874335260844,63298.50482506568,-185.2071770308237,28.88956012611264,1.1131319958240995,0.4986334188947503,-0.6164932257456402
23.182924455753387,21683.704805977344,63262.01407562268,23.468000015518864,314.3250000031768,21679.294923358422,63296.20560692018,-185.17874922053048,28.87474259774573,1.026272015155719,0.6968144793560994,-0.5842439128495258
23.147942222130872,21683.98523383152,63259.7181233872,23.44399999055009,314.2880000041517,21679.730969309367,63293.89489060648,-185.19426286617988,28.840531125198737,1.0658079663091826,-0.3779944847995571,-0.5991190037061467
23.15154333762388,21684.2786347716,63257.42221589197,23.529999992168825,314.2849999996318,21680.1437786954,63291.58443176626,-185.1756992183216,28.81153917238347,1.3624439563617998,0.4531636141297676,-0.701214987456332
23.118104441858463,21684.55906302735,63255.12626368472,23.50300001214384,314.2829999997485,21680.564375853264,63289.274009728055,-185.1561631687904,28.78060624041729,1.3856240530273554,0.4766268402442577,-0.70857866799219
23.17469332814853,21684.813610165394,63252.81169870888,23.470999987930284,314.2879999999172,21680.969467586845,63286.952489083975,-185.1294646793803,28.756527758206342,1.066703975214321,0.6490902855928378,-0.5994522500772818
23.16800555465572,21685.06809298769,63250.5156570662,23.57200000260524,314.28000000203787,21681.37451550085,63284.63083926457,-185.11576634274064,28.71454751383889,1.454380012618266,0.33302580046473934,-0.7299706949966729
23.17829445148201,21685.29669465781,63248.20100265215,23.461000006490675,314.27100000017987,21681.75616934485,63282.320213583866,-185.1030991065841,28.70241790449888,1.0177399980311932,0.3099029980878504,-0.5809891238077949
23.11244555528901,21685.538204907087,63245.90491629289,23.55399998017182,314.27499999966886,21682.130122173272,63279.99857573999,-185.077296443279,28.66357603075405,1.5895959295781155,0.6286563967226428,-0.7702372600970987
23.161317780051466,21685.753769488965,63243.60874048803,23.60100000483255,314.275999998715,21682.496319685622,63277.66576673224,-185.05435748992173,28.61245410402117,1.582856009211902,0.5565668718604235,-0.7682826889157797
23.09958444186252,21685.917507001403,63241.29386244156,23.55200000148801,314.2840000010966,21682.86254122076,63275.333027294255,-185.02441979423543,28.575979280625035,1.6286960146517744,0.7263809920499642,-0.7814744266445262
23.17212111391953,21686.094153056787,63238.9975524497,23.592999993113533,314.27099999932994,21683.205339443888,63272.999998715735,-185.01540176959784,28.52494096939633,1.515163965098411,0.21911581402641542,-0.7483533593421247
23.09083888448767,21686.244917864005,63236.682629685165,23.598000003732448,314.2850000011005,21683.548229540866,63270.66723842197,-184.97938610245205,28.49143233872621,1.8257800292811994,0.8751218764966587,-0.8356965930900452
23.18652556335309,21686.36973688845,63234.36761745246,23.58099999779357,314.2600000016136,21683.87541931457,63268.334036996384,-184.9823157918037,28.4578812728172,1.4201079639857241,-0.07124640936769581,-0.719389919267384
23.0270477819842,21686.46854559825,63232.071039079776,23.620999993912392,314.27199999876086,21684.194950774425,63266.001176354366,-184.9482217110677,28.40622661948068,2.1382279629414853,0.8295572746567184,-0.9142086830329006
23.13713888826205,21686.56741887275,63229.75593739232,23.61400001051015,314.2620000023689,21684.51444650518,63263.65698262496,-184.9360169922104,28.36315008075674,1.7167000400931571,0.2955673263659952,-0.8061616444018391
22.98692112891709,21686.64028180187,63227.45926955343,23.52500001071975,314.2430000058592,21684.79495262679,63261.32367986485,-184.9327895133243,28.31465060272059,1.9370839744895818,0.0786862447663623,-0.8647514209606836
23.04402441911127,21686.67422588693,63225.16246752215,23.514999994701576,314.2080000004245,21685.09097288933,63258.9902718725,-184.94561540205257,28.26483481755267,1.6955120721250994,-0.3124267354860351,-0.8002914629055042
23.12170557356272,21686.708234486632,63222.84714217101,23.541000002686573,314.2250000011879,21685.348249223945,63256.65724625175,-184.9063115853804,28.23744520298565,1.5094599448458668,0.9593399150532249,-0.7466484537970633
22.930846674987663,21686.729205632902,63220.550295402216,23.502000000872265,314.19400000163125,21685.62871521401,63254.3238243716,-184.9150860498481,28.191453626740927,2.0561519731845666,-0.21391109668518601,-0.8944773736627479
23.07180441741059,21686.724230837684,63218.25335917513,23.517000005499,314.2030000029905,21685.862651086813,63251.97952425133,-184.8835931933396,28.13716838168672,1.6027041171182759,0.7658504618689268,-0.7740236991655866
23.065631145421328,21686.68040158049,63215.93776542216,23.455999999513413,314.1590000034306,21686.096329834083,63249.656926810174,-184.9053188203887,28.124219553843297,1.4053278747315048,-0.5332384209375312,-0.7147767806568622
22.871171098489214,21686.662389253783,63213.65930777611,23.492000008609715,314.16400000224274,21686.32246832788,63247.31256014914,-184.87780079226545,28.05496904646543,2.234984076433804,0.6693966245340905,-0.9369957641753663
23.13199442834768,21686.592613948986,63211.3436245649,23.36300001127637,314.1250000041303,21686.50167540206,63244.98982455077,-184.89434159458543,28.04632287945703,0.8316200985432772,-0.4068022622024317,-0.505637338717324
22.964285587280635,21686.522774075995,63209.046464667605,23.42599997836286,314.12200000166297,21686.69661176843,63242.65638564827,-184.87482835954123,28.010370540500627,1.6621718078960102,0.47745804507896056,-0.7909611978252458
22.91644221624713,21686.439961147666,63206.74926004103,23.489000013930102,314.0900000062504,21686.87592026053,63240.311490542175,-184.88415075771388,27.965061843535644,2.0612080716586987,-0.22712166324602412,-0.8957044488646236
23.00235441809407,21686.331202137648,63204.45196595151,23.32300001603156,314.05500000594026,21687.01622055099,63237.98866054963,-184.8965609075925,27.943689940044685,1.1543241525749595,-0.30555356497903796,-0.6312529175846822
23.10112779929956,21686.20947003196,63202.15462713241,23.35199998854877,314.02200000305453,21687.148782272525,63235.654709073184,-184.906835091574,27.91324808972916,0.9031398812971475,-0.25181174425697406,-0.5356278657322201
22.87477222455976,21686.048818780902,63199.85715411997,23.364000009810702,314.01500000129744,21687.265864029017,63233.32096210442,-184.89105818637609,27.88593203057387,1.7612200269033949,0.3868461015903329,-0.818351409609909
23.06305887653924,21685.90114041904,63197.55972584241,23.27200001114186,313.9970000039226,21687.359517357145,63230.99813994028,-184.8863116915746,27.87020168260738,0.7521880845694255,0.11698397346651702,-0.47063561323785774
22.95862667292893,21685.727451401373,63195.280731425264,23.26999999138916,313.97800000102933,21687.429814872896,63228.675227342,-184.882485929248,27.837858767002217,1.1209439464568292,0.09432103947166086,-0.6193177665305819
23.02293222904925,21685.5149076548,63192.98307950345,23.29100001402999,313.9750000026707,21687.48463711797,63226.34130539063,-184.8624982875212,27.81632936900632,0.9650440259306649,0.4905321437617835,-0.5605204567833233
22.865512233973533,21685.302299241142,63190.70395090486,23.15700000744069,313.9539999999617,21687.52375256296,63224.02938013247,-184.8606775766092,27.79938754027504,1.0493559844817655,0.045115689387803505,-0.5929699276356226
22.92981776927012,21685.08969066877,63188.42482231736,23.26099997079756,313.9799999950463,21687.547497929183,63221.70675327768,-184.8116966995312,27.77255976062501,1.1922559254987846,1.2080438256848947,-0.6445599220534465
22.91386999874062,21684.838162804168,63186.14555955207,23.30900003541316,313.98700000379347,21687.54008082914,63219.3727158737,-184.78149863993056,27.736830656737823,1.422468132021146,0.7412546573506764,-0.7201237421838569
22.99669553654725,21684.57372618895,63183.84772874643,23.033999998169985,313.948000005375,21687.532391471308,63217.07156544633,-184.79762953543124,27.755314798614933,0.13429606184184736,-0.40163038590053085,-0.11114373949422601
23.029105576765428,21684.29625182736,63181.568376538526,23.292999979729423,313.93100000198694,21687.48597200265,63214.73715561182,-184.79129841697448,27.72179797084681,0.9500198506703825,0.15535994481364668,-0.5545654762621053
22.85110778285339,21683.99276664333,63179.30745821098,23.119000041591,313.9040000080994,21687.4082657178,63212.43588277494,-184.7951914378997,27.704026003139948,0.9644121314553985,-0.09687091412170735,-0.5602710875656141
22.96171332463965,21683.689345726016,63177.02801657865,23.013999989792183,313.8380000109028,21687.338172471955,63210.14536423727,-184.83822003560869,27.71775281383371,0.1882319945491176,-1.0757013915289124,-0.1515014365369984
22.8943211197662,21683.333967820214,63174.7669193736,23.12999999387804,313.78400000673304,21687.237060568168,63207.83262841364,-184.8689229819558,27.69527364836995,0.8484439468026267,-0.7598651655496503,-0.5128167670860732
22.93084665577146,21682.97858964369,63172.50582219229,23.0410000215446,313.75400000309827,21687.104854586512,63205.53113800822,-184.8756315226424,27.6820904860318,0.3965521167833046,-0.16673429561284955,-0.2880894641319372
22.980747770612265,21682.597265052904,63170.24463558008,23.00099998284337,313.7370000037774,21686.96486973288,63203.24086435112,-184.869425103627,27.684036470230588,0.07290796403198385,0.15497640211861696,-0.06241688312890392
22.99052223271056,21682.189994012027,63167.983359544734,23.13799999989489,313.7120000022425,21686.801582435422,63200.928201718125,-184.8709186440335,27.666039343697552,0.5309199618635901,-0.03691028838155823,-0.3627202586740812
22.9118122210196,21681.76974958187,63165.72203881176,23.020000008335696,313.7020000043017,21686.63052302775,63198.62677566432,-184.85749734024432,27.661822346771988,0.3894760343379517,0.3332108007040605,-0.28395213814533615
22.989493328156705,21681.32349417479,63163.47915198081,23.07099999940409,313.6610000054032,21686.41261437268,63196.33599549197,-184.8750252092977,27.64862869210341,0.29342401649058875,-0.43641924387569464,-0.22410984106376491
22.937020009627904,21680.8512922457,63161.23617574266,23.00000000379316,313.6410000038275,21686.194776821463,63194.04542374484,-184.8715550679392,27.64153398806971,0.22672797899492567,0.08641128051646638,-0.17906332654198293
22.944736655131862,21680.36611686983,63158.993154819385,23.042999999078308,313.60400000707216,21685.961313002023,63191.75462965195,-184.8850314418225,27.635830860119647,0.35374803820720474,-0.3353211249502591,-0.2624012923976918
23.02961999137224,21679.854994924903,63156.75004449464,23.02699998673841,313.57799999856763,21685.68896529536,63189.46381055451,-184.8873758282456,27.629891665532604,-0.009432016681786592,-0.05822549758460564,0.003619493930367714
23.02756222789756,21679.34387260592,63154.50693421095,23.14100000620212,313.59900000108814,21685.43242271424,63187.15128242952,-184.84255668422747,27.60728704722697,0.4083760018964213,1.103543314609583,-0.295252780436559
22.99258000398037,21678.793766092025,63152.28221313741,22.94800002698317,313.55200000976083,21685.14435750692,63184.88243040664,-184.8660685077416,27.61301216872755,-0.16048791718991426,-0.5889995211939669,0.05836097293242927
23.002868879328016,21678.24365917712,63150.057492116925,22.932999987333087,313.50700000474967,21684.84073043769,63182.61354460883,-184.8875279012043,27.61773476733105,-0.25152801118174467,-0.5371064615867518,0.08863895852422518
23.077977770413327,21677.65469696556,63147.814113680135,22.978000009036755,313.4800000063571,21684.52163449092,63180.33366922232,-184.89082558581725,27.63667136821449,-0.3599199409556576,-0.08207439589876502,0.12229525361234157
23.0599722333996,21677.06566984733,63145.589258613,22.87800000330174,313.42500000978777,21684.18679744569,63178.075691487815,-184.92228947041983,27.657762690866484,-0.6551000283522924,-0.7897042333266483,0.20330527974292806
22.99926777881437,21676.45063156995,63143.382837499244,22.973999979698768,313.3660000100767,21683.82859390504,63175.81759362713,-184.9576738999688,27.663309115199947,-0.09096407681617223,-0.8866675084040821,0.03388067805970534
23.05276998818825,21675.82261970915,63141.17637173736,23.03100000329805,313.3080000069648,21683.47047088482,63173.53727667041,-184.9918389442024,27.652335191546268,-0.07837194560471517,-0.847982375379796,0.029325928334165384
23.07592000883211,21675.181698719764,63138.95133800778,22.95700001542437,313.26900000939764,21683.09676623322,63171.27932365331,-185.00717275107803,27.682832656497112,-0.42811197626786424,-0.3838690398672946,0.142198004249888
23.00184000131913,21674.52773965552,63136.744782953065,22.91799999016973,313.19400001107016,21682.707370673048,63169.02095991982,-185.05845203426568,27.69651578126892,-0.30182404013784636,-1.2818480505933871,0.10448475765968288
23.08054998362862,21673.86080696579,63134.53818326499,23.000000002961176,313.138000010195,21682.30247084,63166.76273105537,-185.09067982111813,27.711907319455435,-0.2899799304028036,-0.804795476844679,0.10076733658057178
23.11861889608432,21673.19387380165,63132.33158364088,22.94399998531017,313.0860000008278,21681.8586244017,63164.51552230383,-185.11888536713047,27.72992365460226,-0.6286280787869402,-0.7054753827927753,0.1964473801422241
23.05585666630305,21672.47498305684,63130.143328599246,23.119999997253377,313.0940000079663,21681.41509731001,63162.23556510675,-185.0867646776236,27.71422049085361,0.23091599142117475,0.7922956290015563,-0.18184424586588385
23.115532217987155,21671.78210257844,63127.93663972001,22.95400002080656,312.99000001418176,21680.955466596417,63159.99890159973,-185.1670257527135,27.74875176449796,-0.5815159098501411,-2.013105304253078,0.1840223078401441
23.090838889126736,21671.06321081681,63125.7483848364,22.975999989847736,312.9510000051252,21680.47274206356,63157.751687821474,-185.1821010856504,27.757917804294514,-0.41342003740440136,-0.37578834837059766,0.137866310250728
23.123763332601552,21670.3314098162,63123.54156201843,22.995999999349152,312.90100000874406,21679.982195608023,63155.50433817872,-185.20814995092044,27.78797277871807,-0.4599479997086391,-0.6488063966988109,0.15105736805927056
23.09906999867192,21669.5865706616,63121.353217903634,22.994000003979465,312.84500001162985,21679.460452747146,63153.267936322736,-185.24020269415053,27.80722675125561,-0.37825198089283135,-0.7996529829035195,0.12752795651152873
23.127364448730965,21668.841730975564,63119.164873878166,22.96000000230561,312.76200001259014,21678.91522644984,63151.04230085032,-185.2992848394632,27.831207896742697,-0.6025120071312827,-1.4769746486321917,0.18959521643702856
23.08363665838121,21668.08385312794,63116.99500856531,22.96799999949574,312.69000001371813,21678.36225283314,63148.81674773122,-185.34734173475044,27.84052308267956,-0.41629197198769535,-1.2005180844067225,0.13858197654225662
23.186011111342765,21667.31306599628,63114.80657533335,22.94100000898104,312.59200001556235,21677.785799152447,63146.60197094719,-185.4214280790534,27.875742292004208,-0.8820399685022139,-1.854153504582997,0.25884290826300055
23.08518000660897,21666.51626748024,63112.63657613032,22.88900000312261,312.507000013339,21677.18599770305,63144.3983572395,-185.48254601495515,27.906027551099328,-0.7062480125508884,-1.5329655574698533,0.21631578838423074
23.145369993177123,21665.732441599925,63110.466621720174,22.90399999658721,312.43000001017015,21676.586222976104,63142.19482297291,-185.53566520723115,27.933316640260976,-0.8689319877236884,-1.3324669169732761,0.25577952090835937
23.127878888722016,21664.9356419646,63108.296622719696,22.90600000222961,312.3750000104436,21675.970992616523,63139.98033875063,-185.56662299811572,27.95051155406589,-0.7987639913726582,-0.7717003293439442,0.23909658695560496
23.15977444490127,21664.12593298584,63106.108055812365,22.91599998863269,312.31000000669326,21675.32451344918,63137.78787725447,-185.60769451450253,28.00088229492922,-0.877588042566883,-1.0293921648823796,0.25780429427489493
23.12376333368263,21663.31609456996,63103.95653564808,22.99200000120757,312.2820000082238,21674.701589528075,63135.573634093525,-185.61162876416543,28.004618872271124,-0.47434799691021684,-0.09799841729930477,0.15476099492283926
23.17932332192932,21662.506384442542,63101.767968956025,22.89500001678628,312.20100001363204,21674.016095139268,63133.39199459517,-185.66867773398,28.05341643796759,-1.0235638985149451,-1.4290657694692772,0.2909406906584656
23.20864667046727,21661.683636091195,63099.59788099475,22.85999999612928,312.12800001247075,21673.33062741008,63131.2104345375,-185.7177279704757,28.089849335895767,-1.2551280276167718,-1.2288104732508058,0.34013189762058293
23.137138905697928,21660.84784950873,63097.44627178447,22.89999999625071,312.0510000097704,21672.62957707865,63129.0287813082,-185.770725465026,28.108515427831307,-0.8537000740099842,-1.3248787689094221,0.2521991982897004
23.08672332185709,21659.999089106183,63095.294618012966,22.88200000811456,312.0010000105326,21671.936402130195,63126.847422674415,-185.7967519330836,28.13542536024745,-0.7370039294731087,-0.6514821744578945,0.22399315319074892
23.24054220079524,21659.16336576255,63093.12448571147,22.84899999623228,311.9220000111576,21671.211913851475,63124.68789847817,-185.8518910470336,28.184856615534528,-1.409551936426655,-1.3866910400343821,0.37107470011787
23.237455579078087,21658.314604178933,63090.97283216138,22.88800000404107,311.87100000833635,21670.479774423955,63122.51751060716,-185.8788958026965,28.20914233365985,-1.258040070133258,-0.675465705975945,0.3407278793795844
23.098555552284942,21657.439895504485,63088.82108938429,22.823999999824963,311.80800001120184,21669.73977083236,63120.358091628965,-185.9179840893329,28.25069340002212,-0.988399988855926,-0.9810225055628292,0.2831248439325838
23.24671554058988,21656.57815946767,63086.66939139756,22.882999999101944,311.7370000123567,21668.98417101609,63118.198539851845,-185.96501942348945,28.282094456980875,-1.3093759493565642,-1.1777257030717618,0.35115229561709765
23.206588899223465,21655.7034495749,63084.517648861794,22.832999999364983,311.6660000088226,21668.212963422087,63116.050049117584,-186.01211228203505,28.32315142471776,-1.3449200394905376,-1.181857137596433,0.35828231240743996
23.19835777503763,21654.82873906937,63082.365906446765,22.89299999854845,311.6180000105489,21667.44187196776,63113.89067193671,-186.0360971865572,28.35441003328373,-1.09928799536104,-0.5993154632465246,0.3074431242859484
23.22202221529755,21653.94105468849,63080.21411948973,22.82400001084661,311.5340000134886,21666.64722767434,63111.75308673122,-186.0962209965361,28.402254140079627,-1.4328799360233802,-1.5102066491687054,0.37564005912338255
23.24671556235012,21653.05336968508,63078.06233265378,22.8169999952262,311.4670000093182,21665.844856184493,63109.61564334455,-186.1393198991669,28.44751888776598,-1.546976041646103,-1.0814730966852946,0.39760589948367203
23.183953331693303,21652.165619664083,63075.92906926643,22.846999997000232,311.4110000093873,21665.050305761783,63107.47833592352,-186.1714468807216,28.47889907900092,-1.2130320048950551,-0.8072117640339912,0.3314584248704607
23.25288888563605,21651.27793342493,63073.77728268488,22.868999991329343,311.3530000089137,21664.240218057912,63105.32984066626,-186.20541123257328,28.511357904296155,-1.3820000195041473,-0.8474523874655415,0.3656478313275834
23.207617780859927,21650.364235606667,63071.64393023085,22.923000000488766,311.30900000486884,21663.43796158136,63103.181511085175,-186.2254038419809,28.540025146511567,-1.0246240093361778,-0.49949620330226524,0.2911747732258812
23.246201105308213,21649.47654811416,63069.49214390295,22.873000004753298,311.27900000779624,21662.62010608063,63101.055495809785,-186.23156473271888,28.590617128282183,-1.3435239619976955,-0.1549638575552559,0.3580035702050732
23.225108900462345,21648.575822327613,63067.35883636621,22.87000000642324,311.21600000943414,21661.7866081602,63098.91798553116,-186.2705613106619,28.61264032970611,-1.2783920185407796,-0.9737848801112181,0.34487900576621794
23.182924434906106,21647.67516030077,63065.2070056385,22.82899999106897,311.1730000063244,21660.95313882457,63096.79178810293,-186.28966981155307,28.66227075084173,-1.274127997813693,-0.47939760445324653,0.3440113168318403
23.29507332568928,21646.748486660646,63063.07360905697,22.902000013628005,311.1180000132409,21660.104059605885,63094.66541829964,-186.32072515324688,28.69888831901908,-1.4150639234205926,-0.777083875015284,0.3721558207518223
23.24362889931376,21645.86079666473,63060.92182324166,22.721000007285948,311.0120000195113,21659.19233907428,63092.59390159608,-186.4031152401465,28.76350637385941,-1.881464011300119,-2.0848194519108993,0.45919800747170797
23.225108889076143,21644.960068373315,63058.78851622038,22.84399998559237,310.90300001386686,21658.272900750817,63090.5000995063,-186.48825934804785,28.792673935175408,-1.3719920525415874,-2.132317205958038,0.36366697410240706
23.22613777516373,21644.046366138868,63056.65516468731,22.823999999931825,310.84400000722,21657.37702294632,63088.39575883714,-186.5233769916096,28.82632318302689,-1.447695990834852,-0.879686396519879,0.3785259402026531
23.233340006240848,21643.14570095784,63054.50333460829,22.85500000930541,310.7850000150138,21656.512320532904,63086.28041100482,-186.5584920647237,28.87389016596408,-1.3620239889675758,-0.8803324013871274,0.36168882569834404
23.19990110160148,21642.231997461127,63052.36998333716,22.77899998488834,310.68400001108927,21655.608437581788,63084.197856873885,-186.6358023455981,28.92452293908705,-1.5152440201673016,-1.9503760857816348,0.3915545562247265
23.32079554454927,21641.31835769132,63050.21810888113,22.985999986992567,310.64700000821364,21654.720494192206,63082.07153237397,-186.6487303489704,28.95803598300251,-1.20526400720413,-0.32145084175600275,0.3298457792227069
23.26266335614404,21640.40465292547,63048.08475787122,22.87100002213788,310.5670000133153,21653.82450421741,63079.97809888621,-186.7049600798372,29.00169952178916,-1.4099880024221663,-1.4145393847229126,0.3711602848868711
23.198357757486647,21639.477974186644,63045.95136236642,22.83000000084496,310.4990000109789,21652.90520128929,63077.884704051445,-186.74911134649312,29.04143095830123,-1.326087923910069,-1.1062878316332225,0.3545133419719602
23.405164433029803,21638.57730584005,63043.7995329463,22.840999989160583,310.4250000123035,21651.98587742311,63075.79124996488,-186.79926310160573,29.08803467616763,-2.0309919979291933,-1.2565608920081937,0.48571007993591664
23.30433334739744,21637.663663522384,63041.64765901648,22.88300001654008,310.3480000137929,21651.05875843555,63073.697739551375,-186.8523888668313,29.13666981772748,-1.5167999910864893,-1.3291913517266294,0.3918522800150448
23.31667999847943,21636.749956216263,63039.51430854201,22.73699999564868,310.26600001042664,21650.15493631973,63071.61537472288,-186.91070507234983,29.18752565967948,-2.0868480101906957,-1.471568582742624,0.49544034199421244
23.28066889249204,21635.82333926785,63037.36239025549,22.91999998276488,310.21600000912525,21649.235730597386,63069.51104435234,-186.93675064642736,29.234296338741668,-1.2984080750177753,-0.649834954292312,0.34893793906812526
23.32233887322504,21634.90969503057,63035.21051673043,22.86000001304812,310.1430000133105,21648.33979940529,63067.40656673763,-186.98587570815155,29.28485831391313,-1.6644198966369146,-1.2303964891632013,0.419654837774565
23.389731116742787,21633.98307678981,63033.05859871084,22.85899999491699,310.0640000120956,21647.40484824252,63065.32412499206,-187.0410879533692,29.34578851783033,-1.910632038572875,-1.3855603551913025,0.4644146508230427
23.31102110979191,21633.082340297948,63030.92529339405,22.86600000433077,309.9940000113436,21646.50114165354,63063.219650660256,-187.0871881830234,29.371270223686984,-1.602075979660107,-1.1531179284582094,0.4080157791259506
23.414938876181203,21632.15572077684,63028.77337564992,22.83699999854744,309.9250000106607,21645.59739923645,63061.12630093707,-187.132399228408,29.43413327666378,-2.0805799594815455,-1.1359417711653916,0.49435165576320556
23.3969333433838,21631.242073980444,63026.6215026564,22.857000005896893,309.8660000087048,21644.69372871705,63059.02193587938,-187.1675017031706,29.48183416228089,-1.9437600149528664,-0.8781217745390598,0.4703160142634611
23.355777779274632,21630.315453167343,63024.46958518001,22.81299998962711,309.8180000069444,21643.821232339888,63056.91778705802,-187.19171214570645,29.546719280378014,-1.9540000427310844,-0.6089477830349341,0.47213533827696663
23.368638886716266,21629.38883170484,63022.31766784,22.9399999949172,309.7700000105703,21642.90985214555,63054.80238992713,-187.2156802987784,29.586292257586194,-1.5431000104766313,-0.59618026498332,0.396869001627107
23.38767332489701,21628.462209592693,63020.16575063668,22.8570000091326,309.69900000913367,21642.006100565275,63052.70902108261,-187.26289450570405,29.64913380487775,-1.9104239367518645,-1.186246740048608,0.4643775023923398
23.44683444204269,21627.54856022817,63018.01387818204,22.85500001022889,309.6510000112458,21641.094680534592,63050.60473881793,-187.28697423349783,29.69393109790726,-2.130603954529684,-0.601616094562376,0.5030190857410929
23.41288111680005,21626.62193682792,63015.861961249466,22.792999981295704,309.56400001203144,21640.19083495032,63048.52232644622,-187.3502991114345,29.766855260839183,-2.2315720878156484,-1.597858730008862,0.5203814862598054
23.41390999578736,21625.69531277717,63013.71004445506,23.00499999104116,309.5100000097442,21639.30286237904,63046.38472187294,-187.380130313866,29.79491419017685,-1.4720760170863216,-0.738370148460332,0.38325221622660355
23.43963222026904,21624.768688081844,63011.55812779688,22.85400002465615,309.43200001371764,21638.399084711666,63044.2912844196,-187.43434740668857,29.857682591695767,-2.1082759042064096,-1.3620869367074462,0.4991562863603362
23.450949993866423,21623.82908932224,63009.406166674016,22.82699999768516,309.3510000133968,21637.4874732943,63042.20890521059,-187.49164843165403,29.93267662626685,-2.246219986252548,-1.443974767666357,0.5228875959327133
23.46123890479071,21622.91550104777,63007.23577157053,22.837999992464344,309.2810000067807,21636.57593713508,63040.11552054921,-187.5378409748409,30.004570029654342,-2.2436600843749246,-1.1590037485395044,0.5224498313367155
23.34806110410427,21621.97583668004,63005.10233404111,22.92499998441701,309.25200000801954,21635.69579260801,63037.98930542893,-187.5428133842709,30.034113960199942,-1.5230200308741417,-0.12380483391229564,0.39304140048137776
23.525544425029903,21621.04927368704,63002.931894615554,22.947000016412822,309.17700001214405,21634.768669535257,63035.89581805586,-187.59395403564324,30.10493062615613,-2.0827598710214903,-1.2795520520262447,0.49473036972663964
23.49004779280223,21620.10967231343,63000.7799340425,22.84299999014165,309.1250000056993,21633.88840731846,63033.78049011812,-187.62203673902115,30.161574904349017,-2.3293720895780896,-0.7022340921105459,0.537063707747427
23.4509499959033,21619.1830437138,62998.6280182116,22.977000008278733,309.075000015121,21632.96919068536,63031.67616279135,-187.64809713453567,30.20834691081736,-1.7062199554484452,-0.6502042693592192,0.4273819065251718
23.49159111171679,21618.25647876506,62996.45757919211,22.7920000017774,308.9650000123457,21632.080869305933,63029.5824634037,-187.734371452342,30.29389541214233,-2.518527995781807,-2.172389407540223,0.5690872161105296
23.451978890059827,21617.316811133453,62994.32414235848,22.97699998460907,308.92800000759087,21631.169518480947,63027.46717733557,-187.7473509606657,30.32155715372521,-1.709924059622729,-0.32287451557966107,0.42806383126704534
23.489018884861625,21616.40321832412,62992.15374821093,22.878000017585336,308.8540000117465,21630.27357199672,63025.36269330758,-187.7974923795516,30.38917539254609,-2.1996679221946422,-1.2558377850777067,0.5149125276890933
23.48284555534769,21615.463677965115,62989.983265012765,22.90799997888848,308.7990000087304,21629.369904832827,63023.258370725685,-187.82860904879703,30.464051434944444,-2.069444075253159,-0.778439829892382,0.4924155276893388
23.519885545268327,21614.55001957488,62987.8313944477,22.99700000840097,308.7350000117663,21628.46628378751,63021.13173017912,-187.86850630659265,30.49120072069173,-1.882387932722483,-0.9892071265814185,0.4593635583354732
23.555896672180392,21613.610477903545,62985.66091153372,22.86100001057644,308.6530000158878,21627.562485432787,63019.038255268206,-187.92673300647,30.57603611323488,-2.5016279817742273,-1.462750053787624,0.5662341420192839
23.49519222258129,21612.69688249738,62983.490517918064,22.92099998656845,308.5540000134858,21626.64306010941,63016.9445587892,-188.00190637097143,30.64456815295089,-2.0670920496462286,-1.88288912552194,0.4920062705844509
23.555896659716662,21611.770312983423,62981.32007985784,22.93600000632216,308.4880000111552,21625.73935330961,63014.84012805324,-188.04402572839268,30.71429083235311,-2.2316279522202067,-1.0535851485899634,0.5203910496782314
23.53686222920701,21610.830769336328,62979.14959735423,22.92399998665832,308.41900000817344,21624.83567434661,63012.72455327759,-188.0890358933645,30.778771689029607,-2.206304073175285,-1.1208717364351477,0.5160513127763416
23.50651000325529,21609.904134237848,62976.997682887966,22.96700003180728,308.3630000175595,21623.93982320285,63010.60913405941,-188.12107419795524,30.824308017759684,-1.9422358972128322,-0.799002097651341,0.47004503718783863
23.51165443680988,21608.97756275577,62974.827245242246,22.704999993725583,308.2240000173777,21623.043536233978,63008.53735190706,-188.23654818248693,30.92701604625072,-2.9039559951034732,-2.9283988772134686,0.6342605047623554
23.593451095693503,21608.0639641118,62972.65685229856,23.026999963859268,308.17500000520715,21622.14774617924,63006.41088778951,-188.26147869075,30.97441495427597,-2.0392240746032457,-0.6190219335112129,0.4871483136121102
23.618658905641087,21607.124417837967,62970.48637035317,22.97000002069424,308.1170000143293,21621.259709500584,63004.28436153439,-188.2954361295708,31.034828759981647,-2.335171985808651,-0.8442076874184626,0.538049649193393
23.482331114093903,21606.19784439505,62968.31593311275,22.954999988714945,308.0210000131211,21620.34811317472,63002.17960829032,-188.36753217956783,31.101207106426585,-1.898392051364246,-1.8003511946719246,0.46222798475080923
23.602711090260144,21605.271270301087,62966.14549601344,23.0249999973916,307.9600000103487,21619.452242131883,63000.06414047904,-188.4045743518041,31.16376482965452,-2.079759934326758,-0.9237520945325639,0.49420916884372473
23.638722225837,21604.344759804982,62963.95653572816,22.976000011380624,307.88800001084724,21618.548548833147,62997.948537260905,-188.45259014127623,31.24024689057741,-2.3857999720429564,-1.1956821416998042,0.5466428315400402
23.606312226854,21603.418184398564,62961.78609889622,22.93300000224804,307.829000010594,21617.65268336224,62995.83308957353,-188.48763407831368,31.30282556834282,-2.4239240085814617,-0.8739362305920448,0.5531000576543426
23.58573444833793,21602.50458185822,62959.61570676209,22.938999997796888,307.76100000916824,21616.733394932435,62993.728587293095,-188.53170836136783,31.361435843643328,-2.328244021947755,-1.0994706667644585,0.5368719051867529
23.567728887640985,21601.56503163198,62957.44522564727,22.92800000902916,307.7080000121968,21615.83750998033,62991.62431382559,-188.56086409295696,31.439353489298924,-2.3030239630025764,-0.73037897752725,0.532580345932263
23.59036444326769,21600.65142778804,62955.274833784366,22.893999988218628,307.62200001039434,21614.93372835077,62989.51968735617,-188.6229922439608,31.503828717784792,-2.5069120381766186,-1.553742727398213,0.5671263036415264
23.57801777867771,21599.73788754301,62953.085918735575,22.99900000317559,307.58600000621533,21614.02236937329,62987.404414344775,-188.63498754455927,31.57264534625355,-2.084463991807644,-0.29839324371154186,0.4950263587060203
23.612999986450724,21598.811308878827,62950.915482583005,22.89599999807937,307.5340000079848,21613.149916509166,62985.27800245352,-188.6630059844687,31.6341031935533,-2.581199958136881,-0.6984139795912236,0.5796614151035696
23.65467001561774,21597.884729558016,62948.74504657016,23.01799999516441,307.4950000065726,21612.238546172004,62983.16270008003,-188.6780027805364,31.690842367982803,-2.2920120736319887,-0.37305098661561686,0.5307043428027323
23.48336001480461,21596.97112312708,62946.574655240496,22.914000012425827,307.4480000080065,21611.358286002847,62981.04742573135,-188.7011063544084,31.75454940069157,-2.049696008563619,-0.5777483544346954,0.4889757311940021
23.51371221667578,21596.05751605309,62944.40426404633,22.932999996956585,307.390000013055,21610.446811624883,62978.94305029719,-188.73521355918697,31.81630102956281,-2.090563990989105,-0.8520746858176245,0.49608539491254944
23.474614456129824,21595.14390833456,62942.23387297925,22.914999999256825,307.3000000125725,21609.550797341344,62976.83841206825,-188.80137303354212,31.88376417085889,-2.014612044742799,-1.6567061698862848,0.482843807153345
23.448892212906927,21594.23023575056,62940.08200537023,22.935000005033828,307.24300000890787,21608.6471481682,62974.72295909058,-188.8343987567494,31.92123449879428,-1.8500119483431547,-0.8225202088847487,0.4535497928214679
23.51319778437895,21593.316626745866,62937.91161457338,22.85100001208253,307.1760000127657,21607.743426014207,62972.61852191597,-188.87753453825383,31.9859276114963,-2.383911980267111,-1.0789986787200732,0.5463227731852058
23.39230334407331,21592.40295288161,62935.75974722662,22.86899997907512,307.1050000079025,21606.83965117772,62970.52515989853,-188.9247807098156,32.043753478374896,-1.8838921139934783,-1.1870480795120504,0.4596330377634869
23.41802555279846,21591.489342589182,62933.589356698525,23.010999992851325,307.078000003851,21605.95174770192,62968.38782849595,-188.92764417758656,32.08414522157777,-1.4652920158096918,-0.07088784925260339,0.3819398481352692
23.37635556369037,21590.588705226928,62931.419010831065,22.94600001160332,307.03600001064245,21605.055931313884,62966.27255123307,-188.94570060923056,32.13685081197779,-1.5492799875133814,-0.4503568841123651,0.39804362355593503
23.35937888796215,21589.688003023413,62929.26718841308,22.953999988735053,306.9670000081552,21604.167807510035,62964.157033911535,-188.990782992103,32.175204259899786,-1.4593640372175558,-1.1256629030457599,0.38079133941256155
23.370696665023,21588.78730019173,62927.115366128965,22.997000008354178,306.9340000069117,21603.272058899056,62962.03073142643,-188.9997318137821,32.20067418267599,-1.3453079640077632,-0.22222174027637076,0.35835974712393925
23.36503778249503,21587.873687341533,62924.94497612369,22.88700001082181,306.87000001193275,21602.39169674586,62959.92640513037,-189.03995246225023,32.2744369253652,-1.7209359780235858,-1.010160367996869,0.43008850183604913
23.32388222802963,21586.97298324077,62922.79315409201,22.909999991193185,306.8060000083828,21601.511372559093,62957.8109644752,-189.0800641777252,32.31585167187896,-1.4899760526111947,-1.002922518373453,0.3867049297142035
23.311021109739794,21586.05924071892,62920.65981099075,22.947999994374303,306.7610000082001,21600.60775854189,62955.69563161543,-189.10109800209565,32.3363690630773,-1.3068760153157684,-0.5239063680764906,0.3506481723116361
23.30227556586604,21585.145561755817,62918.50794469926,22.97200000080812,306.70700000752095,21599.711897980167,62953.58023668036,-189.13115874799456,32.37688528313717,-1.1889920342085147,-0.7496957461796566,0.32645512144365635
23.242085549616288,21584.23181796164,62916.374601865085,22.93000001125816,306.66100001093065,21598.83167140121,62951.45385992131,-189.15316416898744,32.39618489049201,-1.1235079380892656,-0.5478399955922538,0.3126314796193995
23.33674332981424,21583.33117552025,62914.20425703981,22.89999998958977,306.5870000078297,21597.927880463336,62949.36046993454,-189.2034183876169,32.46603604652546,-1.5722760248080945,-1.2625830191868856,0.40240075219941307
23.26163445483775,21582.41743046205,62912.07091446334,22.983000004262056,306.5640000055285,21597.039984468945,62947.22317958933,-189.20229040462613,32.47231053104316,-1.0030840220724997,0.02792478847264304,0.2864008674855767
23.246715561817584,21581.503748947747,62909.919048705095,22.85600001501882,306.5080000089642,21596.15182218222,62945.13002130741,-189.2346003952204,32.53631656418473,-1.4065759684755463,-0.8141021903650892,0.37049036745467023
23.18704000128703,21580.60297624208,62907.78575090734,22.906999973036463,306.4720000038894,21595.271627016813,62943.00374402454,-189.24660967886652,32.55070582249678,-1.0081441017020438,-0.29899922439007065,0.2875256931771591
23.22870999745647,21579.6892292808,62905.65240873359,23.037000003690945,306.4490000045241,21594.36812165985,62940.87751518789,-189.2455407721704,32.561210753748945,-0.690155977555888,0.026509823759390937,0.21225575498446195
23.20298777881158,21578.801493128547,62903.50063239032,22.89000002058939,306.410000008553,21593.47226905934,62938.77338414402,-189.2607178469717,32.60207694209323,-1.1267559295998795,-0.3802391549319307,0.3133240799280109
23.21893555877713,21577.87477127484,62901.36724596413,22.88099999083649,306.3550000075901,21592.57636178939,62936.669095129655,-189.2918948739658,32.64078082574916,-1.2165680445863047,-0.7810004236663449,0.33219124006408335
23.17520777753743,21576.9610224154,62899.23390418473,22.91200000521451,306.322000004454,21591.67274374929,62934.56499697213,-189.3010473543111,32.67167179726528,-0.9475479803625177,-0.2290012982271559,0.2739157663229532
23.19527112050787,21576.04727292152,62897.10056253796,22.83300001193034,306.28900000709683,21590.76130205414,62932.47198676992,-189.3102837897622,32.7097938589201,-1.304175990879098,-0.23181776880195007,0.3501033026529306
23.08620889538793,21575.159470097213,62894.96731002745,22.826999988935203,306.2440000055819,21589.849819199,62930.37885814014,-189.33152039443087,32.73776332116276,-0.9331520632298179,-0.532958589910911,0.27063635914871415
23.111931116776056,21574.24565519225,62892.85249195856,22.89000000425128,306.2220000035868,21588.94623649932,62928.27486914494,-189.3296759329768,32.75168700721823,-0.7989520050891897,0.04615222149651352,0.2391419497749787
23.03116333129297,21573.331839650164,62890.73767402844,22.78200001625859,306.19500000422715,21588.042597775657,62926.181945409735,-189.332941719714,32.775809807452696,-0.8969879341237686,-0.0820801763929138,0.2623166609611499
23.12530666257184,21572.44403496948,62888.60442190284,22.79199997906519,306.17600000218346,21587.131200941967,62924.08907415753,-189.32818219605065,32.804080381378625,-1.199904060623949,0.11946348972107307,0.3287307955351516
23.05122667519855,21571.51724451693,62886.48955973527,22.88300001778187,306.15800000526946,21586.21984539225,62921.985098398975,-189.32231384255675,32.82004343471342,-0.6056159667000415,0.14664162879293974,0.19126646878319653
23.061001112772907,21570.616464912848,62884.356263375616,22.68300000354908,306.1270000008876,21585.300545217546,62919.91431120817,-189.3297481224412,32.87072887348583,-1.3608039932057794,-0.1880021541864777,0.3614463603108826
23.015730002316285,21569.72859422614,62882.24153494927,22.881999968486863,306.1509999946255,21584.420545496105,62917.78862851657,-189.2817705845364,32.863609986608296,-0.4814281217859218,1.1946748372663256,0.15818545326685193
23.038365555785088,21568.80180187968,62880.126673183455,22.8950000179186,306.1699999993973,21583.53270522272,62915.67398433247,-189.2388767130284,32.87870636113899,-0.5161159363193519,1.0714580878437043,0.1677528126042742
23.00749888971169,21567.91392995135,62878.01194502072,22.782000009157528,306.1669999998927,21582.62914390892,62913.581298548925,-189.21814871134285,32.893069924746854,-0.8117959699949865,0.5210071559547792,0.24223226593657088
23.02756222402841,21567.013147864483,62875.8786491764,22.77500000459776,306.16700000251177,21581.717769057257,62911.49973035479,-189.1945048021128,32.93683054871505,-0.9092239899503426,0.5961463371712487,0.2651448525631325
22.956568905954537,21566.125274713108,62873.76392125961,22.746999989701543,306.144000001402,21580.81413895828,62909.406847267775,-189.1937773398281,32.95101694166451,-0.7544480985107797,0.018283906236876358,0.22830072060803672
22.90100888122251,21565.2113894192,62871.66762782601,22.85399999763975,306.1559999973024,21579.926272582303,62907.29213442728,-189.157886379955,32.94391335979408,-0.16923198089793204,0.8965330346106274,0.06179525960451803
22.98023333526447,21564.32351503752,62869.55290017062,22.766000010371545,306.16200000050407,21579.022700705507,62905.21065260146,-189.12827179364965,32.96865784183992,-0.7712399696145241,0.7477248819971691,0.23241595342947186
22.85368002328957,21563.422666341467,62867.438128157366,22.801999986555423,306.1520000026523,21578.1269357448,62903.10681051289,-189.1144643745833,32.980700352182104,-0.18604813224293082,0.34597074527503324,0.06757315292157418
22.80069221570133,21562.534726609152,62865.34192407307,22.834000009913893,306.1390000002243,21577.215552421527,62901.014000042735,-189.10371416674764,32.97490959832064,0.11990805916523328,0.2698345860256382,-0.10091661030855181
22.87785887975515,21561.64685040144,62863.227196791326,22.748000000439625,306.14799999842165,21576.33541951835,62898.910399298926,-189.0709625321421,32.9881458987159,-0.46749196553588634,0.8228746506290213,0.15454476967416125
22.87220000778032,21560.73296201603,62861.13090400947,22.82599999226727,306.1579999967133,21575.455289394584,62896.80680854619,-189.03721176626624,32.99426237090907,-0.16632005584698392,0.8479777281924608,0.06083815664650344
22.80429334763641,21559.857994182406,62859.03474477429,22.79300000827233,306.1799999989265,21574.559630050368,62894.70328302128,-188.99140936443328,32.97956347434415,-0.040656021710688606,1.1476923663535106,0.01555211985973651
22.75593554791393,21558.970052029825,62856.93854119506,22.7799999973593,306.1650000041186,21573.655983596607,62892.62159455054,-188.9827985003497,32.987004065545214,0.08663201800334122,0.21740198623009344,-0.07425397287892084
22.836188889404674,21558.08217337812,62854.82381441884,22.788000004771128,306.14800000037684,21572.7523682758,62890.52877194144,-188.9760787052265,33.00127731081472,-0.17347998468076753,0.16889818643453156,0.06330457572169651
22.745646677323023,21557.20720374886,62852.72765555237,22.76599999046791,306.1589999973315,21571.856631452607,62888.43625268768,-188.9413877965997,32.996756876957896,0.0732719273215963,0.8731697318079902,-0.06327477875603259
22.74256000306729,21556.319259780583,62850.6314523453,22.88399998596616,306.169999999439,21570.96875557824,62886.3215311954,-188.90650497643185,32.97965079483571,0.5091839384359318,0.8713498667118209,-0.35371630575343493
22.71889554583245,21555.44428895224,62848.53529372402,22.87800001035185,306.16899999997526,21570.065230930548,62884.21775245648,-188.8836788675756,32.961766110056416,0.5727760722698463,0.5711913282878618,-0.3866619731623351
22.79400445488488,21554.56931753048,62846.43913522789,22.815000006701087,306.17499999819285,21569.16947538831,62882.12518419063,-188.8539901334943,32.9572133334908,0.07558398653834218,0.7472633332474657,-0.06515049836428287
22.61652112962382,21553.69434551192,62844.34297685117,22.82099999096821,306.18499999936,21568.281555811584,62880.02156771548,-188.8202193484293,32.94540894048563,0.7361239008398087,0.8473505729771396,-0.4633288635236632
22.677739972913947,21552.81937289716,62842.24681859648,22.88099999683289,306.1859999989373,21567.385820658776,62877.91783580196,-188.79542235064744,32.93054462197632,0.7317360861081966,0.6213491352987698,-0.46133106963439
22.791946669882456,21551.94439968649,62840.15066046617,22.8490000078823,306.1910000019293,21566.482313802724,62875.81411681506,-188.76659984459369,32.91276496955627,0.2053920167994349,0.7212480526817759,-0.16509700640461442
22.65098891632003,21551.069425878068,62838.05450245236,22.83599999387895,306.16700000273585,21565.578669964,62873.721226163136,-188.7668861962576,32.90497817433363,0.6660398792121072,-0.0071970723079309235,-0.4315418631257956
22.559932223838896,21550.207361159737,62835.97691233522,22.87500000374816,306.16200000145705,21564.68291272192,62871.61743540294,-188.7480913315636,32.868018893232104,1.1342440076733482,0.4709460039174165,-0.62409903985687
22.609833319752788,21549.34535994536,62833.88079901875,22.81400000197967,306.15199999884203,21563.771530317263,62869.52465656293,-188.7343535427813,32.85255482056902,0.7350000560167814,0.3448269043389565,-0.4628096761059386
22.6396711244284,21548.4833581446,62831.78468581543,22.881999984872103,306.1769999957648,21562.883696167577,62867.41007439236,-188.68547888497943,32.82574718119943,0.8723838975973294,1.2208430734880973,-0.5228990207136104
22.517747783576187,21547.62129167167,62829.70709605287,22.943999994311472,306.1939999973505,21561.988049801752,62865.295386669226,-188.64457807891205,32.778772363929754,1.5345079586470263,1.0203166195267492,-0.7541050542125262
22.59594331842236,21546.785236281816,62827.61107198168,22.92800001515296,306.2070000000055,21561.10017392442,62863.18068626143,-188.60770441494745,32.74207740487684,1.19540410823016,0.9210793024691769,-0.6456524838546386
22.59645779274985,21545.91025893509,62825.51491468584,22.85099999106788,306.20299999818064,21560.20441698523,62861.07690600635,-188.58791371004693,32.72725115426703,0.9163519139449122,0.49589984218686806,-0.5410207113078002
22.50591555507497,21545.07413831216,62823.43741415942,22.99999998503268,306.22699999739524,21559.339969302888,62858.9512799399,-188.54001230645093,32.672034131071804,1.778703947847754,1.1958747147276838,-0.8230866350184015
22.56044667141301,21544.23808120311,62821.34139042188,22.96000001494335,306.22300000235686,21558.44424962069,62856.83638540197,-188.5201136555992,32.63231473172273,1.4383920367092216,0.4963869463084299,-0.72505469070555
22.45344222964889,21543.38898564328,62819.26384567897,22.906000001648607,306.2139999996015,21557.548473978128,62854.732556174255,-188.50532514700657,32.59058174606502,1.6292079791989849,0.3705543575515426,-0.7816204303431685
22.50334332709988,21542.565901200986,62817.167866605625,22.94199998735223,306.2309999952782,21556.68400085697,62852.606861357184,-188.4644258398024,32.54764851072045,1.5791639769084556,1.0210725972116619,-0.7672097738371468
22.49819888427601,21541.7298423808,62815.07184320152,23.01299999602348,306.25599999851363,21555.8040233449,62850.470077716825,-188.4153651595806,32.49353720266339,1.853284002290893,1.216219626547455,-0.842972746301741
22.54861444675004,21540.9197306315,62812.97590877423,22.97900001026948,306.2529999997936,21554.92387382785,62848.35524690255,-188.3945229314822,32.45014576925732,1.5493880286699848,0.5213052755055662,-0.7584982533229112
22.4498411304098,21540.109618331928,62810.87997445293,22.93999999899344,306.2699999953917,21554.059398892507,62846.229552416415,-188.3536261059184,32.40248728550116,1.7645719269010969,1.02101048722419,-0.8192614445948342
22.394795552103496,21539.31247930941,62808.78408466293,22.972999996720308,306.2959999973782,21553.187169084136,62844.10392017968,-188.3037040639743,32.34730289855932,2.081536000620524,1.2447060891159456,-0.9006221275283848
22.43698000086811,21538.515339743622,62806.6881949774,22.99199998839468,306.29900000074934,21552.3148610874,62841.978061078575,-188.27678159805947,32.291970637009804,1.9980719550956536,0.6712626555217515,-0.8802551118292918
22.407142216094947,21537.73117347174,62804.59234981772,23.04000001652493,306.30299999616614,21551.41920194444,62839.852131945576,-188.2487804576034,32.22346307747641,2.278288081547946,0.6954222275630281,-0.9470458086400191
22.4822511123598,21536.96004455578,62802.478025857774,22.88899999638788,306.3359999962996,21550.57817091739,62837.71556126839,-188.1918578219129,32.177470368128894,1.4642959825010864,1.4201034170430107,-0.7330024330393914
22.379876681285268,21536.20182491133,62800.3822697359,23.04499999543589,306.3400000003384,21549.721472216628,62835.578651191405,-188.1638813932291,32.103662034622985,2.3944439309422436,0.6962137474859823,-0.973606798965405
22.3793622133822,21535.456642644484,62798.26803481247,22.90600001347187,306.3479999964083,21548.84914021112,62833.4639564156,-188.1320720632507,32.05782639194262,1.8958960803228124,0.7966692711301349,-0.8541186999547727
22.41383000391973,21534.72449776312,62796.13532106808,22.964999990285147,306.3640000021469,21548.008050074368,62831.3272183032,-188.09215097690085,32.015454177949124,1.984211950915497,0.9959761952268245,-0.8767561383114866
22.349010008176293,21533.992224296093,62794.039654048414,22.958999999150663,306.33899999946067,21547.120036290817,62829.21214483264,-188.09328846407672,31.94255659561527,2.195963967507731,-0.028411187176524313,-0.9278636013661625
22.348495551233466,21533.27298822737,62791.92550822088,23.0019999948019,306.37699999358057,21546.27901914612,62827.07562399744,-188.0313702374881,31.87916060113084,2.3526159968463602,1.5447098576069447,-0.9641045192532244
22.35569778357327,21532.579763437,62789.792927976974,22.967000017683755,306.38900000147584,21545.44573684513,62824.92775887465,-187.99536840104457,31.81643507800771,2.2006880427977493,0.8952810885846055,-0.9289732164326026
22.293964452575764,21531.89944801056,62787.67891554598,22.887999990866536,306.38599999605924,21544.588934072934,62822.813009473575,-187.9746156198093,31.75542280098709,2.1385279378467787,0.5211027569418154,-0.914280090023122
22.30836887400381,21531.21919614098,62785.54637987397,23.01799999357552,306.4279999949701,21543.77135950699,62820.65437931537,-187.9085605858018,31.68442610452859,2.554672030458146,1.6391675910376204,-1.0087270273579079
22.377818898753887,21530.57792947537,62783.39545418164,22.922000017968248,306.42900000275984,21542.937999918384,62818.51752051615,-187.88367015629737,31.63346458445507,1.9590520291717,0.6217533261136629,-0.8703681794161356
22.256410001106254,21529.936598336742,62781.263051874215,22.914999985476,306.4090000033847,21542.11235360733,62816.38048134818,-187.87980592991605,31.56830463268185,2.3709239437310914,0.09664110241569733,-0.9682718312734236
22.36392888146652,21529.308240641,62779.13069404384,22.98600000842828,306.3920000020161,21541.310109285685,62814.23243734169,-187.87291271179743,31.49686285271041,2.239456057062337,0.17224471213394052,-0.9380376606579304
22.29036334511816,21528.692920427264,62776.97985736604,22.86600000507309,306.3899999979552,21540.50787654095,62812.09565593295,-187.8511306381021,31.45013491149897,2.0722919758377514,0.5467821284850579,-0.8983889410996698
22.27390111600884,21528.09057368271,62774.82906514878,22.940999993569086,306.4059999992245,21539.7291732413,62809.92578855465,-187.8111013801868,31.376167912769088,2.4015559592168856,0.9947570383980865,-0.9752159680316386
22.235317773682144,21527.488162496607,62772.696796308985,22.90000000379873,306.39900000068644,21538.95031499092,62807.77792346662,-187.7942906964254,31.306184067893444,2.3928560284197107,0.42156760093811213,-0.97324726745567
22.321229988071128,21526.898788813385,62770.54604861838,22.92799999765831,306.4059999980269,21538.187111177816,62805.61913534832,-187.7634251162873,31.24491327943917,2.184372034513861,0.7723020976234047,-0.9251360326097602
22.319686676737728,21526.335426562466,62768.37686645996,22.90100000506941,306.4149999992809,21537.43173667965,62803.449279164495,-187.73047747891337,31.185897177231325,2.0927279819940536,0.8215742213599948,-0.9033190789253145
22.25641000376216,21525.771999897217,62766.22620767456,22.895999997910987,306.4169999994012,21536.69190741928,62801.27940734285,-187.704583299102,31.11472711699653,2.302523978935781,0.6471298158459791,-0.9526337142537578
22.274415552868387,21525.2345846938,62764.05711441759,22.900000003777865,306.42699999716694,21535.967673973177,62799.10966780449,-187.670743385762,31.05897849669397,2.2521040232741227,0.847567997728942,-0.9409793261667236
22.27338666523953,21524.69710509845,62761.90654452839,22.850000009767346,306.4320000044896,21535.258992544103,62796.93993234092,-187.64195701760087,30.99086946271327,2.0758080403001316,0.7225508230738418,-0.8992389634740877
22.284190003553267,21524.1856369971,62759.737540162605,22.82499999428196,306.3950000007136,21534.54238436348,62794.76975615692,-187.65514269479,30.93106039363704,1.9469159666232956,-0.3305614916771825,-0.867269831719348
22.239947781549287,21523.67416853426,62757.56853583532,22.86900000368189,306.42299999711133,21533.84938725756,62792.589186424375,-187.60330275028144,30.86890516244644,2.264587999677373,1.297923679024606,-0.9438755760110747
22.25332332998209,21523.175673646823,62755.39957594707,22.795000005860395,306.41300000192365,21533.15622316849,62790.41935659633,-187.58957102414527,30.81423355607805,1.9500360331618922,0.3453948212289389,-0.8680674624278392
22.24560667349036,21522.69015234922,62753.23066049205,22.84699998378373,306.4179999976763,21532.47875537921,62788.227498996224,-187.56067500684085,30.73999799897909,2.165015917056124,0.7216267489596127,-0.9205660962346195
22.22245665804224,21522.23057860772,62751.061833863634,22.88400001484735,306.4240000019141,21531.82464458885,62786.03573125978,-187.5308593552071,30.665956503672128,2.3815560844983894,0.7468280916598469,-0.9706860525379993
22.305282220349493,21521.77106854277,62748.87448395039,22.74500000732989,306.4000000035828,21531.162570692308,62783.86587022803,-187.53123530966863,30.62978645059352,1.5829840331294236,-0.009495023174676289,-0.768319864658455
22.250751113214736,21521.32453210189,62746.68717845966,22.81199999151121,306.3929999991205,21530.52398457501,62781.674027770925,-187.51447358940092,30.576090868617143,2.020495961867309,0.42066138534837444,-0.8857783481753271
22.286762224865026,21520.90394327112,62744.499961782734,22.775000011764263,306.39700000142415,21529.893219781883,62779.48232046183,-187.4867397709913,30.51886641271944,1.7576560328372537,0.6967049282392784,-0.8173826222573234
22.21062445167656,21520.483354136417,62742.31274513532,22.753999990215764,306.3849999991532,21529.277931636585,62777.30162331099,-187.4751683376512,30.477225356145983,1.9561519387411395,0.292601976245238,-0.869628804831705
22.23686110430717,21520.088712644098,62740.12561729344,22.830999999588983,306.406999997006,21528.678442291268,62775.087971091336,-187.42932422573045,30.40207825252477,2.1389000230145245,1.145170629540526,-0.9143686554912062
22.258467774064908,21519.69407086997,62737.93848947567,22.76300000696207,306.41099999993884,21528.086599755232,62772.89639717816,-187.4017253196737,30.35121488942728,1.816316038429784,0.6965487150703593,-0.8331775748538286
22.254866679411634,21519.31240278892,62735.75140607207,22.785999994879926,306.4130000002657,21527.51039632345,62770.68262784053,-187.3759612399272,30.280319845695324,1.9120799356858513,0.6452863163837369,-0.8583127192746224
22.16535333224679,21518.956682408603,62733.56441146876,22.773000008566488,306.4040000024717,21526.94190172956,62768.47989129844,-187.3613333008996,30.21695770638032,2.187528034750906,0.3684128561698806,-0.925879315486928
22.25332332568936,21518.60102576143,62731.35889356028,22.711000008086053,306.38500000374523,21526.381157764125,62766.277082892215,-187.3567321228298,30.17443780410916,1.647636056628089,0.1159792539826677,-0.7868567399271961
22.22194222579111,21518.271252856342,62729.17198776484,22.69999999533017,306.3630000028945,21525.83597275107,62764.07429826537,-187.3551845767169,30.112690536568287,1.7210079703406151,0.03907366860098869,-0.8073496562697232
22.23840444519817,21517.941543700967,62726.96655866974,22.72100000565181,306.35699999856047,21525.31423386002,62761.8606367821,-187.3376087635872,30.064453556628088,1.7373440176331003,0.44277062592260663,-0.8118380412465215
22.218341106308173,21517.637782315367,62724.761218358566,22.65300000538565,306.36899999988435,21524.800301562547,62759.65829390602,-187.302170634408,30.024535979170928,1.5647720366789144,0.8977570171945708,-0.7630122331845179
22.26824222587885,21517.334020706425,62722.55587806126,22.68199999214849,306.3560000024004,21524.294107815884,62757.444616807086,-187.2916490302233,29.97621261244068,1.4895279585707044,0.26547267710724937,-0.740658551839469
22.213711103590928,21517.05620690257,62720.35062654602,22.70400000068986,306.3569999964733,21523.811353493715,62755.22004310657,-187.2670990625417,29.91771694156192,1.765040029556154,0.6178986406572421,-0.8193884490591474
22.319172223353824,21516.778392898334,62718.14537504058,22.70199999516676,306.3839999978048,21523.344255896674,62752.99577892414,-187.21660428623449,29.86351939331784,1.3781799785265634,1.2727413216430776,-0.7062224688074579
22.20136445355132,21516.50057868556,62715.940123552624,22.71000001568223,306.37100000536464,21522.869200060875,62750.78220849579,-187.2061910531011,29.81934812230185,1.831088023671272,0.2635323825257909,-0.8371059513340203
22.269785542477265,21516.248776307333,62713.71643751709,22.58500000018337,306.34300000108976,21522.417447603915,62748.56857022264,-187.21085728319,29.7938364647083,1.1347720477419785,-0.11833716091535802,-0.6242881551363331
22.281103336955105,21516.009883793973,62711.51131919136,22.683999996486737,306.3519999997069,21521.97364260839,62746.34420867454,-187.17844341367908,29.73973130832261,1.4504279743138724,0.8187323149802068,-0.7287587257782582
22.27390110766917,21515.77105508657,62709.28767755725,22.60800000244307,306.34599999859057,21521.54535627041,62744.11975263229,-187.16108250846645,29.707449754903173,1.2027560211860349,0.4390951745398005,-0.6481969811050963
22.297051113331264,21515.54520023853,62707.06408030808,22.67799999672614,306.36200000096136,21521.140536400657,62741.884478749314,-187.1216936696251,29.667094215059024,1.371415980221552,0.993375899264222,-0.7040745131301909
22.26669888701901,21515.345293317583,62704.840571831126,22.599000015134216,306.33100000500883,21520.727696365386,62739.67094425633,-187.1294953625789,29.64379528154345,1.1962840612147374,-0.19851732245120335,-0.6459575474558479
22.30991222109955,21515.145386246782,62702.61706335612,22.547000007792395,306.31700000134896,21520.34609074305,62737.44656930423,-187.1202953421193,29.615647258666986,0.8535160320942353,0.23356205138737604,-0.5149658735496127
22.251780013782795,21514.958389099367,62700.41212258781,22.51999999292012,306.3060000020117,21519.97227971625,62735.222250571445,-187.1081227629889,29.56936322077875,0.9655919248943675,0.30921185148743924,-0.5607366013610302
22.219369990993844,21514.784429852123,62698.18870288758,22.613999987219923,306.2930000025317,21519.61406961436,62732.986850904905,-187.0978944726678,29.531702572871176,1.4206679864138863,0.2588582261454752,-0.7195641114079628
22.30116666436536,21514.6234445383,62695.96532756562,22.609000013946943,306.2740000037616,21519.271408587018,62730.751445427166,-187.0937196261148,29.495264148824468,1.108200058493695,0.10577012277214842,-0.6147037629862366
22.24612111603229,21514.4754331686,62693.74199662772,22.51600000562426,306.25500000128824,21518.93649368807,62728.5271811412,-187.08968142511105,29.47007445950395,0.971564002531099,0.1028621166409081,-0.56308795231458
22.290363321301754,21514.35336983848,62691.51875445086,22.543999995835925,306.25200000201147,21518.61724037829,62726.29201322574,-187.06958849179964,29.433699744749816,0.9130920283230154,0.5098693760068527,-0.539694228025577
22.311970010496125,21514.218396310785,62689.27694457564,22.55099999363841,306.23400000109984,21518.32129065964,62724.05677747598,-187.06457499192783,29.4210011081004,0.8605079393122239,0.12739896979629475,-0.5179169082293461
22.22657222399928,21514.10930686647,62687.05374677439,22.591000006243902,306.2320000035332,21518.0253946073,62721.82169934133,-187.0435631541104,29.387801715607534,1.3119400160806394,0.533959778940331,-0.6848917283464966
22.281617775269044,21514.000217337707,62684.830548979815,22.48500001418504,306.19000000663794,21517.744933195965,62719.58628052688,-187.06260290554616,29.356884475458365,0.732176060097585,-0.48419823807266577,-0.461514919819293
22.232231116561213,21513.91707590601,62682.60743993865,22.489999987167906,306.16700000219964,21517.4801051454,62717.35110214051,-187.06269745329533,29.32588210135172,0.9279679341840946,-0.0024067696908736985,-0.5457256450964171
22.245606665256272,21513.84690850821,62680.38437527602,22.57299999339304,306.15000000443854,21517.22312028821,62715.10489497219,-187.0567102579992,29.28428434059134,1.1786159812923658,0.15172997105546293,-0.6398054355198846
22.23223111129793,21513.776741053643,62678.161310616575,22.549000009944443,306.12000000340936,21516.9816226581,62712.86972759105,-187.06388545565184,29.256067979231105,1.1403680351274417,-0.182862546117769,-0.6262890215647697
22.234288895183354,21513.706573539388,62675.93824595249,22.516999994692625,306.109000002316,21516.7480120204,62710.62365944591,-187.0519796261229,29.21850452335936,1.0177599582333756,0.30207786072744014,-0.5809967570881313
22.181301111081986,21513.6493161013,62673.733748988205,22.589999990901337,306.0940000002605,21516.537742136843,62708.37763181602,-187.0441538215072,29.16408523678489,1.4713159673496634,0.19876500098525704,-0.735140863986681
22.23891888041905,21513.60509670668,62671.51077308586,22.57000001537801,306.0940000041008,21516.335307415786,62706.131778533614,-187.0213560993726,29.12849073498137,1.1918920858522584,0.5792429860683528,-0.6444335377232219
22.22400001270676,21513.573915369383,62669.26931823225,22.4620000112412,306.0440000081981,21516.124880965184,62703.896520832684,-187.04863930345627,29.121039520767283,0.8567999947239884,-0.6962305652445266,-0.5163535748416187
22.164324439181367,21513.542606053248,62667.06491002045,22.47099998887412,306.0279999959214,21515.953531286785,62701.65061656393,-187.0419482385961,29.06963595992353,1.1040319788939073,0.17020215076260276,-0.6131876616721733
22.24097666655223,21513.511360679702,62664.84197849232,22.529999999410528,306.0619999991511,21515.766780227,62699.40515133275,-186.9852077042363,29.03668335928657,1.040483998289878,1.44251760533925,-0.5896299135781333
22.15146334543887,21513.49308941065,62662.619091336,22.476000010980915,306.04000000150023,21515.610979698744,62697.15924125652,-186.98457084726485,29.005020095425053,1.1683319959513612,0.01620800985587771,-0.6361981420124735
22.15969443653553,21513.474818122388,62660.39620418201,22.454999993936266,306.05299999931987,21515.478612979543,62694.924870186784,-186.94912541859887,28.98676003760132,1.063100006642644,0.9072573991962938,-0.5981108239343623
22.20033555079099,21513.4565468112,62658.17331702692,22.503999999335583,306.03600000320887,21515.33061388365,62692.67903598968,-186.9435168957352,28.95657344889197,1.0931920147605412,0.14277480237356724,-0.6092283358301166
22.19416223205872,21513.4511856512,62655.968997570046,22.468000002256414,306.02600000127705,21515.20599270991,62690.43335059954,-186.93098898703187,28.90899850118501,0.9858159727116999,0.31913917732826574,-0.5686654123104304
22.140659995134808,21513.45886261092,62653.74619917075,22.469000009065628,306.0150000021359,21515.089152898923,62688.187682003314,-186.9194882902245,28.880046202531968,1.1820240501509518,0.2930288010528819,-0.6409965743344814
22.20548000398397,21513.453565409098,62651.52335638821,22.399999995343983,306.0069999996398,21514.98785436391,62685.953210729385,-186.9051507918462,28.86402345274185,0.7002719688960511,0.3672564777757465,-0.44670780617805234
22.110822225981607,21513.46117838349,62649.31908130805,22.480000004104344,306.017999997814,21514.902266167526,62683.69675068456,-186.8716495022681,28.80786081351831,1.3290400012418517,0.8499873476678383,-0.6904624155539922
22.176156662221928,21513.455881163183,62647.096238530976,22.356000010140423,306.03099999716045,21514.80878463958,62681.47362727024,-186.8364504685781,28.80399983064671,0.6474360525065848,0.9062957913995213,-0.42143118368298793
22.11442334556814,21513.46349412641,62644.891963446935,22.39099999962676,306.0499999976164,21514.72318484748,62679.22836048102,-186.7950604720277,28.75949624187193,0.9956759546110291,1.055323389514901,-0.5724964760903075
22.082013335736672,21513.471107086927,62642.6876883689,22.347999995328543,306.0579999989269,21514.653079239222,62676.99415319378,-186.7648328922797,28.726820227772137,0.9575519745307347,0.7747514116262049,-0.5575576807962164
22.08201332763647,21513.491758202825,62640.464934343545,22.4200000046078,306.0689999972156,21514.58302205999,62674.74886090035,-186.73149699874045,28.701289727330355,1.2167520370967864,0.8501952391519337,-0.653014361872875
22.121111112048887,21513.48639698248,62638.26061488322,22.27400002306621,306.0849999987778,21514.5362594194,62672.525926739865,-186.6934601145393,28.68139156699437,0.5504000796623686,0.9800822682957111,-0.37234619123169027
22.096417772553348,21513.4810357438,62636.05629542901,22.233999995731573,306.08300000070545,21514.48943612858,62670.30281543018,-186.6734230327345,28.661363130007,0.495296003441608,0.5162830105100571,-0.3427845176061477
22.144261119551377,21513.488712665443,62633.8334970288,22.261000000480543,306.0829999993955,21514.45818922976,62668.07977705456,-186.6514397904644,28.659999714123856,0.42025997134499704,0.566513636603659,-0.300341150408043
22.00999112564807,21513.483351412367,62631.62917757,22.238000000356703,306.0919999972268,21514.43475746315,62665.85685387351,-186.6204842898684,28.640896580133987,0.8208319489510743,0.7977812321729579,-0.5009918115575188
22.042915539492167,21513.47799014524,62629.424858114064,22.256000000583548,306.11399999625394,21514.403622972703,62663.622917454326,-186.5763945471721,28.610584016812467,0.7671040599289697,1.1305527862987736,-0.47735233915869163
22.09075889842845,21513.472628867003,62627.22053865848,22.22300000477889,306.1309999983433,21514.395787805934,62661.40012622327,-186.53749398242007,28.59205212510668,0.47606798286157787,1.002611852129228,-0.3321575627257991
21.97963889829348,21513.46726757629,62625.01621920379,22.216000000224923,306.13799999842155,21514.38788056771,62659.18835111585,-186.5087028929516,28.584530532031145,0.850899966953196,0.7457829705554488,-0.5138582952024302
22.004846662290483,21513.461906275814,62622.81189974544,22.209000001296182,306.15299999700983,21514.395608370232,62656.965593444686,-186.4718567268393,28.566454204427338,0.7349520204205192,0.9496868422756664,-0.4627876738510218
21.997644443559707,21513.443506766664,62620.62605923499,22.205999999575656,306.1650000000804,21514.395541199498,62654.742779616376,-186.43798469346427,28.53000115943024,0.7500800016574161,0.8730260421574834,-0.4696807721836401
22.01565000252585,21513.42517121114,62618.42169540566,22.22599999193645,306.16099999868254,21514.41877475716,62652.5198882488,-186.42019200352792,28.51266631581776,0.757259961878168,0.45857778205404487,-0.4729272151379581
21.973465558374272,21513.393861401782,62616.21728720037,22.24400001377004,306.1789999982181,21514.426512658243,62650.29716006634,-186.38034832638945,28.49551441432993,0.9739240394247674,1.0269434926619765,-0.5640148327706558
21.99301444191165,21513.375525797583,62614.012923368624,22.1120000098001,306.17700000047336,21514.44192969881,62648.085376269104,-186.36064003469332,28.48913703712647,0.4283480443984118,0.510513108873309,-0.3050447901835528
21.981696669877643,21513.344151962687,62611.82703848399,22.15699999037589,306.18099999889057,21514.46519020924,62645.86256360207,-186.3348501019556,28.45398209922364,0.6310919537936925,0.6647015893668771,-0.4134127577009509
21.9580322293613,21513.29986782159,62609.622585904006,22.15700000624324,306.1909999969808,21514.50400231211,62643.65097773032,-186.30322343295583,28.449690015571843,0.7162839967749832,0.8191733563830866,-0.45418079313400445
21.91173222534681,21513.26849391852,62607.43670101539,22.12000000310144,306.20700000021736,21514.519479984763,62641.43937099272,-186.26551842299483,28.425674596187548,0.7497639999166609,0.9766997649212189,-0.46953752182726316
21.920992221044244,21513.22414573345,62605.25077175941,22.136999991313854,306.19699999915605,21514.550439884657,62639.22756175673,-186.25386573282088,28.402666288060928,0.7776279729705934,0.30182458041670684,-0.4820502996037959
21.903501116803387,21513.179861479373,62603.046319180175,22.190999996243487,306.22799999268886,21514.566006467,62637.00498802037,-186.2010538804353,28.386947308120288,1.034995965984362,1.36114844497102,-0.5875553140636152
21.87366333534073,21513.135513215628,62600.86038992088,22.149000017745124,306.2619999976812,21514.56597497765,62634.79350503912,-186.14529919559288,28.36325253094768,0.9912120566558172,1.4442035441266108,-0.5707648177044637
21.884466662437752,21513.078190645363,62598.67441628786,22.05999999814637,306.2649999981304,21514.581408886304,62632.58177039617,-186.1205965617431,28.340658916797715,0.6319200085510247,0.639888407900717,-0.4138213388804274
21.88549556454792,21513.02086802306,62596.48844265517,22.13899999466628,306.2889999963296,21514.589128613206,62630.370215659445,-186.07486935581403,28.31804804512808,0.9126159484260896,1.1845000462328368,-0.5395002805508868
21.809357783460708,21512.976519631746,62594.30251339728,22.090000008243365,306.30199999810884,21514.604596198045,62628.15857935308,-186.04016879743136,28.29518896995777,1.0103120092175644,0.8988746486248183,-0.5781422896084549
21.818103335194444,21512.919196921805,62592.116539764414,22.089999996804515,306.31499999827,21514.612278884568,62625.94691640996,-186.00544253146413,28.27271631434252,0.9788279817962575,0.8995461988064017,-0.5659366208686181
21.78877999712864,21512.861810190072,62589.94908945622,22.09500000204653,306.3279999958394,21514.61217666017,62623.735226830446,-185.970690559051,28.231447817818605,1.1023920177044033,0.9002065762978115,-0.6125901847016808
21.81810334295607,21512.80448738217,62587.76311582668,22.064000007991453,306.35599999790594,21514.612086550893,62621.53479927018,-185.9210493335565,28.22002391132465,0.8852279941273736,1.292362624258896,-0.5282449075049007
21.70029556409648,21512.7471005555,62585.59566551715,22.029999998437944,306.35300000005657,21514.604107136107,62619.33404024089,-185.902380715656,28.18944217414528,1.1869359636292758,0.4860142866625397,-0.6427095741440112
21.747624435807825,21512.68977765112,62583.40969188865,22.077999991279977,306.3659999968765,21514.604004883688,62617.122350637874,-185.86763104157745,28.16696056561132,1.189351999699747,0.9001470410345173,-0.6435505380797297
21.74196556079121,21512.63239073052,62581.24224157968,22.087000008001407,306.3799999989645,21514.596121075927,62614.91064422789,-185.83185570805,28.125621917942578,1.242124009956706,0.9266979787592262,-0.6616598512464148
21.68074668773922,21512.562029451656,62579.07474689824,22.02400000366281,306.3859999972832,21514.58038700741,62612.709947053074,-185.80416339349068,28.095703831175552,1.2357119373249248,0.7209208455557687,-0.659485448970706
21.563967777070133,21512.50457845693,62576.92581991157,22.051999994820164,306.414999994424,21514.572515288943,62610.509502634544,-185.75349955816253,28.047289756806,1.7569159839001145,1.318957462906933,-0.8171813059608802
21.64267777853196,21512.447191389,62574.75836960777,22.0310000135428,306.4419999970572,21514.556890284843,62608.29789737437,-185.7047007454252,28.00581426238417,1.3979600460390231,1.2639880669431443,-0.7124656270079492
21.509951135767626,21512.37676598128,62572.60939824816,21.96399999488888,306.4559999968874,21514.53335978495,62606.108366723776,-185.6690938140684,27.96831520592373,1.6345758928365157,0.9316285657636497,-0.783149536427217
21.433813338218982,21512.306340513824,62570.46042688804,22.062999990915376,306.48499999392965,21514.51774147072,62603.89678109666,-185.61829664360693,27.90940281408412,2.2650719497070173,1.315743444700995,-0.943987707568493
21.42763999689089,21512.24882535212,62568.33002322404,22.01500001600422,306.51999999544137,21514.502104957628,62601.69636895598,-185.5616096981321,27.84234286774152,2.1144960688079877,1.4756883405216001,-0.9085435864484503
21.445645557199672,21512.191374116133,62566.18109624508,21.945000004033208,306.5379999978296,21514.47862624277,62599.4957630541,-185.5218961158056,27.79309130474844,1.7976760086007288,1.033826287270753,-0.8281927475459798
21.396258901092427,21512.120948492066,62564.03212488794,21.95199999934114,306.5559999952597,21514.470678996804,62597.30632492185,-185.48234538256028,27.75706254065685,2.0006679536953684,1.0348905012816456,-0.8809053530319747
21.33658333734241,21512.050458843696,62561.90167685405,21.95199999511035,306.5969999916815,21514.45506262919,62595.10597170093,-185.41966104206787,27.69124983600512,2.2154999679645755,1.631777388945308,-0.9324450938809141
21.31652001158349,21511.96699478906,62559.77118444706,21.976000008231907,306.6379999970664,21514.439446238976,62592.905618445664,-185.35697745391263,27.62655162035228,2.3741279879343056,1.6317577893767627,-0.9689998186243703
21.213631122173062,21511.896441054945,62557.65925973553,21.87600000992673,306.648999994078,21514.43143699253,62590.727225990224,-185.32453772716823,27.56499052653821,2.3845279959132073,0.8531564150253445,-0.9713601180476552
21.218775548539973,21511.812976877605,62555.52876733389,21.882999998540765,306.7099999906342,21514.41588791185,62588.52706925907,-185.24185673911592,27.50080173949905,2.3912080200028485,2.1520854932228075,-0.9728740288200576
21.222891123492285,21511.729448667727,62553.416798249775,21.868999999410008,306.7489999934075,21514.407972916462,62586.34895195122,-185.18142001467672,27.44090252349116,2.3259919533038,1.58938093849519,-0.9580205991980381
21.086048912698395,21511.632946026693,62551.30478479723,21.90599999232893,306.7949999932852,21514.39237329296,62584.14864773253,-185.11373972751625,27.35957783939054,2.951823886669925,1.7617905380246281,-1.092453098441878
20.974928905161526,21511.54935371468,62549.21133903514,21.85700003727046,306.83099999248697,21514.38444816432,62581.9705008808,-185.05630434239492,27.28161257251243,3.17545607559216,1.5104679417512779,-1.139939905998658
20.869467797090284,21511.465697376487,62547.13641659714,21.615000003987934,306.88799999029146,21514.376516966306,62579.81478943585,-184.9780890322476,27.20775704113477,2.68391594483154,2.077927419238087,-1.035543445731978
20.80516221352177,21511.36913056145,62545.04292647166,21.786999981750625,306.93599999384486,21514.35310067299,62577.62559267558,-184.9084937248369,27.11901915679192,3.5346159656238854,1.8207349478654415,-1.2168828168117374
20.89107444914028,21511.27249970649,62542.96795966218,21.71700001797816,306.9719999923318,21514.35292208112,62575.45858689687,-184.8511961386343,27.03632730730932,2.9733320478163736,1.5145991565238075,-1.096985813117594
20.73777002360749,21511.17586878233,62540.89299285805,21.679999999750727,307.0299999898649,21514.337247621035,62573.291744017246,-184.771847524832,26.95262497614404,3.3920279141156584,2.0971485199325137,-1.1861700109487212
20.6775800075912,21511.06626339393,62538.817981683176,21.677000002997552,307.0869999907316,21514.329393131466,62571.11380336904,-184.6934169854701,26.86025437437836,3.5979119834628692,2.062392610253835,-1.2306239314939704
20.59887001545805,21510.956593958992,62536.76149382793,21.640000008260607,307.14399999021646,21514.31367688324,62568.95806511002,-184.6151788726004,26.77111688037488,3.748067974089203,2.078465720139057,-1.263562893387183
20.489807802213864,21510.846860480127,62534.723529297626,21.59000000748305,307.200999991377,21514.29799900071,62566.79121228558,-184.53683241339817,26.65285490160608,3.9606919389690645,2.0706757061586676,-1.3087863558290802
20.35605223039785,21510.737126924338,62532.68556476892,21.54600000882337,307.2519999902565,21514.27443914505,62564.64650290347,-184.46467803717687,26.55609031253418,4.283812002331871,1.9267568131239656,-1.3739138094682875
20.359138897084087,21510.614354916263,62530.66607919237,21.496000004203104,307.3179999891187,21514.24318317481,62562.49079969968,-184.3773896478597,26.43094175791052,4.092699985628463,2.318501403341398,-1.3356751343350024
20.222296692598285,21510.491582820465,62528.646593618105,21.498999997860107,307.37899998976815,21514.196301977783,62560.346108605176,-184.2951578279916,26.31526585272527,4.596131898942561,2.1952372772254916,-1.4318960932607612
20.096257797316827,21510.368746677206,62526.64563136696,21.49700000385978,307.4479999867878,21514.15727105159,62558.19040815753,-184.2048445826232,26.17146297704639,5.0426719435546365,2.398615744693664,-1.4999999999999993
19.97587779691834,21510.23293602589,62524.64462474878,21.456000008224706,307.534999985009,21514.10265394492,62556.05706028525,-184.0966981960888,26.04989451966888,5.328439960702918,2.9010774591136834,-1.4999999999999996
19.868358906762328,21510.09706131833,62522.662141451925,21.39300001527476,307.62199998610487,21514.04807517548,62553.91259782534,-183.98844346881512,25.899230689753004,5.488707990644762,2.8889643153497926,-1.4999999999999993
19.76341223787494,21509.948148127853,62520.698137113024,21.300000008672484,307.70099998756467,21513.985607655377,62551.79025916006,-183.88838065708384,25.753167827574163,5.531715974871152,2.6981830096066703,-1.4999999999999996
19.655893359144383,21509.786260402416,62518.73408840888,21.271000011057964,307.77899998510264,21513.923175100976,62549.6567960929,-183.789209456948,25.59820369404036,5.814383946888895,2.6602653584341254,-1.4999999999999991
19.48818446324253,21509.611334167912,62516.78851865816,21.1760000091402,307.87999998245687,21513.84517316353,62547.54573468036,-183.66720534300345,25.447249959970733,6.0761359652316145,3.3053528258611617,-1.4999999999999996
19.431081122580142,21509.436343857924,62514.861472234574,21.153000011457934,307.9779999854371,21513.75937605541,62545.43461711418,-183.54817528797545,25.277269879475213,6.198907999960049,3.2244056559629994,-1.4999999999999998
19.31481668873715,21509.24837899032,62512.93438145026,21.04000001311036,308.0589999861816,21513.65791323685,62543.33439380178,-183.4462011020172,25.11815006220237,6.210659967743564,2.7765215863167985,-1.5
19.19700890628916,21509.03440113988,62511.02572525582,21.01200000663217,308.1459999857917,21513.548685529124,62541.23420273754,-183.338201459834,24.943917157275543,6.533967961234841,2.9398030128200503,-1.4999999999999996
19.096177795537887,21508.807384739703,62509.13554802312,20.93200001440492,308.2209999895801,21513.43159393604,62539.144981673184,-183.242284412906,24.763619986571804,6.6089599879213194,2.6245153891036628,-1.4999999999999998
18.97528335586924,21508.55435532229,62507.26380538997,20.820000031874464,308.2779999898111,21513.29879484856,62537.07775960957,-183.1645321827777,24.58909691638491,6.6409800336188045,2.1495633279661135,-1.4999999999999998
18.860562232247176,21508.28835128362,62505.39201840144,20.66799999033537,308.3599999815529,21513.150509796204,62535.01072976308,-183.06172903290687,24.41514031494136,6.506775929117502,2.8399571166768296,-1.4999999999999993
18.81889223786912,21507.996334195963,62503.538666016175,20.793000020283177,308.4699999878112,21513.00231891145,62532.943974809314,-182.9309280518812,24.22837689502309,7.1067880166906,3.6120622701490217,-1.4999999999999991
18.69233890050663,21507.665393516047,62501.685180554334,20.44800003861781,308.50999999212775,21512.83042200764,62530.90979615825,-182.8703715897147,24.07752814025689,6.320380097200245,1.6991102719819369,-1.5
18.66816001335853,21507.32141420641,62499.85017405978,20.471999985962704,308.58899998410146,21512.650909645155,62528.86485927447,-182.7706824108988,23.900092876792268,6.493823901375023,2.78024307558064,-1.5000000000000004
18.51022558169353,21506.938383353707,62498.052081141504,20.433000025064192,308.6739999893369,21512.45577053251,62526.84215706763,-182.66515926719967,23.71399039900305,6.921987996134388,2.972602120610785,-1.4999999999999991
18.40425001423759,21506.529403309265,62496.25389952704,20.27800001101937,308.7269999894041,21512.244953474,62524.819087380136,-182.5915821046936,23.53138291890765,6.745499988414404,2.071668279508055,-1.4999999999999993
18.33582889312829,21506.09441010579,62494.47415253499,20.276000009529263,308.80299998841184,21512.026390289084,62522.80733138385,-182.49508935564344,23.34749406384424,6.984616019043499,2.7300155876467374,-1.4999999999999998
18.287985582596782,21505.620429234204,62492.712795814405,20.113000033491808,308.8619999893566,21511.792122879742,62520.817584263525,-182.41576137667832,23.174449364395446,6.570052023222092,2.267435274232335,-1.4999999999999991
18.07552001799731,21505.120435156023,62490.96987373385,19.96200001379336,308.9329999890486,21511.542287247765,62518.83901621027,-182.324490721214,22.999463048447648,6.791327984865785,2.620383812571349,-1.499999999999999
18.08375111439186,21504.59442785852,62489.245386298135,19.90900001354028,308.98999999031867,21511.28461927016,62516.860284062815,-182.247193460629,22.813750890689136,6.570896036934312,2.2183566103594528,-1.499999999999999
17.974688908279926,21504.029432822885,62487.53928915857,19.784000021280235,309.0529999895197,21510.99575437632,62514.903733358486,-182.1640092323613,22.63725274094503,6.513520006801111,2.408430927051653,-1.4999999999999998
17.88054557651559,21503.43842452292,62485.8516266778,19.66500002364609,309.1139999894449,21510.699020751028,62512.96936544183,-182.08301699861408,22.472905322777947,6.4240360096698,2.369891627132355,-1.4999999999999998
17.744732234229506,21502.821402949165,62484.18239886402,19.50700002288569,309.1819999880828,21510.371131914908,62511.046074258935,-181.99502883736173,22.30439863496965,6.344164039162267,2.5821791043286724,-1.499999999999999
17.72364000964689,21502.15235512469,62482.55004034325,19.40300001609652,309.25299998857065,21510.03542953129,62509.1339004102,-181.9041239369241,22.12804497541972,6.045696023218672,2.6808574463061245,-1.4999999999999991
17.601202243560017,21501.45729398149,62480.936116514335,19.283000025011614,309.3179999894665,21509.67627480965,62507.24381684447,-181.8193578337138,21.9616897615882,6.054472013225747,2.5227870058392363,-1.4999999999999996
17.50654445824773,21500.723244991488,62479.34058303067,19.141000015263373,309.37999998987004,21509.30928632392,62505.36479172808,-181.73767464923287,21.804005986136133,5.88404000525631,2.44303874131587,-1.5
17.421661124546276,21499.963118718188,62477.78200757656,19.072000019747623,309.44499998736615,21508.9110907134,62503.50791862456,-181.65310425532448,21.63763392948788,5.941220022724851,2.549816481017911,-1.4999999999999991
17.346552234890154,21499.164004566523,62476.24182249668,18.89600002852356,309.5239999885049,21508.48954841307,62501.6622175886,-181.5545647302804,21.476969081916565,5.578012057080258,2.979467053797274,-1.4999999999999996
17.271957788730067,21498.312864057087,62474.738506781,18.76000002257345,309.5799999909372,21508.052243175847,62499.84958116495,-181.47929846836303,21.33365111408686,5.356952041836182,2.31148994258073,-1.5
17.194791130724962,21497.435710147587,62473.2536258144,18.600000029618705,309.6369999910813,21507.583762393253,62498.04796261295,-181.40303588995047,21.190709241464496,5.058752036017476,2.3459604159130394,-1.5
17.084185560294273,21496.53247891282,62471.80570293021,18.43600002152265,309.6919999885412,21507.099627711632,62496.26850026506,-181.32893872043567,21.047571881549874,4.866532060422152,2.300888221598233,-1.4776996225550996
17.111451114329324,21495.590259730423,62470.37617047923,18.32700002126053,309.7679999890292,21506.5765613229,62494.511339991055,-181.233928775359,20.918017083590147,4.375976064952347,2.966576162221104,-1.3916277350722286
17.015250016964742,21494.62196320536,62468.98359613327,18.16700002830209,309.81699999267465,21506.03775685324,62492.77609059125,-181.16608286187432,20.78945124749569,4.146300040814455,2.1384321950217213,-1.3463507872534375
16.953002230623696,21493.61461479947,62467.62793557412,18.008000025524414,309.8649999916261,21505.467693293533,62491.07406853678,-181.0994583848876,20.67197405390452,3.7979920616425846,2.125711666949906,-1.2740928703774745
16.898471119117268,21492.568278408013,62466.29066550074,17.86100002311134,309.91399999215804,21504.87420080186,62489.39420554034,-181.03197295198163,20.57650259917784,3.4651040543786635,2.169250936729092,-1.2018729395174257
16.88458110500533,21491.508839208487,62464.9903979104,17.725000024085645,309.9599999920552,21504.257265904136,62487.736462361376,-180.96762633972253,20.475003954407253,3.0255081086891296,2.0834036644499747,-1.1080335288382668
16.929852222898575,21490.397437466603,62463.70847650524,17.582000020588655,310.0109999909362,21503.60913043221,62486.100890892834,-180.89839250463385,20.399404860950987,2.3477320716842898,2.253587759981773,-0.9680644045364619
16.889725556376987,21489.259958358987,62462.463513288174,17.459000026983365,310.0639999920398,21502.921960814587,62484.49854962695,-180.82735374196164,20.326687747339253,2.0493880941829574,2.333256696277392,-0.9264868783266367
16.93551110430928,21488.096529686896,62461.21846162799,17.302000011970318,310.11599998822203,21502.226925651208,62482.918401054325,-180.75750680614632,20.29508565761232,1.3193600675797315,2.3170166309373204,-0.7680775752066934
16.927280007540205,21486.9069597567,62460.02889149954,17.25900002552212,310.1889999923372,21501.48521189539,62481.34941344162,-180.6666116210592,20.228087255967,1.1941920647348951,2.998122542511385,-0.7321363410393456
16.894869997035652,21485.6913763648,62458.857756284415,17.011000032088255,310.2209999897024,21500.71981269561,62479.83551645732,-180.6171799488681,20.20543199446392,0.4180681261893696,1.6690939787522927,-0.37079255375500275
16.933453334553125,21484.43680494452,62457.705011673264,16.935000008845385,310.3149999855877,21499.95458338551,62478.333342368576,-180.5058609889939,20.213358460667354,0.005568027452137869,3.7778253056761533,-0.006414272750721169
16.895384442272643,21483.156092283552,62456.60774864423,16.826000025390965,310.3769999896744,21499.1346352688,62476.86401173098,-180.4266822939605,20.19980678553313,-0.24978390077404386,2.6941502468657013,0.11185851345852174
16.968949989646653,21481.862340728392,62455.52896489143,16.67600001961169,310.4489999884545,21498.314643678204,62475.41700834407,-180.337722420794,20.211093443065188,-1.0546198921258723,3.061688192218386,0.3517300067642447
16.976152225258648,21480.529601146896,62454.468571798985,16.589000015159186,310.51499998721494,21497.45559094388,62474.00315674571,-180.25495712034592,20.247420367387345,-1.3937479563580624,2.8640179231653193,0.4181040605034908
16.971522219138492,21479.17078422787,62453.44513702065,16.469000023747384,310.59999998682133,21496.58095481449,62472.61166748192,-180.1533581830601,20.29343410553756,-1.8090799034079907,3.5373552214054964,0.48227815529488294
17.007533326874405,21477.79892842128,62452.440181555634,16.340000014948703,310.66099999214833,21495.66715861265,62471.26426798775,-180.07606174178855,20.354188104731364,-2.4031199229325266,2.718263103872309,0.5501806622513856
17.034284441842306,21476.41403373961,62451.45370540732,16.25500002389961,310.6999999943812,21494.714247415603,62469.949863376976,-180.02095899437916,20.419332816687085,-2.8054239045937126,1.9439329247547399,0.6175299224805647
17.071324429272256,21474.99008717152,62450.50414331978,16.083000018520526,310.7329999941713,21493.73002180273,62468.67975177577,-179.972186155009,20.506280714184488,-3.557967878706228,1.7385973900871212,0.7494639249970968
17.161866665878197,21473.56614016916,62449.55458155477,16.053000003477724,310.7729999922619,21492.73021076285,62467.42077031692,-179.9164701016399,20.60042561877348,-3.991919984641703,1.9848504456782385,0.8265149281610635
17.111965553469226,21472.10314129309,62448.64193387488,15.98500001681668,310.82499999053795,21491.699145856084,62466.20625844996,-179.84908490393826,20.715563695492552,-4.057075931949162,2.4219829794722925,0.8375815723221568
17.220513313002467,21470.64001430068,62447.766333180254,15.893000009674278,310.8789999923103,21490.65244034996,62465.01394222673,-179.77986511038532,20.81925839606249,-4.77904789198148,2.498146185674418,0.9613619513815427
17.298194434279296,21469.13796314377,62446.89059998039,15.852000011289404,310.9139999955232,21489.574453392568,62463.84356247857,-179.72975669829128,20.95283546354181,-5.206299922763612,1.803728817594785,1.000000000000001
17.358384436158754,21467.635911558707,62446.014867130674,15.755000014501624,310.94199999394743,21488.48071889596,62462.71751919103,-179.6870309980037,21.11113211334253,-5.772183917965671,1.559064618310211,1.0000000000000007
17.404684434243492,21466.12075730583,62445.17613700707,15.687000013624743,310.9859999925021,21487.355782330585,62461.62487025168,-179.62852744995945,21.26051215361141,-6.1836639142274965,2.136446824132129,1.0000000000000007
17.466932216768893,21464.592691878424,62444.31883965245,15.607000005418104,311.027999992799,21486.222976844503,62460.554404361625,-179.57221551788066,21.44556875237779,-6.695755960862837,2.069223616067131,1.0000000000000007
17.47156222063121,21463.051523796483,62443.49854503428,15.617999999404692,311.06999999406565,21485.051130369924,62459.51714931325,-179.5160984266213,21.613569637820344,-6.672823996415466,2.0536504258464703,1.0000000000000009
17.531237757271388,21461.497380716017,62442.67820653151,15.58700000702146,311.10199999375686,21483.863564633768,62458.51308681745,-179.47025497041955,21.804189765667648,-6.999255900899739,1.6885165741020254,1.0000000000000007
17.704605522022202,21459.917224224,62441.87630319928,15.553000005185227,311.13599999773464,21482.652534886016,62457.54230799448,-179.42265933959172,22.010107879937124,-7.74577986061311,1.7564461160402824,1.0000000000000007
17.877458869484748,21458.32409272581,62441.0743560072,15.51100001045159,311.12800000223655,21481.410108077394,62456.604354740215,-179.41728273588276,22.223460702452645,-8.519251892519366,0.19788738615961476,1.0000000000000007
17.931475552658856,21456.717986218984,62440.27236495388,15.459000000298348,311.12799999734625,21480.159807698856,62455.69979721633,-179.4042071647608,22.46286978387651,-8.900911988497832,0.4854559872775633,1.0000000000000007
17.9556544361232,21455.098840899227,62439.48885338032,15.489999998922205,311.14899999781505,21478.8861838588,62454.80648068147,-179.37016267255032,22.69253242841917,-8.876355973923586,1.2536625153749965,1.0000000000000007
18.03745109399744,21453.47975896313,62438.6868189028,15.44900000904584,311.15299999882683,21477.604602418472,62453.946314699824,-179.35341785341984,22.94575771850711,-9.318423905825762,0.6215620685431092,1.0000000000000007
18.143941093195007,21451.847638219715,62437.90326391299,15.412000004122689,311.1669999978272,21476.30740735164,62453.10842296082,-179.32683884257457,23.200645264591927,-9.834987920660346,0.9860402109712011,1.0000000000000007
18.23705554394973,21450.202542462404,62437.11966509878,15.398000000112145,311.17499999879954,21474.99450656733,62452.30376309372,-179.30653365579388,23.4722946479968,-10.220599957815306,0.7554776887795089,1.037262599051717
18.285927770710103,21448.531433296168,62436.35450155662,15.414999993915105,311.1829999989231,21473.665958561727,62451.52127941848,-179.28639373952413,23.756013200636872,-10.335339996461993,0.7483620002354249,1.0553689547930816
18.36823886278017,21446.87336209875,62435.570859375846,15.44600000006652,311.18899999846275,21472.321756618792,62450.76095233068,-179.26841898902495,24.037133930661568,-10.52005990576914,0.6668434251113913,1.0833811772578823
18.55138108905852,21445.1892775006,62434.805652481446,15.424000001287766,311.1950000011932,21470.9775160386,62450.01174006848,-179.25055348155124,24.33757416019566,-11.258571915974715,0.6651199315317059,1.1869904480462654
18.60076777510404,21443.49228163453,62434.021878487234,15.438999998304295,311.1770000028039,21469.617624226783,62449.26223958982,-179.25663421629767,24.64569609216767,-11.382363996479079,-0.22437411808546615,1.2018724717911966
18.63574999029885,21441.79522158364,62433.25662826955,15.43799999844984,311.1680000011771,21468.249862297263,62448.54614470334,-179.25401600659248,24.95515223438345,-11.511899970656442,0.09716574450205434,1.216951863658513
18.733494419143685,21440.085250254346,62432.47281096743,15.45799999833,311.1560000030604,21466.874266545445,62447.84110866894,-179.25448045653218,25.28423494417937,-11.79177991492927,-0.01721561732264996,1.249507766912383
18.88011109906406,21438.36224012854,62431.707473226445,15.446000004196154,311.1340000036983,21465.490813460936,62447.14706284164,-179.2650271986789,25.614426448950766,-12.36279994152446,-0.3904121056924422,1.3150069750543314
18.87136555965796,21436.639229579025,62430.94213596098,15.435999995943812,311.11900000075923,21464.09952186984,62446.47528847418,-179.26876601524182,25.94911218553661,-12.367316029370935,-0.13865392910457427,1.3155570165164958
18.91560775554796,21434.903243985387,62430.17675495264,15.490999989374163,311.1180000013153,21462.70045358713,62445.81473967321,-179.2585884082387,26.294065713925946,-12.328587958225667,0.37689958844459787,1.3108331151643466
19.0874321982818,21433.167257965568,62429.41137442088,15.553999987153,311.1050000010271,21461.285774426862,62445.15402039572,-179.26035771099723,26.62548479500628,-12.720355960063678,-0.06492614073515476,1.3579555905595986
19.162541104808547,21431.405258547333,62428.66442927782,15.616999998545856,311.1040000016281,21459.8789204139,62444.49344565986,-179.25015445277626,26.97770985987644,-12.76394798254569,0.3761343641171368,1.363117269014474
19.20112443636457,21429.643322424443,62427.89896131156,15.590000000526556,311.0800000050493,21458.448556876217,62443.85479511535,-179.26308883503086,27.32916889622112,-13.000047969016848,-0.47308328295486557,1.390842368401472
19.24793888451004,21427.86841124314,62427.13344963756,15.618999998338335,311.0530000038404,21457.03382981976,62443.193939523255,-179.27885853861957,27.695059334953484,-13.064179990218143,-0.5786264340533909,1.3984668643493312
19.281377762959952,21426.09349962192,62426.367938460586,15.617999992019715,311.029000005267,21455.60346571501,62442.55528963503,-179.2917936953634,28.05811101146377,-13.188159975384853,-0.47311153353087515,1.4131199910573438
19.39146888026178,21424.31852386097,62425.62095110758,15.725999979683328,310.9960000037984,21454.17314765979,62441.89432275613,-179.3135110413055,28.40178211477968,-13.195688042082425,-0.7896613857383319,1.4140062771329038
19.38066555488356,21422.53057304248,62424.87392007047,15.788000003572929,310.97900000473567,21452.727197932458,62441.26680359864,-179.31950340568167,28.75931875218648,-12.933595984718272,-0.217818520534422,1.383075635717632
19.44136998618049,21420.7426854888,62424.1083662217,15.734000001990294,310.93700000698664,21451.289063942146,62440.6057225966,-179.35019464807334,29.11662431710908,-13.346531943084706,-1.1108527584853647,1.4316894738920196
19.50464666015692,21418.94182286168,62423.34276869056,15.802999980903731,310.90700000356856,21449.843108272533,62439.96696210861,-179.36907824697627,29.489218384621488,-13.325928045311475,-0.6844169457725557,1.4292822212945389
19.50979111649993,21417.140832420668,62422.614218324736,15.927999976658326,310.89000000241094,21448.389449083897,62439.31718834954,-179.374827687124,29.832545082380435,-12.894448103429776,-0.20688498445727901,1.3784873206028088
19.51184887021499,21415.33996891879,62421.84862183409,16.01700000465652,310.8720000044233,21446.920254212808,62438.6562375048,-179.38141582957104,30.17443729516736,-12.581455916010494,-0.23430519250168885,1.3414074616379958
19.66360999181479,21413.51309201969,62421.101460834776,15.95099999313866,310.8440000030878,21445.48224257709,62437.97306604865,-179.39789171183904,30.547996484659127,-13.36539599523407,-0.592926735352006,1.4338913376271676
19.60599222621045,21411.71216395972,62420.35438870287,16.111999974920195,310.83500000187934,21443.9974305049,62437.33438011001,-179.3956460737093,30.87819271948441,-12.578372104644918,0.07960251289197,1.3410382207255238
19.669268878272646,21409.89826083085,62419.607272923,16.191999985799214,310.8130000050144,21442.51257449865,62436.69556708245,-179.40640014577755,31.219875791499305,-12.518168012904358,-0.3811794521434989,1.333812665514282
19.703736655879663,21408.07138262211,62418.86011350528,16.315999979087554,310.78500000326227,21441.02002767807,62436.02332543673,-179.42280138081642,31.550895747311174,-12.195852036451592,-0.5740494111374425,1.2945174486567816
19.76032556342675,21406.231465675683,62418.13143378544,16.40599998998468,310.76700000512534,21439.51969070292,62435.36227019272,-179.42928603511578,31.883431656646863,-12.075572064391459,-0.22661682685554885,1.279553124987153
19.655378892563704,21404.40452294268,62417.402798757605,16.458999988856608,310.7310000034737,21438.019369519083,62434.678809770296,-179.45355245627346,32.19442375358633,-11.506964053345547,-0.843268236355746,1.2085680565819148
19.73923332138833,21402.57757978522,62416.67416425867,16.554999979453708,310.7260000016597,21436.50358172922,62433.99560057378,-179.4467682095333,32.49206956733381,-11.46324003096464,0.23378810030603878,1.2029512061530137
19.731516672379765,21400.737661549803,62415.945486146775,16.68699997843191,310.6990000060185,21434.97993465425,62433.31214952943,-179.4619568325539,32.79445616760355,-10.960260098212279,-0.5211173125278884,1.137500791074537
19.77627330374948,21398.89774288009,62415.2168085759,16.78499999086498,310.67100000199724,21433.432851975,62432.650838541806,-179.47828440233556,33.086162397550545,-10.768583926384208,-0.5560017800809672,1.1125967467207782
